Belgium,Bulgaria,Czech Republic,Denmark,Germany,Estonia,Greece,Spain,France,Ireland,Italy,Cyprus,Latvia,Lithuania,Luxembourg,Hungary,Malta,Netherlands,Austria,Poland,Portugal,Romania,Slovenia,Slovakia,Finland,Sweden,United Kingdom,Croatia,FYROM,Turkey,Norway,Albania,Kosovo,Montenegro,clazz
55.0,53.3,57.2,52.6,53.8,48.3,60.3,56.4,52.5,54.2,59.9,55.2,48.6,48.0,57.1,54.1,66.7,54.1,53.6,55.0,53.2,56.5,54.1,56.0,51.1,52.4,53.4,54.1,61.4,72.4,52.5,55.5,72.9,57.1,0.0
45.0,46.7,42.8,47.4,46.2,51.7,39.7,43.6,47.5,45.8,40.1,44.8,51.4,52.0,42.9,45.9,33.3,45.9,46.4,45.0,46.8,43.5,45.9,44.0,48.9,47.6,46.6,45.9,38.6,27.6,47.5,44.5,27.1,42.9,0.0
31.8,30.4,28.5,33.1,29.7,29.2,31.1,35.2,31.6,38.9,29.8,33.7,32.4,30.4,32.6,33.2,45.5,35.3,33.4,38.9,31.0,32.7,36.8,34.0,32.7,29.4,33.7,28.4,33.9,50.9,32.7,27.1,45.1,41.4,0.0
45.1,40.6,44.1,37.8,40.9,41.3,41.4,42.5,44.5,36.3,42.3,37.8,38.8,41.2,47.5,39.9,32.1,36.2,40.6,38.8,37.6,39.8,38.8,40.4,33.8,38.0,39.1,38.2,40.9,34.0,37.5,42.8,30.4,33.2,0.0
23.1,29.1,27.4,29.1,29.3,29.5,27.5,22.3,23.9,24.8,27.9,28.6,28.7,28.5,19.9,26.9,22.5,28.5,26.0,22.3,31.3,27.6,24.5,25.6,33.5,32.6,27.1,33.4,25.1,15.2,29.8,30.1,24.5,25.3,0.0
14.1,11.5,14.1,17.9,58.7,39.0,27.6,27.9,14.6,17.6,27.1,24.3,10.0,10.1,22.7,11.0,53.4,28.0,11.8,6.8,65.7,23.4,9.3,4.3,11.3,9.9,52.6,50.3,21.0,52.9,9.8,38.7,12.9,5.9,0.0
38.9,67.2,69.0,47.4,11.4,27.3,33.9,40.3,47.2,46.2,56.8,40.4,56.8,41.3,35.3,63.9,16.0,37.5,75.9,67.6,20.8,58.1,61.9,80.7,44.9,54.2,16.6,32.8,58.9,30.7,48.7,41.8,54.5,67.7,0.0
47.0,21.3,16.9,34.7,29.9,33.7,38.5,31.8,38.2,36.3,16.1,35.2,33.2,48.6,41.9,25.1,30.6,34.6,12.4,25.5,13.4,18.5,28.8,15.0,43.8,35.9,30.9,16.9,20.0,16.4,41.6,19.5,32.6,26.4,0.0
8.9,7.4,13.2,4.2,6.3,7.0,27.1,8.6,9.5,11.4,14.9,12.9,4.6,9.9,6.6,8.0,8.1,11.5,6.9,18.7,13.9,19.6,6.3,10.4,8.2,7.6,10.1,9.3,16.9,29.1,4.6,41.4,22.9,9.5,0.0
5.7,4.1,5.5,5.1,4.5,3.4,7.7,4.1,3.4,5.2,5.9,6.3,2.8,3.3,4.8,4.3,4.9,3.4,5.7,3.1,3.2,2.2,5.6,2.6,2.8,2.3,3.5,5.8,6.1,7.5,1.5,8.7,21.3,8.4,0.0
83.1,86.3,78.2,90.0,87.3,89.0,64.7,85.9,83.9,81.5,76.6,80.6,91.8,86.5,85.5,84.7,86.5,82.5,84.6,73.4,79.3,68.7,79.2,83.7,85.9,87.8,84.5,78.9,71.1,63.3,92.8,49.4,54.5,80.9,0.0
2.2,2.2,3.2,0.7,2.0,0.6,0.5,1.5,3.2,1.8,2.6,0.2,0.9,0.3,3.2,2.9,0.5,2.7,2.8,4.8,3.6,9.5,8.9,3.3,3.1,2.3,1.9,5.9,5.9,0.1,1.1,0.5,1.3,1.2,0.0
86.5,83.1,83.9,85.1,82.2,84.5,57.5,67.6,83.0,61.5,80.1,52.4,83.9,87.5,88.2,86.7,61.2,77.5,84.7,71.7,70.6,88.9,81.8,83.8,82.1,86.3,82.2,85.3,68.5,33.1,86.3,54.1,48.9,64.6,0.0
8.4,11.8,14.3,9.1,10.4,9.5,11.0,18.1,12.1,12.0,11.9,6.3,11.7,8.5,7.4,10.6,9.9,15.4,6.5,21.5,15.8,7.9,14.2,13.1,13.9,8.5,7.3,11.8,16.6,2.3,7.9,14.7,32.1,23.9,0.0
3.7,1.3,0.9,0.2,0.7,0.6,1.1,2.4,1.8,1.9,0.9,2.4,0.6,0.8,1.8,1.1,0.8,2.2,1.5,0.9,1.7,0.3,1.4,0.5,0.9,2.0,1.4,0.7,1.4,0.5,2.0,0.8,1.7,0.6,0.0
0.2,0.1,0.0,1.4,3.1,0.3,0.2,0.3,0.7,0.8,1.3,0.0,0.3,0.0,1.6,0.3,0.1,1.5,1.9,0.6,0.3,0.1,0.3,0.0,0.7,0.1,0.5,0.4,0.1,0.1,1.4,0.0,1.5,0.9,0.0
0.7,3.2,0.6,4.0,3.4,5.2,28.3,7.1,1.4,23.3,3.5,38.4,3.4,3.3,0.6,1.4,27.3,3.3,5.3,3.6,11.1,2.3,1.9,2.0,1.1,0.1,8.1,1.3,12.5,63.9,1.8,26.1,15.4,10.0,0.0
0.6,0.6,0.4,0.3,0.1,0.0,1.9,4.5,1.1,0.6,2.4,0.5,0.1,0.0,0.4,0.0,0.8,0.3,0.2,1.6,0.6,0.5,0.5,0.7,1.4,3.1,0.5,0.4,0.8,0.2,0.7,4.3,0.5,0.0,0.0
2.0,8.3,3.2,2.0,1.8,3.2,12.2,5.0,3.3,3.6,2.9,1.7,7.8,10.8,1.5,4.9,1.9,4.3,2.7,13.7,8.1,24.3,5.0,4.2,3.7,1.4,2.0,11.0,10.0,21.1,2.1,23.1,10.9,5.7,0.0
16.6,22.6,26.0,16.1,22.0,22.6,11.3,13.6,14.9,13.8,20.8,11.7,17.7,16.3,6.6,22.7,16.7,10.2,17.7,19.8,17.3,21.3,26.6,25.1,17.4,14.5,10.9,19.4,25.6,20.3,12.7,13.9,15.5,14.0,0.0
6.7,8.6,9.4,7.5,6.8,9.0,8.9,9.5,7.2,9.0,7.7,10.3,6.4,7.4,7.0,7.5,6.0,7.5,8.6,8.2,11.3,8.8,6.2,11.3,7.4,3.4,8.4,7.4,7.5,5.1,7.5,9.9,10.7,7.8,0.0
17.6,22.6,17.8,17.5,17.2,17.9,24.8,23.2,17.1,21.2,20.0,26.3,19.6,20.8,13.6,18.9,23.3,19.0,21.8,17.8,21.2,15.4,16.7,18.4,15.8,15.7,19.7,19.8,18.6,20.7,16.7,20.9,23.8,30.8,0.0
6.9,7.6,7.7,4.6,4.9,9.0,4.4,5.2,6.1,4.2,5.9,4.6,9.4,6.5,5.7,6.4,7.0,5.7,5.3,5.8,2.4,4.7,5.8,7.2,5.5,6.2,6.8,7.1,5.7,4.7,5.5,5.0,3.9,4.3,0.0
4.2,1.9,4.6,3.1,6.0,2.2,1.9,1.9,3.9,5.5,3.6,6.8,4.6,1.7,11.4,2.1,5.0,5.8,5.6,2.7,1.2,1.2,3.8,2.9,2.6,4.6,4.9,1.8,2.2,2.4,3.5,0.7,1.5,1.4,0.0
6.1,6.3,5.5,5.2,5.1,6.3,9.0,5.8,8.8,4.4,7.0,9.4,6.6,4.3,7.3,8.6,12.8,5.3,5.4,4.4,6.4,4.9,7.0,6.2,2.9,7.9,6.7,7.7,5.6,4.4,5.9,4.8,6.7,9.6,0.0
11.3,5.5,7.0,9.1,7.4,11.1,8.2,9.2,8.5,7.0,7.7,6.3,9.5,11.3,11.1,7.5,8.0,9.0,6.5,8.7,8.1,5.9,7.1,7.8,9.5,10.0,8.4,6.5,7.2,5.5,14.4,9.6,11.8,6.2,0.0
11.8,6.9,7.5,19.9,12.9,4.6,4.1,6.0,12.7,15.1,5.7,4.1,4.8,7.8,12.4,6.8,6.2,18.4,10.9,7.4,7.8,4.6,6.0,7.1,14.8,15.5,13.2,4.2,5.3,3.4,14.5,4.8,4.4,6.0,0.0
16.8,9.6,11.3,14.9,16.0,14.1,15.2,20.6,17.5,16.4,18.6,18.7,13.5,13.1,23.3,14.7,13.2,14.9,15.6,11.3,16.2,8.8,15.9,9.7,20.4,20.8,19.0,15.2,12.2,12.4,17.2,7.2,11.0,14.4,0.0
0.3,0.4,0.0,0.5,0.3,0.3,1.4,0.4,0.3,0.3,0.5,1.0,0.3,0.5,0.2,0.7,2.4,0.7,0.2,0.1,0.4,0.4,0.5,0.2,0.3,1.4,0.0,0.3,0.5,0.2,0.3,0.6,0.2,0.6,0.0
9.8,6.0,6.6,5.1,5.1,11.1,7.3,7.9,7.6,14.6,4.0,5.3,7.5,9.6,4.2,6.8,8.2,10.1,5.3,5.3,4.5,2.9,8.8,4.2,9.7,5.1,14.8,5.1,5.8,7.0,6.0,6.2,18.5,8.2,0.0
22.7,12.9,12.3,25.1,17.0,17.0,16.1,16.6,16.0,19.8,12.1,15.8,19.0,18.9,29.6,14.2,16.1,21.6,12.3,16.5,10.5,12.1,15.2,12.3,19.4,20.3,17.1,11.7,9.5,8.2,25.4,15.9,20.0,11.6,0.0
11.9,11.1,21.7,17.6,20.4,13.5,8.5,11.0,18.9,9.0,19.2,13.0,14.0,13.1,21.0,12.2,14.7,18.0,19.7,11.5,10.3,8.9,19.7,15.9,17.4,22.1,12.0,15.9,11.0,6.9,16.7,6.7,7.6,17.9,0.0
13.0,5.9,7.3,7.8,10.3,6.7,9.5,9.0,8.9,11.6,11.5,12.4,4.8,4.1,9.1,9.0,10.8,11.2,12.3,7.1,8.7,4.5,8.1,6.0,6.3,7.4,11.4,11.0,6.0,5.0,6.5,2.0,2.7,9.3,0.0
13.7,18.7,14.9,18.5,16.0,15.7,16.6,17.5,16.5,20.8,16.3,17.1,16.3,15.0,11.1,15.6,17.5,15.4,16.8,15.7,21.4,12.4,12.9,17.6,16.9,20.9,18.5,16.2,14.4,16.3,22.2,14.8,22.3,24.1,0.0
1.4,4.2,0.7,1.3,1.5,1.8,11.1,1.3,3.4,2.5,2.2,1.9,2.4,6.5,0.9,2.8,1.0,1.6,2.7,11.6,7.1,20.1,4.5,1.2,2.4,0.7,1.1,9.5,2.1,18.2,1.4,27.5,4.7,5.0,0.0
10.6,14.8,17.3,10.3,15.2,14.2,14.2,13.9,11.5,10.1,16.7,12.7,11.7,15.3,10.0,17.3,12.1,8.3,15.0,15.4,18.9,18.0,10.6,19.5,11.5,10.0,9.1,12.7,12.5,14.7,10.4,12.5,13.3,9.7,0.0
7.8,13.8,15.5,5.7,7.0,13.0,6.9,6.8,6.8,4.2,7.3,5.0,11.5,10.1,3.8,12.4,6.8,4.9,6.2,9.6,7.5,10.4,12.2,12.6,9.6,8.0,4.9,9.2,14.1,9.2,6.8,5.3,3.7,7.7,0.0
8.9,12.2,3.7,8.2,7.2,6.6,8.3,15.6,10.2,7.0,10.2,15.7,12.6,7.0,10.0,9.1,10.4,8.3,9.4,7.1,10.9,10.3,7.6,10.6,6.5,4.0,11.1,8.5,24.1,14.3,4.3,8.6,7.0,5.9,0.0
26.1,33.1,27.0,35.0,23.6,34.8,21.4,34.6,26.0,31.6,20.9,31.6,40.7,36.4,21.3,31.4,29.5,31.6,23.4,33.3,24.0,29.9,21.3,36.8,27.2,28.6,35.0,18.3,31.7,33.3,30.8,25.4,34.1,35.6,0.0
24.4,27.0,26.2,22.5,25.9,26.5,23.1,22.0,22.0,26.7,19.6,19.8,23.3,26.0,25.7,23.5,21.0,19.8,26.4,22.0,21.3,24.2,24.0,24.7,23.4,20.6,25.6,21.4,19.6,21.9,19.6,25.6,24.8,23.4,0.0
49.6,39.9,46.8,42.5,50.6,38.8,55.5,43.5,52.0,41.7,59.5,48.6,36.0,37.7,53.1,45.1,49.6,48.6,50.2,44.7,54.7,45.9,54.8,38.4,49.5,50.8,39.4,60.3,48.7,44.8,49.6,49.0,41.2,41.0,0.0
89.2,93.1,88.3,91.1,89.0,90.7,95.8,89.1,91.1,83.6,93.8,90.7,90.9,88.2,89.3,90.6,85.9,87.9,88.3,91.0,92.3,93.4,87.7,94.5,92.2,92.8,86.5,90.3,90.5,96.1,93.7,91.6,89.2,87.7,0.0
4.0,2.6,5.0,3.1,4.7,2.7,1.5,5.0,3.0,6.6,2.8,3.0,3.1,2.7,3.8,4.2,5.6,4.6,5.8,3.3,3.8,2.6,4.6,2.5,2.4,3.2,5.5,4.0,1.8,1.6,2.7,1.7,2.0,3.6,0.0
6.9,4.3,6.8,5.7,6.3,6.6,2.7,5.9,5.9,9.8,3.4,6.3,6.1,9.1,6.9,5.2,8.6,7.5,5.9,5.7,3.9,4.1,7.7,3.0,5.4,4.0,8.0,5.6,7.6,2.3,3.7,6.7,8.8,8.8,0.0
36.2,38.4,39.0,34.2,35.8,33.5,43.3,36.0,35.7,28.1,36.6,33.8,35.8,36.2,40.0,40.1,51.1,35.7,38.1,39.0,39.8,39.9,37.9,39.4,36.1,37.9,30.7,35.7,39.9,40.5,32.5,34.4,52.2,41.2,0.0
28.7,30.2,29.2,36.4,28.2,37.0,15.5,20.8,26.8,26.4,22.4,27.5,35.1,41.8,25.5,30.8,18.6,28.2,27.5,30.4,29.3,26.2,33.7,27.7,36.4,32.0,26.1,28.6,25.0,10.5,35.9,21.3,13.8,24.4,0.0
23.1,15.5,14.3,14.2,22.5,7.6,28.6,27.3,21.6,29.0,20.4,20.6,13.2,13.6,23.3,19.2,18.1,19.7,18.5,15.2,16.0,11.7,17.4,14.0,12.8,20.1,27.1,21.1,17.2,17.1,21.2,19.6,18.2,23.0,0.0
12.0,16.0,17.5,15.2,13.5,21.9,12.5,15.9,15.9,16.5,20.6,18.1,15.8,8.4,11.2,9.9,12.3,16.5,15.9,15.4,14.9,22.2,11.0,18.9,14.7,10.0,16.1,14.7,17.9,31.8,10.4,24.6,15.8,11.4,0.0
72.0,68.4,73.1,65.4,76.2,58.9,83.8,76.5,71.6,68.3,78.1,74.7,62.4,64.1,73.4,68.0,81.4,71.5,73.4,67.9,70.3,73.7,67.2,69.0,61.9,60.8,61.2,73.4,75.4,88.2,62.4,78.4,89.5,78.8,0.0
28.0,31.6,26.9,34.6,23.8,41.1,16.2,23.5,28.4,31.7,21.9,25.3,37.6,35.9,26.6,32.0,18.6,28.5,26.6,32.1,29.7,26.3,32.8,31.0,38.1,39.2,38.8,26.6,24.6,11.8,37.6,21.6,10.5,21.2,0.0
57.0,78.9,61.1,47.1,55.6,56.6,69.5,62.4,63.8,55.4,66.6,54.3,58.1,57.8,51.8,64.7,47.3,54.0,55.7,70.8,60.3,73.4,61.6,57.3,44.1,42.8,51.3,59.5,73.8,77.1,51.9,73.4,56.4,69.2,0.0
43.0,21.1,38.9,52.9,44.4,43.4,30.5,37.6,36.2,44.6,33.4,45.7,41.9,42.2,48.2,35.3,52.7,46.0,44.3,29.2,39.7,26.6,38.4,42.7,55.9,57.2,48.7,40.5,26.2,22.9,48.1,26.6,43.6,30.8,0.0
69.4,77.7,64.6,51.8,68.9,58.5,74.6,75.2,65.1,62.4,76.5,61.3,63.0,69.4,66.1,72.2,56.4,62.9,67.7,81.8,69.7,71.2,71.1,67.1,47.8,49.8,60.1,68.1,79.5,79.2,59.0,78.0,62.4,73.5,0.0
30.6,22.3,35.4,48.2,31.1,41.5,25.4,24.8,34.9,37.6,23.5,38.7,37.0,30.6,33.9,27.8,43.6,37.1,32.3,18.2,30.3,28.8,28.9,32.9,52.2,50.2,39.9,31.9,20.5,20.8,41.0,22.0,37.6,26.5,0.0
83.7,70.2,65.7,90.3,88.5,64.9,80.6,75.5,88.1,74.4,86.0,80.9,68.6,59.7,90.4,75.9,81.5,85.9,89.4,82.0,81.9,75.7,73.0,86.3,84.5,78.2,87.1,73.2,71.0,78.7,89.9,88.2,81.0,79.4,0.0
16.3,29.8,34.3,9.7,11.5,35.1,19.4,24.5,11.9,25.6,14.0,19.1,31.4,40.3,9.6,24.1,18.5,14.1,10.6,18.0,18.1,24.3,27.0,13.7,15.5,21.8,12.9,26.8,29.0,21.3,10.1,11.8,19.0,20.6,0.0
9.0,8.9,8.5,15.6,6.3,22.3,9.7,11.8,11.2,22.6,13.6,9.9,24.4,16.6,6.9,11.6,14.6,15.5,10.6,7.5,10.7,12.3,13.2,9.9,13.9,12.5,12.2,9.6,10.8,9.1,12.5,15.2,4.3,11.1,0.0
70.1,84.8,75.8,63.3,69.5,65.3,79.1,75.7,67.7,64.9,70.9,84.2,63.6,74.6,69.7,72.1,71.7,61.9,71.8,79.3,70.2,75.3,66.3,71.3,67.9,64.3,69.4,79.1,76.7,81.0,66.7,69.2,84.4,78.8,0.0
20.9,6.4,15.7,21.1,24.2,12.3,11.1,12.5,21.1,12.5,15.5,5.9,12.0,8.8,23.3,16.3,13.7,22.6,17.6,13.2,19.0,12.4,20.5,18.9,18.3,23.2,18.5,11.3,12.5,9.9,20.8,15.5,11.3,10.1,0.0
9.7,20.7,16.4,16.2,9.5,53.3,28.4,16.4,13.6,48.3,16.8,16.4,70.7,66.1,8.0,24.1,14.2,14.1,11.0,13.9,13.2,32.7,20.9,21.5,11.6,8.8,14.1,30.2,20.6,18.4,9.3,35.4,10.0,37.9,0.0
56.8,68.1,65.5,40.1,63.8,37.8,57.7,66.0,58.5,43.2,66.1,48.8,25.2,29.7,56.3,57.8,42.1,41.2,55.6,59.7,54.3,56.9,62.8,60.4,40.1,30.6,50.2,55.9,65.3,58.4,31.7,49.4,71.5,54.8,0.0
33.5,11.2,18.1,43.8,26.7,8.8,13.9,17.6,27.9,8.6,17.1,34.8,4.1,4.3,35.8,18.1,43.8,44.7,33.4,26.4,32.5,10.4,16.3,18.1,48.3,60.6,35.7,13.8,14.1,23.3,59.0,15.1,18.5,7.3,0.0
58.2,79.8,70.4,54.6,75.9,79.0,75.4,76.0,59.9,81.9,70.4,75.9,82.6,84.7,68.0,85.1,64.1,51.7,69.1,62.5,80.9,82.4,65.4,78.6,55.3,54.8,57.0,82.4,74.2,70.2,42.9,91.5,76.7,75.8,0.0
41.8,20.2,29.6,45.4,24.1,21.0,24.6,24.0,40.1,18.1,29.6,24.1,17.4,15.3,32.0,14.9,35.9,48.3,30.9,37.5,19.1,17.6,34.6,21.4,44.7,45.2,43.0,17.6,25.8,29.8,57.1,8.5,23.3,24.2,0.0
90.9,96.2,87.1,85.1,90.4,90.4,93.0,96.0,94.5,94.8,94.5,96.2,88.0,95.5,93.7,91.4,91.3,91.7,91.3,93.3,94.7,93.8,88.7,91.0,88.2,88.7,94.6,93.1,93.0,96.8,81.0,94.3,93.8,93.0,0.0
9.1,3.8,12.9,14.9,9.6,9.6,7.0,4.0,5.5,5.2,5.5,3.8,12.0,4.5,6.3,8.6,8.7,8.3,8.7,6.7,5.3,6.2,11.3,9.0,11.8,11.3,5.4,6.9,7.0,3.2,19.0,5.7,6.2,7.0,0.0
10.7,3.4,4.9,14.2,13.6,8.0,6.5,9.1,10.3,18.9,11.6,3.6,7.0,6.0,12.0,7.3,7.5,27.9,14.5,8.9,9.3,6.9,8.6,6.3,9.1,12.0,20.4,4.7,7.1,3.5,13.4,5.5,12.7,7.1,0.0
17.8,5.1,5.9,16.4,11.3,9.8,9.0,15.5,11.5,15.1,13.0,10.9,12.5,9.0,10.7,5.6,8.8,23.1,11.9,6.5,7.6,6.9,6.4,4.7,11.0,12.8,13.7,4.9,5.6,7.8,14.3,12.2,6.3,7.2,0.0
53.8,62.7,48.1,50.1,54.8,67.7,39.0,53.3,61.9,42.2,52.5,64.0,59.7,65.2,59.5,62.6,59.6,32.3,57.2,48.0,58.6,45.8,58.1,48.5,66.5,55.3,41.0,58.2,39.0,17.2,55.4,22.8,27.8,34.4,0.0
5.0,6.2,18.7,9.0,10.5,4.0,5.4,7.4,6.9,8.5,6.9,7.3,5.3,7.6,5.7,7.0,8.8,3.7,5.5,7.9,8.4,4.4,8.3,17.0,4.7,10.2,8.4,8.5,7.8,8.1,9.0,7.8,5.9,7.2,0.0
12.7,22.6,22.5,10.2,9.8,10.5,40.2,14.7,9.4,15.3,16.1,14.2,15.5,12.3,12.1,17.6,15.3,13.1,11.0,28.6,16.2,36.0,18.5,23.5,8.6,9.7,16.5,23.6,40.5,63.4,7.8,51.7,47.4,44.1,0.0
36.94,42.26,41.46,34.83,36.52,38.38,45.24,37.6,35.66,35.21,36.82,39.56,39.3,39.33,37.99,40.56,39.83,31.93,36.61,41.9,39.14,43.56,40.15,41.75,37.01,37.2,35.68,42.26,43.14,50.94,35.44,46.35,44.19,43.07,0.0
66.3,67.1,69.3,65.3,71.0,62.7,80.8,76.5,64.1,66.9,82.1,81.6,62.4,74.9,77.2,60.3,80.8,66.4,76.1,71.6,89.7,59.9,70.7,79.0,67.7,70.2,63.0,77.2,71.3,73.3,79.6,73.4,90.1,86.5,0.0
33.7,32.9,30.7,34.7,29.0,37.3,19.2,23.5,35.9,33.1,17.9,18.4,37.6,25.1,22.8,39.7,19.2,33.6,23.9,28.4,10.3,40.1,29.3,21.0,32.3,29.8,37.0,22.8,28.7,26.7,20.4,26.6,9.9,13.5,0.0
79.8,78.1,73.3,79.4,79.6,78.4,79.1,86.7,85.1,73.9,85.6,88.9,78.4,83.8,81.1,77.1,76.1,84.3,80.6,77.5,79.9,79.0,78.4,80.5,75.5,79.9,78.8,82.9,77.3,90.7,80.0,83.9,87.4,77.9,0.0
4.4,3.6,4.3,7.7,5.3,4.5,4.8,2.3,3.6,6.2,2.8,2.6,4.6,3.8,4.6,4.5,4.2,5.6,4.1,3.5,2.1,3.2,5.6,2.2,8.8,6.2,3.9,2.5,3.1,1.3,6.0,2.0,2.0,2.3,0.0
15.8,18.3,22.4,12.9,15.1,17.0,16.1,11.0,11.3,19.9,11.6,8.6,17.0,12.4,14.3,18.4,19.7,10.2,15.3,19.0,18.0,17.8,16.0,17.3,15.7,13.9,17.3,14.6,19.5,8.0,14.0,14.1,10.6,19.8,0.0
55.5,59.8,53.7,43.3,52.6,50.9,44.5,54.6,64.5,50.8,59.8,72.1,53.4,60.5,56.7,63.4,64.6,49.8,51.5,55.1,60.9,52.0,51.8,60.9,43.3,44.0,53.2,61.0,59.6,71.4,45.9,59.5,71.1,55.4,0.0
7.7,5.7,6.9,17.3,8.4,9.3,5.8,3.4,7.1,9.9,6.1,5.4,9.6,6.4,8.7,4.7,5.9,13.0,8.1,4.4,3.1,5.9,8.1,5.5,14.9,17.5,7.8,2.6,6.1,2.4,13.5,3.7,4.9,2.3,0.0
36.8,34.6,39.4,39.4,39.1,39.9,49.7,42.1,28.3,39.3,34.1,22.5,37.1,33.1,34.6,31.9,29.5,37.2,40.4,40.5,35.9,42.1,40.1,33.6,41.8,38.5,38.9,36.4,34.3,26.2,40.6,36.7,24.0,42.3,0.0
72.7,60.5,61.6,58.3,74.5,57.8,65.6,78.4,77.0,66.2,77.1,80.6,65.2,65.5,76.1,69.5,70.6,70.5,74.1,65.8,77.3,61.1,68.5,70.9,61.7,61.6,64.2,70.8,53.0,65.3,66.6,41.1,65.8,56.0,0.0
17.2,22.8,28.0,32.1,19.6,25.7,13.8,11.7,15.2,20.1,13.8,11.2,22.4,19.6,13.7,22.5,16.4,20.6,17.1,17.4,6.8,17.5,19.9,22.3,26.8,29.3,20.7,13.9,18.4,4.5,27.4,10.1,17.1,17.0,0.0
10.1,16.7,10.3,9.7,5.9,16.5,20.5,9.8,7.8,13.7,9.1,8.3,12.4,14.9,10.3,8.0,13.0,8.9,8.9,16.8,15.8,21.4,11.6,6.8,11.4,9.1,15.1,15.3,28.6,30.2,6.0,48.8,17.1,26.9,0.0
55.4,42.7,43.0,54.0,47.3,48.5,37.1,57.1,51.3,50.3,44.2,57.0,48.3,50.4,54.6,53.6,48.1,58.0,53.7,37.9,53.2,33.2,42.8,49.4,55.6,61.5,46.8,43.1,40.1,24.2,57.8,20.0,36.6,29.1,0.0
24.0,27.2,37.8,35.1,36.0,30.8,15.6,15.4,23.5,26.1,16.6,12.2,31.3,26.2,22.3,31.8,20.9,23.2,26.8,28.2,14.8,26.2,32.3,35.2,28.4,28.7,30.3,21.8,22.0,3.9,35.0,7.5,13.5,13.1,0.0
20.6,30.1,19.2,10.9,16.7,20.7,47.3,27.5,25.1,23.6,39.2,30.7,20.3,23.5,23.1,14.6,31.0,18.8,19.5,34.0,32.0,40.7,24.9,15.4,16.1,9.9,22.9,35.1,37.9,71.8,7.1,72.5,49.9,57.7,0.0
69.5,66.6,50.8,53.4,64.7,61.6,65.3,79.6,65.9,62.2,71.7,77.5,63.2,67.5,61.7,66.3,67.1,61.2,64.0,60.8,75.2,61.4,54.4,59.8,52.2,48.8,64.4,69.3,63.2,71.6,55.9,60.8,79.3,70.1,0.0
7.8,6.2,11.2,20.4,10.6,9.9,6.5,6.5,9.8,11.0,9.4,5.7,8.7,7.3,10.8,8.0,6.9,13.8,6.8,7.3,6.7,4.0,14.8,10.2,23.1,21.0,9.2,4.6,8.4,2.7,18.8,5.9,5.5,6.1,0.0
22.7,27.2,38.0,26.3,24.7,28.4,28.2,13.9,24.2,26.8,18.9,16.7,28.1,25.2,27.5,25.7,26.0,25.0,29.3,31.8,18.1,34.6,30.8,30.0,24.7,30.2,26.4,26.1,28.4,25.8,25.3,33.3,15.3,23.8,0.0
50.0,27.8,49.8,66.6,50.3,46.3,36.7,27.8,45.2,39.0,32.9,22.8,34.5,33.2,41.3,33.5,27.3,51.5,54.3,44.9,27.3,41.0,45.1,38.5,51.4,54.4,40.9,38.0,36.3,24.1,47.2,39.5,22.5,37.8,0.0
50.0,72.2,50.2,33.4,49.7,53.7,63.3,72.2,54.8,61.0,67.1,77.2,65.5,66.8,58.7,66.5,72.7,48.5,45.7,55.1,72.7,59.0,54.9,61.5,48.6,45.6,59.1,62.0,63.7,75.9,52.8,60.5,77.5,62.2,0.0
21.2,22.3,37.5,33.0,23.3,37.9,17.7,15.1,23.7,22.7,13.2,8.4,28.6,26.5,22.8,22.6,17.8,24.4,28.7,33.7,14.4,27.4,31.6,29.4,29.9,32.4,21.7,31.8,30.3,20.0,29.4,23.1,16.9,26.5,0.0
78.8,77.7,62.5,67.0,76.7,62.1,82.3,84.9,76.3,77.3,86.8,91.6,71.4,73.5,77.2,77.4,82.2,75.6,71.3,66.3,85.6,72.6,68.4,70.6,70.1,67.6,78.3,68.2,69.7,80.0,70.6,76.9,83.1,73.5,0.0
31.8,26.8,45.7,44.2,35.0,43.0,28.4,24.1,34.0,30.3,22.5,15.2,32.2,30.1,32.9,28.8,22.1,37.9,39.7,40.8,25.6,38.8,41.5,35.4,38.7,43.5,31.4,38.6,37.2,26.7,41.4,34.0,21.9,35.5,0.0
68.2,73.2,54.3,55.8,65.0,57.0,71.6,75.9,66.0,69.7,77.5,84.8,67.8,69.9,67.1,71.2,77.9,62.1,60.3,59.2,74.4,61.2,58.5,64.6,61.3,56.5,68.6,61.4,62.8,73.3,58.6,66.0,78.1,64.5,0.0
40.5,26.7,41.7,43.4,41.2,40.6,37.2,29.0,34.6,40.0,36.7,24.4,30.6,33.7,39.4,31.9,28.6,44.1,43.7,34.3,28.3,44.6,40.1,36.3,49.7,40.3,43.6,30.0,36.7,39.9,44.3,47.5,25.0,36.3,0.0
59.5,73.3,58.3,56.6,58.8,59.4,62.8,71.0,65.4,60.0,63.3,75.6,69.4,66.3,60.6,68.1,71.4,55.9,56.3,65.7,71.7,55.4,59.9,63.7,50.3,59.7,56.4,70.0,63.3,60.1,55.7,52.5,75.0,63.7,0.0
79.7,78.6,63.8,79.8,81.2,75.6,56.5,92.3,72.0,79.0,86.8,69.9,78.0,87.4,72.1,89.6,80.4,86.4,82.5,73.8,77.8,49.4,86.1,74.6,90.2,87.8,85.5,62.6,65.1,84.6,87.2,66.0,34.1,72.1,0.0
20.3,21.4,36.2,20.2,18.8,24.4,43.5,7.7,28.0,21.0,13.2,30.1,22.0,12.6,27.9,10.4,19.6,13.6,17.5,26.2,22.2,50.6,13.9,25.4,9.8,12.2,14.5,37.4,34.9,15.4,12.8,34.0,65.9,27.9,0.0
86.4,77.6,75.5,92.8,83.4,81.6,83.7,82.2,81.1,83.1,84.9,91.7,79.2,78.7,88.3,82.6,79.4,93.0,87.6,78.4,89.4,79.4,75.1,77.0,77.7,89.0,82.7,63.6,72.9,96.1,81.6,87.4,79.7,62.4,0.0
13.6,22.4,24.5,7.2,16.6,18.4,16.3,17.8,18.9,16.9,15.1,8.3,20.8,21.3,11.7,17.4,20.6,7.0,12.4,21.6,10.6,20.6,24.9,23.0,22.3,11.0,17.3,36.4,27.1,3.9,18.4,12.6,20.3,37.6,0.0
23.9,16.5,33.2,37.1,34.4,19.0,42.6,30.5,27.9,29.1,25.1,26.7,18.1,17.4,27.3,26.0,21.8,24.7,27.0,26.3,36.4,20.1,23.4,30.1,30.3,46.0,28.7,24.5,32.0,56.3,27.0,39.8,28.4,41.7,0.0
63.1,71.0,58.1,49.9,52.2,64.3,46.2,57.5,55.5,48.0,56.8,60.0,54.2,62.0,63.2,61.3,57.9,57.7,66.2,60.8,49.2,65.2,60.8,52.9,57.4,40.4,58.9,61.6,53.1,42.3,58.6,48.4,63.9,48.0,0.0
13.0,12.5,8.7,13.0,13.4,16.7,11.2,12.0,16.6,22.8,18.1,13.2,27.7,20.7,9.6,12.7,20.3,17.6,6.9,12.9,14.4,14.7,15.8,17.0,12.3,13.6,12.4,13.9,14.9,1.4,14.5,11.8,7.6,10.3,0.0
1.0,0.5,0.2,1.6,0.9,1.0,0.4,0.2,1.1,3.3,0.0,0.0,0.3,0.1,0.6,0.7,0.4,5.3,1.4,1.0,0.3,0.8,0.8,0.8,1.6,1.2,2.3,0.5,0.1,0.4,1.2,0.5,0.0,0.3,0.0
2.0,0.8,0.8,8.0,2.4,2.8,0.8,0.7,1.4,5.0,1.2,0.7,2.0,2.2,1.2,0.8,1.0,8.0,2.3,1.9,0.5,1.8,1.5,1.5,2.7,3.2,4.4,0.4,1.0,0.9,4.2,0.4,0.6,1.2,0.0
4.0,1.1,3.4,4.1,4.5,4.2,1.3,1.5,2.8,11.4,1.9,0.9,5.9,2.8,3.9,3.2,3.7,16.5,4.3,2.4,0.8,2.4,2.2,2.0,3.8,4.7,9.9,0.9,1.8,1.9,9.2,1.2,1.4,2.2,0.0
8.8,4.1,5.6,8.4,5.2,7.7,1.5,2.6,10.6,7.1,2.7,2.0,8.5,8.5,5.5,4.7,6.3,20.0,9.1,3.8,2.3,3.7,3.2,5.7,6.0,9.7,10.6,1.6,2.8,3.3,9.5,3.4,3.0,3.5,0.0
70.8,68.5,72.2,67.9,72.2,73.2,50.4,70.4,67.8,61.2,61.5,72.4,70.9,70.4,76.6,75.9,66.7,41.3,68.9,56.7,70.1,54.7,69.4,71.0,77.6,74.3,59.7,60.4,46.7,24.3,68.1,24.2,39.8,39.1,0.0
10.8,15.7,14.0,6.4,12.6,7.3,29.8,20.0,13.0,7.9,30.1,19.9,8.0,8.7,9.7,11.5,16.2,6.6,10.5,21.3,19.3,20.2,16.5,14.3,5.0,4.6,8.5,24.4,29.0,44.6,5.0,30.7,37.8,34.6,0.0
2.6,9.2,3.9,3.6,2.3,3.9,15.9,4.7,3.3,4.1,2.5,4.0,4.4,7.2,2.6,3.2,5.7,2.3,3.5,12.8,6.6,16.4,6.2,4.6,3.2,2.2,4.7,11.8,18.6,24.6,2.8,39.6,17.4,19.2,0.0
45.5,71.3,35.4,32.3,27.5,40.4,29.3,44.9,41.4,43.8,33.8,17.9,62.0,55.2,46.5,29.6,46.2,37.9,27.9,60.8,55.2,36.8,25.5,44.1,27.4,22.9,55.2,47.1,34.8,22.3,18.5,54.7,35.1,40.6,0.0
54.5,28.7,64.6,67.7,72.5,59.6,70.7,55.1,58.6,56.2,66.2,82.1,38.0,44.8,53.5,70.4,53.8,62.1,72.1,39.2,44.8,63.2,74.5,55.9,72.6,77.1,44.8,52.9,65.2,77.7,81.5,45.3,64.9,59.4,0.0
40.6,52.5,36.5,40.4,27.4,39.9,38.8,45.9,38.0,30.3,43.1,23.0,46.5,52.7,44.2,34.9,29.8,40.1,31.3,49.1,59.4,40.3,30.9,47.4,28.7,31.8,31.8,39.4,42.9,21.9,32.3,43.8,39.3,48.0,0.0
59.4,47.5,63.5,59.6,72.6,60.1,61.2,54.1,62.0,69.7,56.9,77.0,53.5,47.3,55.8,65.1,70.2,59.9,68.7,50.9,40.6,59.7,69.1,52.6,71.3,68.2,68.2,60.6,57.1,78.1,67.7,56.2,60.7,52.0,0.0
66.3,66.9,65.5,76.9,67.6,63.1,46.6,71.4,62.5,52.5,70.5,55.8,70.4,70.9,62.4,53.7,63.9,78.2,72.4,77.6,66.3,59.4,70.9,66.4,63.5,68.2,49.0,68.2,64.7,56.4,65.3,59.1,49.5,63.2,0.0
33.7,33.1,34.5,23.1,32.4,36.9,53.4,28.6,37.5,47.5,29.5,44.2,29.6,29.1,37.6,46.3,36.1,21.8,27.6,22.4,33.7,40.6,29.1,33.6,36.5,31.8,51.0,31.8,35.3,43.6,34.7,40.9,50.5,36.8,0.0
60.8,49.9,53.9,52.2,71.0,49.1,57.7,59.8,60.1,38.9,63.9,59.2,57.4,52.7,58.1,49.3,46.9,69.4,69.1,73.2,59.6,56.4,46.4,59.2,53.1,54.3,45.7,54.5,54.3,50.1,50.1,64.8,46.0,50.5,0.0
39.2,50.1,46.1,47.8,29.0,50.9,42.3,40.2,39.9,61.1,36.1,40.8,42.6,47.3,41.9,50.7,53.1,30.6,30.9,26.8,40.4,43.6,53.6,40.8,46.9,45.7,54.3,45.5,45.7,49.9,49.9,35.2,54.0,49.5,0.0
31.4,43.7,31.1,30.6,32.7,36.2,25.6,32.9,29.5,22.6,35.0,31.7,43.9,39.9,29.6,40.5,29.4,37.3,39.1,44.2,38.5,43.8,35.6,39.6,29.3,26.7,22.7,38.1,41.1,45.0,20.2,25.7,19.1,35.5,0.0
68.6,56.3,68.9,69.4,67.3,63.8,74.4,67.1,70.5,77.4,65.0,68.3,56.1,60.1,70.4,59.5,70.6,62.7,60.9,55.8,61.5,56.2,64.4,60.4,70.7,73.3,77.3,61.9,58.9,55.0,79.8,74.3,80.9,64.5,0.0
58.1,75.3,72.2,71.6,51.4,62.2,53.5,75.2,54.7,64.7,59.8,57.8,68.4,72.2,54.6,63.2,77.8,59.9,61.2,69.3,70.7,52.6,82.1,68.3,49.2,55.5,59.4,71.3,73.0,66.3,67.8,72.5,67.8,69.3,0.0
41.9,24.7,27.8,28.4,48.6,37.8,46.5,24.8,45.3,35.3,40.2,42.2,31.6,27.8,45.4,36.8,22.2,40.1,38.8,30.7,29.3,47.4,17.9,31.7,50.8,44.5,40.6,28.7,27.0,33.7,32.2,27.5,32.2,30.7,0.0
81.9,84.0,80.3,90.5,83.1,78.8,79.1,80.7,82.0,77.9,81.4,87.0,85.5,78.9,80.9,80.3,83.3,87.1,86.0,87.0,81.3,79.2,81.3,83.1,78.0,88.1,81.0,81.8,76.8,75.1,86.6,82.2,64.6,75.4,0.0
18.1,16.0,19.7,9.5,16.9,21.2,20.9,19.3,18.0,22.1,18.6,13.0,14.5,21.1,19.1,19.7,16.7,12.9,14.0,13.0,18.7,20.8,18.7,16.9,22.0,11.9,19.0,18.2,23.2,24.9,13.4,17.8,35.4,24.6,0.0
66.1,48.8,59.9,85.8,69.7,65.3,33.8,60.6,59.8,51.2,69.8,32.9,59.7,60.3,62.5,29.7,51.4,81.5,75.7,69.9,57.2,58.0,67.0,50.9,82.7,78.5,47.3,55.5,52.0,50.5,62.4,42.4,43.5,62.0,0.0
33.9,51.2,40.1,14.2,30.3,34.7,66.2,39.4,40.2,48.8,30.2,67.1,40.3,39.7,37.5,70.3,48.6,18.5,24.3,30.1,42.8,42.0,33.0,49.1,17.3,21.5,52.7,44.5,48.0,49.5,37.6,57.6,56.5,38.0,0.0
74.0,86.8,73.7,75.4,69.8,85.3,73.6,77.6,74.1,76.4,81.7,69.5,88.7,82.9,72.8,85.5,71.7,76.1,64.1,80.2,83.3,84.9,79.0,68.2,78.4,69.5,73.8,78.8,86.2,55.9,75.2,78.7,84.7,79.8,0.0
15.6,7.8,20.3,13.2,17.6,8.9,19.3,14.3,15.6,16.9,12.3,17.8,9.2,11.5,15.3,9.1,16.5,13.0,21.8,13.7,13.6,11.1,11.8,21.0,13.3,17.5,15.8,12.7,8.3,22.6,15.0,14.7,9.4,12.8,0.0
10.4,5.3,6.0,11.4,12.6,5.8,7.0,8.2,10.3,6.7,6.0,12.7,2.1,5.5,11.9,5.3,11.8,10.9,14.1,6.1,3.1,4.0,9.2,10.8,8.3,13.0,10.5,8.5,5.5,21.5,9.9,6.5,5.9,7.4,0.0
78.3,74.5,76.1,84.4,74.7,68.5,72.1,76.0,76.5,83.3,78.4,72.6,73.3,69.9,75.9,65.0,78.5,84.6,76.1,73.9,67.9,77.4,76.4,74.5,80.5,83.6,85.8,72.1,64.1,66.8,82.6,75.0,68.2,74.1,0.0
21.7,25.5,23.9,15.6,25.3,31.5,27.9,24.0,23.5,16.7,21.6,27.4,26.7,30.1,24.1,35.0,21.5,15.4,23.9,26.1,32.1,22.6,23.6,25.5,19.5,16.4,14.2,27.9,35.9,33.2,17.4,25.0,31.8,25.9,0.0
71.6,66.9,69.2,68.1,69.6,62.5,67.0,69.9,67.0,74.6,77.6,74.2,69.9,63.8,72.5,63.7,74.6,81.7,75.7,63.5,71.3,73.9,70.3,62.6,64.1,63.6,76.4,67.5,58.3,60.1,71.1,70.2,56.9,69.1,0.0
28.4,33.1,30.8,31.9,30.4,37.5,33.0,30.1,33.0,25.4,22.4,25.8,30.1,36.2,27.5,36.3,25.4,18.3,24.3,36.5,28.7,26.1,29.7,37.4,35.9,36.4,23.6,32.5,41.7,39.9,28.9,29.8,43.1,30.9,0.0
76.1,72.8,77.9,81.6,76.0,87.4,68.2,73.9,76.4,85.3,84.9,64.1,83.3,83.8,73.9,77.3,70.9,82.2,78.6,77.0,73.1,66.1,73.5,74.3,79.4,85.1,82.4,70.0,56.1,56.9,82.2,57.8,60.2,66.1,0.0
23.9,27.2,22.1,18.4,24.0,12.6,31.8,26.1,23.6,14.7,15.1,35.9,16.7,16.2,26.1,22.7,29.1,17.8,21.4,23.0,26.9,33.9,26.5,25.7,20.6,14.9,17.6,30.0,43.9,43.1,17.8,42.2,39.8,33.9,0.0
83.2,71.1,77.4,75.2,80.6,71.3,69.9,75.0,73.2,77.3,85.0,66.9,72.1,73.0,77.2,73.5,77.0,83.1,81.4,74.1,76.5,60.0,74.1,71.8,73.5,79.0,74.3,72.5,65.1,58.2,79.0,58.2,62.1,70.5,0.0
16.8,28.9,22.6,24.8,19.4,28.7,30.1,25.0,26.8,22.7,15.0,33.1,27.9,27.0,22.8,26.5,23.0,16.9,18.6,25.9,23.5,40.0,25.9,28.2,26.5,21.0,25.7,27.5,34.9,41.8,21.0,41.8,37.9,29.5,0.0
86.3,79.8,81.0,87.1,82.2,77.1,79.5,88.0,78.9,89.0,84.4,85.0,78.2,79.2,83.3,77.8,78.8,88.5,82.4,80.7,84.9,81.2,80.2,76.2,79.2,82.8,88.9,77.3,74.4,76.1,88.3,81.6,75.2,78.4,0.0
13.7,20.2,19.0,12.9,17.8,22.9,20.5,12.0,21.1,11.0,15.6,15.0,21.8,20.8,16.7,22.2,21.2,11.5,17.6,19.3,15.1,18.8,19.8,23.8,20.8,17.2,11.1,22.7,25.6,23.9,11.7,18.4,24.8,21.6,0.0
91.2,87.0,86.2,97.7,87.0,88.1,87.0,90.0,86.1,91.0,90.1,92.2,86.3,84.7,86.9,80.9,90.3,96.3,89.8,91.3,89.8,90.4,88.0,84.9,87.8,94.8,94.0,88.7,82.2,90.1,92.7,90.4,83.8,88.4,0.0
8.8,13.0,13.8,2.3,13.0,11.9,13.0,10.0,13.9,9.0,9.9,7.8,13.7,15.3,13.1,19.1,9.7,3.7,10.2,8.7,10.2,9.6,12.0,15.1,12.2,5.2,6.0,11.3,17.8,9.9,7.3,9.6,16.2,11.6,0.0
88.4,87.2,85.7,92.6,81.6,85.1,81.2,86.9,81.2,84.3,85.9,86.7,83.6,84.3,82.8,80.4,87.6,92.9,82.5,86.1,88.3,90.7,82.4,85.3,75.7,83.6,84.8,84.2,81.3,80.3,87.3,85.4,83.2,85.2,0.0
11.6,12.8,14.3,7.4,18.4,14.9,18.8,13.1,18.8,15.7,14.1,13.3,16.4,15.7,17.2,19.6,12.4,7.1,17.5,13.9,11.7,9.3,17.6,14.7,24.3,16.4,15.2,15.8,18.7,19.7,12.7,14.6,16.8,14.8,0.0
89.6,83.2,83.6,91.2,86.8,86.8,82.4,84.6,90.9,96.3,89.2,88.1,83.4,86.1,86.5,82.4,86.8,93.3,82.4,87.4,92.2,79.4,91.9,87.5,94.7,93.1,95.4,80.9,86.5,81.6,93.7,75.3,52.0,60.7,0.0
10.4,16.8,16.4,8.8,13.2,13.2,17.6,15.4,9.1,3.7,10.8,11.9,16.6,13.9,13.5,17.6,13.2,6.7,17.6,12.6,7.8,20.6,8.1,12.5,5.3,6.9,4.6,19.1,13.5,18.4,6.3,24.7,48.0,39.3,0.0
88.3,93.5,91.0,85.9,85.1,90.9,88.7,93.5,84.4,86.3,93.2,94.4,88.2,88.8,87.1,88.6,90.3,90.0,88.9,93.3,93.4,84.4,85.9,89.6,82.9,83.1,89.2,89.5,81.0,89.4,86.1,89.7,81.7,89.2,0.0
11.7,6.5,9.0,14.1,14.9,9.1,11.3,6.5,15.6,13.7,6.8,5.6,11.8,11.2,12.9,11.4,9.7,10.0,11.1,6.7,6.6,15.6,14.1,10.4,17.1,16.9,10.8,10.5,19.0,10.6,13.9,10.3,18.3,10.8,0.0
55.9,53.4,71.7,63.4,51.9,48.6,37.9,53.4,41.5,67.6,47.8,37.5,48.9,57.3,52.8,44.6,52.8,75.2,47.9,54.0,37.1,44.8,49.4,65.9,55.1,52.2,69.2,42.9,35.0,31.8,65.2,30.5,20.3,47.8,0.0
44.1,46.6,28.3,36.6,48.1,51.4,62.1,46.6,58.5,32.4,52.2,62.5,51.1,42.7,47.2,55.4,47.2,24.8,52.1,46.0,62.9,55.2,50.6,34.1,44.9,47.8,30.8,57.1,65.0,68.2,34.8,69.5,79.7,52.2,0.0
89.6,95.6,91.7,91.4,90.1,93.2,96.0,93.5,85.6,85.1,93.6,94.8,94.4,95.1,88.2,93.4,93.1,93.9,91.6,94.9,94.0,90.7,94.1,93.6,91.0,86.8,89.4,94.4,89.6,91.1,87.7,89.8,97.6,93.7,0.0
10.4,4.4,8.3,8.6,9.9,6.8,4.0,6.5,14.4,14.9,6.4,5.2,5.6,4.9,11.8,6.6,6.9,6.1,8.4,5.1,6.0,9.3,5.9,6.4,9.0,13.2,10.6,5.6,10.4,8.9,12.3,10.2,2.4,6.3,0.0
68.1,65.3,63.9,75.1,70.0,59.0,57.7,69.3,60.4,68.8,70.5,69.4,59.6,61.2,72.4,65.2,59.9,76.8,63.4,64.8,71.7,61.4,67.5,63.0,61.7,62.5,64.0,59.7,54.4,53.8,66.5,59.0,55.5,65.5,0.0
31.9,34.7,36.1,24.9,30.0,41.0,42.3,30.7,39.6,31.2,29.5,30.6,40.4,38.8,27.6,34.8,40.1,23.2,36.6,35.2,28.3,38.6,32.5,37.0,38.3,37.5,36.0,40.3,45.6,46.2,33.5,41.0,44.5,34.5,0.0
29.3,33.3,35.1,31.0,33.6,32.8,25.1,23.4,26.9,33.0,29.6,33.4,40.2,33.7,38.0,33.8,30.0,48.9,27.8,35.5,17.6,24.5,28.6,33.9,30.9,31.3,32.9,28.9,24.1,18.4,39.1,11.1,10.3,24.9,0.0
70.7,66.7,64.9,69.0,66.4,67.2,74.9,76.6,73.1,67.0,70.4,66.6,59.8,66.3,62.0,66.2,70.0,51.1,72.2,64.5,82.4,75.5,71.4,66.1,69.1,68.7,67.1,71.1,75.9,81.6,60.9,88.9,89.7,75.1,0.0
30.4,32.4,36.7,50.1,39.7,36.6,37.9,33.2,31.5,36.1,34.1,31.6,44.1,32.2,35.7,33.8,39.4,40.2,42.1,47.6,22.0,35.1,34.0,33.1,23.9,26.8,39.3,33.7,25.0,24.2,37.7,18.1,14.7,35.9,0.0
69.6,67.6,63.3,49.9,60.3,63.4,62.1,66.8,68.5,63.9,65.9,68.4,55.9,67.8,64.3,66.2,60.6,59.8,57.9,52.4,78.0,64.9,66.0,66.9,76.1,73.2,60.7,66.3,75.0,75.8,62.3,81.9,85.3,64.1,0.0
59.3,66.6,54.2,56.6,68.2,57.9,68.1,61.4,62.6,54.2,66.6,68.1,57.2,69.9,67.6,49.5,54.9,61.3,69.5,50.9,59.0,54.4,51.5,44.3,47.2,54.8,51.0,54.8,56.4,79.3,57.5,56.1,68.7,65.3,0.0
3.4,3.0,4.5,7.9,1.9,5.0,6.0,1.3,4.2,1.4,2.6,2.2,6.2,3.6,2.4,4.3,2.7,5.6,1.7,2.4,2.8,3.3,4.9,1.7,5.8,7.7,2.9,6.4,5.8,2.5,5.5,5.2,2.5,1.8,0.0
37.3,30.4,41.3,35.5,29.9,37.1,25.9,37.3,33.2,44.4,30.8,29.7,36.6,26.5,30.0,46.2,42.4,33.2,28.8,46.7,38.2,42.3,43.6,54.1,46.9,37.5,46.1,38.8,37.8,18.2,37.1,38.6,28.8,32.8,0.0
66.0,68.7,73.0,56.9,64.2,74.9,76.1,74.4,70.7,71.0,79.9,70.6,75.4,74.6,66.4,80.8,71.9,63.4,68.8,80.9,75.9,76.1,74.0,76.9,67.6,60.8,66.7,75.4,63.8,87.5,70.4,76.3,62.8,68.3,0.0
34.0,31.3,27.0,43.1,35.8,25.1,23.9,25.6,29.3,29.0,20.1,29.4,24.6,25.4,33.6,19.2,28.1,36.6,31.2,19.1,24.1,23.9,26.0,23.1,32.4,39.2,33.3,24.6,36.2,12.5,29.6,23.7,37.2,31.7,0.0
2.84,2.81,2.55,2.41,2.56,2.86,3.15,2.94,3.13,2.64,2.86,2.97,2.7,2.74,2.83,3.03,2.87,2.31,2.74,2.61,3.16,2.94,2.88,2.62,2.83,2.8,2.57,2.92,3.48,3.34,2.57,3.42,3.54,2.86,0.0
1.62,1.67,1.63,1.54,1.72,1.73,1.82,1.59,1.9,1.62,1.58,1.55,1.74,1.74,1.77,1.93,1.67,1.52,1.73,1.56,1.5,1.64,1.81,1.71,1.95,1.78,1.56,1.73,2.1,1.79,1.62,1.74,2.0,1.76,0.0
1.94,2.19,1.99,1.96,1.91,2.09,2.44,2.16,2.15,1.83,1.77,2.37,1.94,2.02,2.05,2.18,2.11,1.76,1.81,2.07,1.95,2.24,2.07,2.15,2.09,1.99,1.85,2.15,2.74,2.57,1.97,2.43,2.65,2.29,0.0
76.1,69.6,74.6,80.8,77.5,74.8,67.5,68.9,72.6,76.3,74.0,76.6,74.2,75.4,80.7,76.2,79.4,75.3,74.5,70.7,67.4,56.5,79.4,72.6,76.3,77.0,74.7,74.6,67.3,64.6,81.7,55.1,61.5,70.3,0.0
12.8,5.3,7.3,12.1,9.6,6.4,8.4,13.6,10.1,11.2,9.6,13.0,4.7,6.6,6.8,4.9,6.4,12.2,8.9,5.6,11.8,6.4,5.2,6.4,12.5,10.5,10.5,3.7,7.1,3.6,9.0,7.6,13.1,4.1,0.0
3.4,6.8,7.2,2.9,4.8,6.5,5.3,4.8,4.0,1.5,3.5,1.9,5.9,4.8,3.7,3.7,4.4,2.7,3.5,4.6,3.6,5.6,4.0,5.8,3.9,4.2,2.1,5.1,5.2,3.8,4.1,3.2,3.3,6.1,0.0
3.7,13.6,7.0,2.4,5.6,9.2,18.0,11.2,6.7,4.2,7.3,6.7,11.5,7.3,5.2,12.3,7.6,4.3,6.9,11.6,13.2,19.3,7.2,9.5,3.5,3.5,5.0,12.9,13.3,25.0,2.6,22.6,8.1,12.2,0.0
3.0,2.7,2.9,1.8,1.7,2.6,0.4,1.5,5.0,4.5,2.0,1.2,2.4,5.4,2.7,2.6,0.4,3.7,3.8,5.8,3.2,10.9,3.1,2.6,3.0,1.9,6.2,2.9,5.1,2.6,0.9,7.5,7.7,4.4,0.0
1.0,1.9,0.9,0.0,0.7,0.5,0.3,0.1,1.6,2.3,3.7,0.6,1.3,0.5,0.9,0.4,2.0,1.6,2.4,1.7,0.7,1.4,1.1,3.1,0.9,2.8,1.4,0.8,2.0,0.5,1.8,3.9,6.2,2.8,0.0
70.6,69.7,75.7,80.6,76.1,76.4,71.2,55.2,64.0,69.5,77.6,86.5,85.1,58.7,65.0,85.8,79.8,84.1,78.7,88.2,69.2,82.3,69.0,83.0,67.3,77.4,67.9,76.5,69.8,82.7,75.8,80.7,65.5,77.0,0.0
29.4,30.3,24.3,19.4,23.9,23.6,28.8,44.8,36.0,30.5,22.4,13.5,14.9,41.3,35.0,14.2,20.2,15.9,21.3,11.8,30.8,17.7,31.0,17.0,32.7,22.6,32.1,23.5,30.2,17.3,24.2,19.3,34.5,23.0,0.0
54.7,58.1,64.9,61.3,57.0,60.1,71.1,44.9,54.2,61.3,62.5,84.7,79.4,51.9,53.3,69.3,78.8,61.4,60.1,75.0,62.8,72.0,53.0,65.4,46.9,48.8,61.3,61.9,57.6,67.3,62.7,65.9,37.6,55.6,0.0
45.3,41.9,35.1,38.7,43.0,39.9,28.9,55.1,45.8,38.7,37.5,15.3,20.6,48.1,46.7,30.7,21.2,38.6,39.9,25.0,37.2,28.0,47.0,34.6,53.1,51.2,38.7,38.1,42.4,32.7,37.3,34.1,62.4,44.4,0.0
49.3,29.0,45.0,58.8,43.8,40.4,31.6,38.8,43.4,45.7,37.3,36.1,40.0,37.3,52.3,33.9,44.5,57.6,47.0,33.7,30.1,18.6,50.6,39.4,52.1,60.8,50.3,38.2,27.2,15.7,56.1,17.3,26.0,31.0,0.0
15.4,6.3,10.5,11.1,13.1,12.0,7.2,10.8,14.9,16.2,9.5,9.3,8.4,9.7,18.0,13.1,8.2,11.6,14.0,4.7,9.2,6.3,11.3,5.7,18.3,15.2,13.5,12.6,9.9,9.8,14.2,7.1,22.5,12.9,0.0
15.2,25.8,21.5,10.3,18.6,27.5,30.1,21.5,16.3,15.0,21.5,23.1,24.3,26.2,14.8,29.4,20.8,12.3,16.9,26.4,28.5,27.1,20.3,26.6,15.8,8.4,13.9,22.7,33.8,32.3,11.0,25.6,22.7,22.7,0.0
20.1,38.9,23.1,19.9,24.5,20.1,31.1,29.0,25.4,23.1,31.7,31.5,27.3,26.8,14.8,23.6,26.4,18.5,22.1,35.2,32.3,48.0,17.8,28.3,13.8,15.5,22.3,26.4,29.2,42.2,18.7,50.0,28.8,33.4,0.0
20.3,36.6,36.7,29.9,25.6,30.2,35.1,29.8,28.2,16.6,27.9,30.7,27.6,42.0,23.4,16.0,22.0,22.6,11.3,25.6,28.1,27.3,28.2,30.4,25.4,38.9,18.1,32.1,31.0,24.2,7.5,20.4,25.5,38.2,0.0
79.7,63.4,63.3,70.1,74.4,69.8,64.9,70.2,71.8,83.4,72.1,69.3,72.4,58.0,76.6,84.0,78.0,77.4,88.7,74.4,71.9,72.7,71.8,69.6,74.6,61.1,81.9,67.9,69.0,75.8,92.5,79.6,74.5,61.8,0.0
26.8,44.9,29.3,11.4,25.8,10.6,29.9,27.6,35.4,19.3,30.6,33.4,10.7,22.0,25.6,57.0,15.7,13.1,20.5,22.0,32.6,37.7,33.8,39.9,25.2,18.9,19.2,22.9,31.7,24.4,10.3,12.8,18.5,51.3,0.0
73.2,55.1,70.7,88.6,74.2,89.4,70.1,72.4,64.6,80.7,69.4,66.6,89.3,78.0,74.4,43.0,84.3,86.9,79.5,78.0,67.4,62.3,66.2,60.1,74.8,81.1,80.8,77.1,68.3,75.6,89.7,87.2,81.5,48.7,0.0
16.4,30.2,16.6,7.1,15.4,10.1,20.9,17.2,18.7,22.1,26.0,32.7,24.5,29.0,14.6,16.7,12.9,6.5,18.2,15.1,17.8,26.0,15.3,24.8,19.2,4.8,15.5,15.4,35.8,23.3,8.5,24.3,32.7,33.4,0.0
83.6,69.8,83.4,92.9,84.6,89.9,79.1,82.8,81.3,77.9,74.0,67.3,75.5,71.0,85.4,83.3,87.1,93.5,81.8,84.9,82.2,74.0,84.7,75.2,80.8,95.2,84.5,84.6,64.2,76.7,91.5,75.7,67.3,66.6,0.0
55.3,40.5,42.7,60.5,68.7,40.3,48.1,41.7,52.0,47.0,58.0,51.9,56.6,48.4,52.3,59.3,78.4,75.6,72.5,57.0,41.6,59.5,58.6,56.4,51.1,68.6,40.6,35.9,55.9,36.2,74.7,43.3,75.7,56.3,0.0
44.7,59.5,57.3,39.5,31.3,59.7,51.9,58.3,48.0,53.0,42.0,48.1,43.4,51.6,47.7,40.7,21.6,24.4,27.5,43.0,58.4,40.5,41.4,43.6,48.9,31.4,59.4,64.1,44.1,63.8,25.3,56.7,24.3,43.7,0.0
44.2,36.6,30.4,29.4,32.2,35.2,44.3,57.4,46.6,40.5,55.6,56.1,39.3,44.7,33.9,23.9,56.0,43.6,17.6,45.3,52.3,48.3,38.9,37.1,31.3,34.4,38.2,35.4,58.5,54.4,34.1,49.6,65.1,58.9,0.0
55.8,63.4,69.6,70.6,67.8,64.8,55.7,42.6,53.4,59.5,44.4,43.9,60.7,55.3,66.1,76.1,44.0,56.4,82.4,54.7,47.7,51.7,61.1,62.9,68.7,65.6,61.8,64.6,41.5,45.6,65.9,50.4,34.9,41.1,0.0
28.1,43.2,32.8,12.6,32.8,20.4,49.8,35.0,34.7,22.3,35.0,40.0,29.3,44.3,24.2,36.4,20.2,21.7,24.9,34.3,39.3,39.6,21.3,36.1,9.4,11.3,26.8,33.7,44.0,40.6,9.6,46.7,28.7,48.3,0.0
71.9,56.8,67.2,87.4,67.2,79.6,50.2,65.0,65.3,77.7,65.0,60.0,70.7,55.7,75.8,63.6,79.8,78.3,75.1,65.7,60.7,60.4,78.7,63.9,90.6,88.7,73.2,66.3,56.0,59.4,90.4,53.3,71.3,51.7,0.0
80.3,91.7,92.0,54.1,78.3,82.4,91.3,85.7,82.6,80.4,88.9,92.5,89.5,84.9,79.9,90.9,79.0,63.6,72.6,89.7,90.6,90.7,89.1,89.6,78.2,70.5,75.8,85.6,90.5,92.1,68.2,93.0,92.9,82.2,0.0
19.7,8.3,8.0,45.9,21.7,17.6,8.7,14.3,17.4,19.6,11.1,7.5,10.5,15.1,20.1,9.1,21.0,36.4,27.4,10.3,9.4,9.3,10.9,10.4,21.8,29.5,24.2,14.4,9.5,7.9,31.8,7.0,7.1,17.8,0.0
16.6,31.2,23.5,8.6,33.0,24.3,26.6,23.6,22.4,17.5,27.6,26.0,15.1,37.0,18.1,28.0,12.8,12.1,27.4,27.6,18.7,23.6,19.7,26.3,11.3,9.7,22.0,27.1,28.4,24.4,10.7,13.4,4.9,29.8,0.0
83.4,68.8,76.5,91.4,67.0,75.7,73.4,76.4,77.6,82.5,72.4,74.0,84.9,63.0,81.9,72.0,87.2,87.9,72.6,72.4,81.3,76.4,80.3,73.7,88.7,90.3,78.0,72.9,71.6,75.6,89.3,86.6,95.1,70.2,0.0
50.0,62.3,63.4,58.0,62.0,57.8,50.4,46.1,43.6,46.0,60.8,54.8,63.5,59.2,48.8,62.4,53.9,64.1,52.8,61.8,65.1,71.5,60.9,70.8,62.0,51.4,47.4,61.8,54.6,71.9,48.6,56.0,41.2,53.7,0.0
50.0,37.7,36.6,42.0,38.0,42.2,49.6,53.9,56.4,54.0,39.2,45.2,36.5,40.8,51.2,37.6,46.1,35.9,47.2,38.2,34.9,28.5,39.1,29.2,38.0,48.6,52.6,38.2,45.4,28.1,51.4,44.0,58.8,46.3,0.0
92.4,89.1,95.8,99.1,97.5,92.0,91.4,92.8,91.3,89.3,92.8,93.5,95.2,93.5,88.9,95.1,88.2,97.7,94.0,92.4,93.7,92.8,93.2,94.0,98.1,91.2,92.1,95.4,85.9,93.8,97.5,92.4,89.6,87.8,0.0
7.6,10.9,4.2,0.9,2.5,8.0,8.6,7.2,8.7,10.7,7.2,6.5,4.8,6.5,11.1,4.9,11.8,2.3,6.0,7.6,6.3,7.2,6.8,6.0,1.9,8.8,7.9,4.6,14.1,6.2,2.5,7.6,10.4,12.2,0.0
57.3,87.1,83.2,54.6,77.9,82.0,67.8,73.6,61.2,55.1,76.6,63.2,80.6,86.4,62.3,78.6,55.8,52.7,74.8,84.7,65.6,80.0,71.0,82.9,50.3,59.4,54.5,77.8,84.1,90.5,49.0,82.6,81.0,75.3,0.0
20.5,9.3,9.1,24.9,8.7,6.8,15.5,11.6,19.0,25.2,16.6,20.4,7.6,5.9,18.0,10.8,17.1,32.3,12.6,10.4,21.0,13.0,11.3,8.1,25.1,19.0,23.5,9.8,10.7,6.7,23.5,11.4,14.4,15.3,0.0
22.2,3.6,7.7,20.5,13.4,11.3,16.7,14.8,19.8,19.7,6.8,16.4,11.8,7.7,19.7,10.6,27.1,15.0,12.7,4.9,13.4,7.0,17.7,9.0,24.6,21.6,22.0,12.3,5.2,2.8,27.5,6.0,4.5,9.4,0.0
95.2,97.1,95.4,96.7,94.4,97.3,96.4,88.8,94.6,94.5,89.8,97.1,98.2,87.4,92.7,98.3,96.6,98.9,95.2,93.5,97.4,94.3,97.8,93.9,96.7,93.9,95.9,94.9,95.4,73.6,95.9,92.2,93.2,95.3,0.0
3.3,1.9,4.3,3.0,3.9,1.8,2.7,7.1,3.5,4.3,5.5,2.4,1.2,8.4,4.8,0.9,2.1,1.0,4.4,4.6,1.9,3.5,2.0,5.1,2.9,4.7,2.9,3.7,3.3,13.5,3.5,4.0,3.7,3.0,0.0
1.5,1.0,0.3,0.3,1.7,0.9,1.0,4.1,2.0,1.1,4.7,0.5,0.6,4.2,2.5,0.9,1.2,0.1,0.4,1.9,0.7,2.3,0.2,1.0,0.4,1.4,1.2,1.4,1.2,12.9,0.6,3.8,3.1,1.7,0.0
9.7,4.3,11.8,1.5,9.4,5.6,10.3,8.3,10.8,13.7,10.4,6.4,4.9,8.2,14.8,8.6,9.6,3.8,10.0,8.6,7.5,11.7,7.5,6.4,3.0,8.0,10.2,9.2,18.1,24.3,4.6,11.3,21.3,23.5,0.0
11.7,7.2,9.2,16.3,11.3,9.7,13.7,9.3,14.7,9.6,7.9,12.5,13.7,14.5,14.4,12.5,8.2,10.2,14.8,5.9,11.3,9.2,16.0,10.9,17.0,15.1,12.6,8.4,11.8,15.0,11.3,8.6,10.0,15.4,0.0
78.6,88.5,79.0,82.2,79.3,84.7,76.0,82.4,74.5,76.7,81.7,81.1,81.4,77.3,70.8,79.0,82.2,86.0,75.3,85.5,81.3,79.1,76.5,82.6,80.0,76.9,77.1,82.4,70.1,60.6,84.0,80.1,68.7,61.1,0.0
30.8,33.4,24.5,14.5,25.8,36.6,39.9,23.2,36.2,35.8,19.0,45.3,37.8,31.0,27.1,36.7,29.2,14.7,23.5,15.4,26.4,14.7,27.2,20.5,25.0,19.2,29.6,21.1,32.8,38.1,19.7,22.4,29.5,30.6,0.0
20.3,22.9,30.3,24.0,25.8,20.5,26.6,21.1,21.6,24.0,17.2,19.6,21.5,27.7,24.5,16.9,22.5,22.0,25.8,17.2,19.5,16.0,17.7,27.6,29.0,31.3,27.6,23.3,24.3,23.1,24.4,20.5,15.9,27.7,0.0
48.9,43.6,45.2,61.5,48.4,43.0,33.5,55.7,42.2,40.2,63.8,35.1,40.7,41.3,48.4,46.4,48.3,63.3,50.7,67.4,54.1,69.3,55.1,52.0,45.9,49.6,42.8,55.5,42.9,38.7,55.9,57.1,54.6,41.7,0.0
30.7,51.5,57.6,26.4,49.8,22.1,33.7,48.4,47.1,24.3,39.0,47.5,44.1,60.5,53.9,49.2,17.5,21.8,54.0,70.9,28.9,49.3,14.4,35.1,7.1,27.4,24.6,53.6,42.6,46.2,32.4,30.7,42.3,41.0,0.0
23.6,20.8,19.1,29.5,22.0,31.0,23.3,20.6,18.7,20.5,21.5,20.8,27.4,21.2,17.8,14.0,18.9,30.2,21.6,16.7,26.9,17.7,27.0,23.8,25.4,37.2,24.8,19.0,22.1,21.4,34.0,24.0,16.5,22.5,0.0
45.7,27.8,23.4,44.1,28.2,47.0,43.0,31.0,34.2,55.3,39.6,31.8,28.6,18.3,28.3,36.7,63.6,48.0,24.4,12.4,44.3,33.0,58.6,41.0,67.5,35.3,50.6,27.4,35.4,32.4,33.6,45.3,41.2,36.5,0.0
27.7,17.7,20.7,11.3,31.0,13.5,50.7,24.9,27.6,23.1,27.5,37.5,18.8,11.6,33.5,39.5,34.5,11.2,32.1,29.3,26.8,17.8,20.6,21.9,16.0,24.9,24.1,23.4,26.3,43.4,23.9,24.0,24.8,20.4,0.0
39.3,26.2,48.5,42.5,48.1,40.0,28.5,40.6,34.6,39.0,36.6,28.5,39.9,36.9,37.5,27.7,34.9,49.6,47.4,33.1,46.4,32.9,41.8,42.7,48.7,49.1,38.3,37.0,27.4,29.5,56.2,37.5,24.2,32.9,0.0
33.0,56.1,30.8,46.2,20.9,46.5,20.8,34.6,37.8,37.9,35.8,34.0,41.4,51.5,29.0,32.8,30.6,39.2,20.5,37.6,26.8,49.3,37.6,35.4,35.3,26.0,37.6,39.7,46.3,27.1,19.9,38.4,51.0,46.7,0.0
16.5,19.8,22.7,12.2,16.9,11.7,18.6,17.2,21.6,22.5,12.9,11.2,17.3,16.8,18.6,19.1,22.0,10.0,25.2,16.3,17.0,16.5,18.5,20.9,16.4,15.8,22.6,18.8,18.9,13.0,16.2,11.0,9.2,22.1,0.0
12.6,11.1,18.2,11.3,15.4,11.4,11.4,10.4,13.4,16.1,11.0,11.8,13.0,17.2,10.2,10.6,8.9,13.5,14.5,12.8,14.5,9.8,12.9,19.5,20.8,16.6,15.3,15.4,12.0,15.7,14.6,12.7,11.6,11.1,0.0
70.9,69.1,59.1,76.5,67.7,76.9,70.0,72.4,65.0,61.4,76.1,77.0,69.6,66.0,71.2,70.2,69.1,76.6,60.3,70.9,68.5,73.8,68.6,59.6,62.8,67.6,62.1,65.8,69.1,71.3,69.2,76.3,79.2,66.7,0.0
33.0,37.4,46.3,32.8,37.1,31.4,39.2,29.5,37.2,36.8,27.2,26.8,35.4,37.3,38.7,40.1,38.2,29.6,43.1,35.8,37.0,33.8,39.9,43.9,30.1,28.7,40.0,37.0,37.2,22.3,30.2,22.1,27.6,36.2,0.0
19.6,17.8,24.6,18.8,21.0,22.1,16.8,14.1,19.0,21.5,19.9,18.8,22.7,25.3,16.9,15.0,16.7,26.5,22.8,23.6,25.0,17.2,23.2,25.3,32.2,25.4,25.8,25.3,17.8,17.2,19.4,20.3,15.1,18.1,0.0
47.4,44.8,29.1,48.3,41.9,46.5,43.9,56.4,43.8,41.8,53.0,54.4,41.9,37.4,44.5,44.9,45.1,43.9,34.1,40.6,38.0,48.9,37.0,30.8,37.7,45.8,34.2,37.7,45.0,60.6,50.4,57.6,57.3,45.7,0.0
13.7,6.8,6.6,10.6,8.2,5.3,11.9,10.0,19.1,3.0,14.4,6.3,4.4,8.2,12.3,4.1,15.5,13.5,9.7,5.3,11.2,8.6,10.7,5.1,10.9,10.3,4.8,13.8,11.3,32.7,8.9,13.9,7.1,9.9,0.0
86.3,93.2,93.4,89.4,91.8,94.7,88.1,90.0,80.9,97.0,85.6,93.7,95.6,91.8,87.7,95.9,84.5,86.5,90.3,94.7,88.8,91.4,89.3,94.9,89.1,89.7,95.2,86.2,88.7,67.3,91.1,86.1,92.9,90.1,0.0
77.9,61.3,80.2,84.5,80.9,61.5,60.8,67.1,75.4,83.1,82.5,69.7,52.8,70.7,74.5,68.7,72.0,83.9,77.9,68.5,74.9,64.0,62.8,69.7,75.1,58.7,82.4,65.0,53.3,73.2,79.1,73.7,80.1,72.3,0.0
22.1,38.7,19.8,15.5,19.1,38.5,39.2,32.9,24.6,16.9,17.5,30.3,47.2,29.3,25.5,31.3,28.0,16.1,22.1,31.5,25.1,36.0,37.2,30.3,24.9,41.3,17.6,35.0,46.7,26.8,20.9,26.3,19.9,27.7,0.0
84.4,72.6,68.2,93.2,83.7,75.7,78.3,90.5,79.5,90.5,73.7,76.0,68.2,59.0,82.9,70.3,87.2,89.6,79.5,75.1,72.5,73.6,74.5,74.9,87.4,86.7,80.5,69.0,78.6,62.9,89.7,61.1,82.0,76.9,0.0
15.6,27.4,31.8,6.8,16.3,24.3,21.7,9.5,20.5,9.5,26.3,24.0,31.8,41.0,17.1,29.7,12.8,10.4,20.5,24.9,27.5,26.4,25.5,25.1,12.6,13.3,19.5,31.0,21.4,37.1,10.3,38.9,18.0,23.1,0.0
78.7,66.3,71.3,75.1,78.1,56.5,59.2,71.6,74.4,89.4,79.4,65.9,47.5,61.4,72.6,64.2,67.6,82.6,69.9,63.6,70.5,65.2,55.5,69.5,75.6,74.6,85.6,63.5,58.8,73.5,71.3,72.1,84.4,74.7,0.0
21.3,33.7,28.7,24.9,21.9,43.5,40.8,28.4,25.6,10.6,20.6,34.1,52.5,38.6,27.4,35.8,32.4,17.4,30.1,36.4,29.5,34.8,44.5,30.5,24.4,25.4,14.4,36.5,41.2,26.5,28.7,27.9,15.6,25.3,0.0
82.7,78.8,76.3,86.7,79.6,53.5,87.5,85.2,76.2,93.1,76.8,83.0,47.5,62.3,80.5,66.6,85.0,82.8,76.8,74.2,60.5,62.7,70.5,64.9,75.7,78.7,86.4,72.0,76.2,80.3,77.3,71.7,89.8,74.3,0.0
17.3,21.2,23.7,13.3,20.4,46.5,12.5,14.8,23.8,6.9,23.2,17.0,52.5,37.7,19.5,33.4,15.0,17.2,23.2,25.8,39.5,37.3,29.5,35.1,24.3,21.3,13.6,28.0,23.8,19.7,22.7,28.3,10.2,25.7,0.0
15.6,17.0,23.9,15.8,15.6,28.3,23.0,21.6,24.5,6.4,25.2,22.8,26.3,21.5,18.9,23.7,17.4,13.3,17.5,22.0,36.1,26.3,22.8,20.0,25.9,16.4,12.4,25.9,28.3,28.1,14.2,25.0,14.4,28.1,0.0
84.4,83.0,76.1,84.2,84.4,71.7,77.0,78.4,75.5,93.6,74.8,77.2,73.7,78.5,81.1,76.3,82.6,86.7,82.5,78.0,63.9,73.7,77.2,80.0,74.1,83.6,87.6,74.1,71.7,71.9,85.8,75.0,85.6,71.9,0.0
66.8,75.5,59.0,69.4,50.8,71.1,86.1,85.0,70.8,82.9,63.2,71.1,76.1,65.6,67.8,74.4,58.8,74.8,57.1,62.3,78.3,83.8,68.7,69.1,59.2,65.7,75.8,73.2,75.5,74.3,66.2,71.2,77.5,67.3,0.0
33.2,24.5,41.0,30.6,49.2,28.9,13.9,15.0,29.2,17.1,36.8,28.9,23.9,34.4,32.2,25.6,41.2,25.2,42.9,37.7,21.7,16.2,31.3,30.9,40.8,34.3,24.2,26.8,24.5,25.7,33.8,28.8,22.5,32.7,0.0
90.6,96.8,95.4,97.1,93.7,94.6,97.2,95.8,92.6,96.7,91.1,89.6,97.6,94.9,92.4,97.8,92.1,97.4,93.5,96.2,95.0,98.7,91.4,98.2,92.4,89.9,93.0,95.3,88.8,93.2,92.5,96.4,92.5,94.0,0.0
9.4,3.2,4.6,2.9,6.3,5.4,2.8,4.2,7.4,3.3,8.9,10.4,2.4,5.1,7.6,2.2,7.9,2.6,6.5,3.8,5.0,1.3,8.6,1.8,7.6,10.1,7.0,4.7,11.2,6.8,7.5,3.6,7.5,6.0,0.0
52.0,77.4,63.3,44.8,61.2,56.5,70.1,62.2,52.1,58.2,76.5,57.7,59.4,65.5,52.5,62.3,43.1,58.9,65.5,75.3,75.5,61.0,40.8,55.6,49.3,45.3,48.8,61.9,57.1,50.2,52.4,49.5,59.6,28.3,0.0
48.0,22.6,36.7,55.2,38.8,43.5,29.9,37.8,47.9,41.8,23.5,42.3,40.6,34.5,47.5,37.7,56.9,41.1,34.5,24.7,24.5,39.0,59.2,44.4,50.7,54.7,51.2,38.1,42.9,49.8,47.6,50.5,40.4,71.7,0.0
3.76,1.67,3.38,3.6,2.99,3.72,1.87,3.33,3.97,2.42,1.44,2.06,2.53,3.16,3.18,3.29,2.58,4.19,2.48,2.46,2.15,4.38,7.82,3.76,5.01,3.63,2.92,4.79,3.14,3.47,4.06,2.81,2.0,5.84,0.0
57.1,49.8,54.1,67.6,72.0,59.0,45.1,48.9,45.7,68.5,59.3,60.9,58.1,54.7,51.1,47.6,52.2,75.4,56.7,49.6,40.2,54.8,25.6,51.2,63.5,66.7,66.8,47.6,38.2,22.8,68.0,49.7,40.4,42.5,0.0
26.6,43.7,27.8,24.2,18.0,23.5,40.3,35.1,27.4,16.0,22.2,27.3,19.6,28.4,24.1,35.7,32.4,20.8,25.5,35.5,30.2,31.0,59.9,23.7,24.2,23.6,16.5,33.6,42.7,53.3,28.6,21.9,32.2,30.7,0.0
16.3,6.5,18.1,8.2,10.1,17.5,14.6,16.0,26.9,15.5,18.4,11.8,22.3,16.8,24.8,16.7,15.4,3.9,17.8,15.0,29.7,14.1,14.5,25.1,12.3,9.6,16.7,18.9,19.1,23.9,3.3,28.5,27.4,26.8,0.0
2.64,2.49,3.03,2.62,2.46,3.72,2.44,2.33,3.36,1.4,2.86,2.95,3.61,3.5,2.84,2.95,2.34,2.34,2.19,2.7,3.48,2.9,2.92,2.81,3.84,2.89,2.06,2.62,3.36,3.45,2.55,2.95,2.47,3.17,0.0
8.0,5.0,7.0,6.0,7.0,5.0,2.0,4.0,7.0,3.0,4.0,7.0,4.0,6.0,6.0,6.0,5.0,7.0,8.0,9.0,6.0,3.0,9.0,5.0,9.0,7.0,5.0,9.0,4.0,3.0,10.0,3.0,2.0,3.0,0.0
57.7,71.1,71.6,60.1,72.4,73.7,70.5,71.6,67.9,55.3,75.2,60.0,70.4,82.7,51.9,77.2,51.0,68.2,73.7,64.6,70.7,79.7,68.4,79.8,67.9,70.9,53.4,74.3,67.8,74.4,68.6,69.2,46.6,69.2,0.0
42.3,28.9,28.4,39.9,27.6,26.3,29.5,28.4,32.1,44.7,24.8,40.0,29.6,17.3,48.1,22.8,49.0,31.8,26.3,35.4,29.3,20.3,31.6,20.2,32.1,29.1,46.6,25.7,32.2,25.6,31.4,30.8,53.4,30.8,0.0
63.5,90.6,54.0,56.0,63.2,63.4,86.1,68.9,74.9,58.2,73.9,72.2,70.8,76.5,64.9,73.3,68.4,51.2,59.1,67.2,71.8,81.7,52.0,63.9,49.0,51.3,55.2,79.2,85.4,91.9,52.6,86.8,80.6,90.3,0.0
36.5,9.4,46.0,44.0,36.8,36.6,13.9,31.1,25.1,41.8,26.1,27.8,29.2,23.5,35.1,26.7,31.6,48.8,40.9,32.8,28.2,18.3,48.0,36.1,51.0,48.7,44.8,20.8,14.6,8.1,47.4,13.2,19.4,9.7,0.0
90.0,96.6,92.2,94.2,90.3,92.1,93.1,84.3,95.0,87.9,91.4,92.6,88.8,89.0,90.7,92.7,90.7,91.3,85.7,92.0,93.6,91.7,88.8,91.2,90.4,93.4,92.6,96.2,92.3,93.1,93.3,95.1,86.6,95.0,0.0
10.0,3.4,7.8,5.8,9.7,7.9,6.9,15.7,5.0,12.1,8.6,7.4,11.2,11.0,9.3,7.3,9.3,8.7,14.3,8.0,6.4,8.3,11.2,8.8,9.6,6.6,7.4,3.8,7.7,6.9,6.7,4.9,13.4,5.0,0.0
63.7,78.3,67.9,53.0,60.3,66.8,84.0,75.8,74.7,62.2,82.7,72.9,70.7,72.5,68.9,71.7,71.6,59.2,56.5,70.4,75.7,82.4,54.7,49.8,42.2,53.2,55.3,79.5,83.5,83.5,51.3,79.7,79.6,88.1,0.0
36.3,21.7,32.1,47.0,39.7,33.2,16.0,24.2,25.3,37.8,17.3,27.1,29.3,27.5,31.1,28.3,28.4,40.8,43.5,29.6,24.3,17.6,45.3,50.2,57.8,46.8,44.7,20.5,16.5,16.5,48.7,20.3,20.4,11.9,0.0
86.5,96.7,94.8,70.8,90.4,90.1,93.1,89.2,92.7,88.9,92.6,92.2,93.7,94.5,90.2,90.2,90.2,85.2,91.4,96.2,95.6,92.5,91.1,96.0,77.2,79.6,92.8,96.0,93.0,96.0,83.9,86.0,89.1,96.3,0.0
13.5,3.3,5.2,29.2,9.6,9.9,6.9,10.8,7.3,11.1,7.4,7.8,6.3,5.5,9.8,9.8,9.8,14.8,8.6,3.8,4.4,7.5,8.9,4.0,22.8,20.4,7.2,4.0,7.0,4.0,16.1,14.0,10.9,3.7,0.0
9.8,7.5,16.5,15.1,22.5,21.8,8.4,10.2,9.7,7.2,10.3,9.1,13.7,18.7,15.7,16.1,12.1,11.7,24.5,14.0,7.5,8.0,12.3,17.6,13.0,13.1,7.9,8.7,6.5,8.0,11.5,11.0,13.4,6.4,0.0
61.2,64.3,61.4,59.6,50.7,52.6,44.6,53.1,59.9,55.3,62.1,46.8,47.2,60.5,54.1,47.0,55.3,56.3,58.5,59.6,67.8,40.3,47.7,52.4,63.4,53.2,52.5,50.9,62.0,64.5,61.6,48.2,63.4,51.3,0.0
29.0,28.2,22.1,25.3,26.8,25.6,46.9,36.7,30.4,37.5,27.6,44.1,39.1,20.8,30.2,36.9,32.6,31.9,17.0,26.4,24.8,51.7,40.0,30.0,23.6,33.7,39.6,40.4,31.5,27.4,26.9,40.9,23.2,42.3,0.0
13.0,7.9,13.1,10.5,11.3,9.3,7.9,5.0,14.5,5.1,7.8,4.1,5.2,4.7,10.7,8.4,3.3,18.7,5.1,9.0,5.9,2.3,10.8,11.9,10.1,20.5,8.8,7.0,4.4,13.7,8.6,6.5,6.2,0.0,0.0
87.0,92.1,86.9,89.5,88.7,90.7,92.1,95.0,85.5,94.9,92.2,95.9,94.8,95.3,89.3,91.6,96.7,81.3,94.9,91.0,94.1,97.7,89.2,88.1,89.9,79.5,91.2,93.0,95.6,86.3,91.4,93.5,93.8,100.0,0.0
41.3,13.2,25.8,39.0,41.4,23.5,15.3,18.8,27.4,29.2,14.3,21.4,9.1,19.2,24.8,16.5,17.4,53.6,38.9,18.0,21.9,12.6,30.2,19.7,30.1,30.8,38.6,18.6,13.0,19.4,23.6,10.4,8.4,16.1,0.0
58.7,86.8,74.2,61.0,58.6,76.5,84.7,81.2,72.6,70.8,85.7,78.6,90.9,80.8,75.2,83.5,82.6,46.4,61.1,82.0,78.1,87.4,69.8,80.3,69.9,69.2,61.4,81.4,87.0,80.6,76.4,89.6,91.6,83.9,0.0
46.0,16.9,34.0,27.1,31.9,22.5,16.8,17.6,38.3,19.8,24.7,17.6,19.4,29.5,34.8,36.5,12.5,43.7,29.5,27.6,20.0,22.6,30.3,22.8,24.1,26.5,25.1,24.4,27.2,18.3,29.1,13.0,7.9,21.9,0.0
54.0,83.1,66.0,72.9,68.1,77.5,83.2,82.4,61.7,80.2,75.3,82.4,80.6,70.5,65.2,63.5,87.5,56.3,70.5,72.4,80.0,77.4,69.7,77.2,75.9,73.5,74.9,75.6,72.8,81.7,70.9,87.0,92.1,78.1,0.0
29.1,44.7,32.1,14.7,42.9,26.6,39.9,37.2,31.9,33.4,30.8,42.1,30.4,38.7,29.0,35.9,10.7,20.0,31.0,35.4,37.3,38.4,37.0,42.0,15.7,21.8,29.7,45.6,48.4,44.7,17.9,31.3,36.4,46.4,0.0
70.9,55.3,67.9,85.3,57.1,73.4,60.1,62.8,68.1,66.6,69.2,57.9,69.6,61.3,71.0,64.1,89.3,80.0,69.0,64.6,62.7,61.6,63.0,58.0,84.3,78.2,70.3,54.4,51.6,55.3,82.1,68.7,63.6,53.6,0.0
28.0,47.7,39.3,15.2,30.0,22.8,37.2,37.0,36.3,39.0,27.2,42.0,26.2,30.6,26.7,36.7,11.5,28.5,37.2,34.0,31.1,39.7,32.8,40.7,22.3,17.9,33.9,41.5,42.2,41.3,16.1,22.0,31.3,33.1,0.0
72.0,52.3,60.7,84.8,70.0,77.2,62.8,63.0,63.7,61.0,72.8,58.0,73.8,69.4,73.3,63.3,88.5,71.5,62.8,66.0,68.9,60.3,67.2,59.3,77.7,82.1,66.1,58.5,57.8,58.7,83.9,78.0,68.7,66.9,0.0
26.8,41.0,21.8,14.2,35.5,13.9,28.5,34.5,35.8,31.4,20.8,31.0,15.9,18.3,26.1,24.2,7.9,22.2,42.0,25.9,31.3,29.8,23.8,33.9,13.6,39.0,30.2,40.7,31.1,34.8,21.0,33.2,30.6,24.2,0.0
73.2,59.0,78.2,85.8,64.5,86.1,71.5,65.5,64.2,68.6,79.2,69.0,84.1,81.7,73.9,75.8,92.1,77.8,58.0,74.1,68.7,70.2,76.2,66.1,86.4,61.0,69.8,59.3,68.9,65.2,79.0,66.8,69.4,75.8,0.0
48.5,38.8,45.3,62.1,33.8,56.0,54.8,47.6,51.4,63.6,47.0,54.1,46.3,38.6,49.8,43.0,60.4,64.7,43.2,40.4,45.9,49.8,57.9,31.0,52.9,53.3,51.9,45.2,53.5,36.6,59.3,47.8,61.8,47.5,0.0
21.5,15.9,17.1,18.2,24.5,16.9,19.2,14.2,17.7,15.9,20.4,16.9,15.9,21.0,19.8,15.8,14.0,16.6,18.8,18.2,17.6,14.4,16.7,25.9,23.5,25.3,17.8,20.3,18.0,20.0,24.6,19.4,19.0,19.6,0.0
30.0,45.3,37.6,19.7,41.7,27.1,26.0,38.2,30.8,20.5,32.6,29.0,37.8,40.4,30.5,41.2,25.6,18.7,38.0,41.4,36.4,35.8,25.4,43.1,23.6,21.4,30.2,34.5,28.5,43.5,16.1,32.8,19.2,33.0,0.0
24.3,25.2,26.8,28.5,24.9,47.8,37.6,31.7,19.8,33.0,23.0,27.1,48.9,20.2,25.6,24.1,27.5,30.9,22.0,32.9,27.8,38.5,30.7,15.2,45.2,27.5,29.5,29.8,31.1,31.6,27.2,31.4,49.6,26.7,0.0
14.0,9.9,10.8,13.9,11.8,13.3,8.3,13.2,11.9,11.4,12.0,7.2,13.8,19.1,14.4,8.7,9.0,20.2,12.0,13.2,25.1,12.2,10.4,11.4,17.5,17.7,13.8,9.4,9.9,13.5,18.3,10.8,13.1,13.6,0.0
61.7,64.9,62.3,57.6,63.3,38.8,54.1,55.2,68.3,55.6,64.9,65.6,37.3,60.7,60.0,67.2,63.4,48.9,66.0,53.9,47.2,49.3,59.0,73.3,37.3,54.9,56.7,60.9,59.0,54.8,54.5,57.8,37.3,59.7,0.0
43.9,36.6,41.4,61.4,40.8,52.6,53.7,40.9,51.1,49.6,47.6,46.5,55.0,36.8,51.7,49.4,48.4,56.0,45.0,51.3,50.1,56.4,45.2,36.7,65.1,53.6,50.3,39.2,46.6,48.4,61.6,41.0,56.9,37.7,0.0
18.0,23.2,25.1,11.6,17.6,17.0,17.4,25.1,19.1,21.9,24.4,24.3,20.1,24.4,17.6,13.5,14.0,10.9,18.1,17.6,31.6,17.8,14.6,25.1,13.2,18.9,15.6,23.6,18.1,23.4,16.5,31.5,20.0,23.8,0.0
38.1,40.1,33.6,27.0,41.5,30.4,28.9,34.0,29.9,28.5,28.0,29.2,24.9,38.8,30.7,37.1,37.6,33.1,36.8,31.2,18.3,25.8,40.2,38.1,21.7,27.5,34.1,37.2,35.3,28.3,21.8,27.5,23.1,38.5,0.0
40.7,40.0,42.3,56.2,38.0,40.6,42.8,39.5,31.4,49.2,32.2,37.4,43.9,33.5,40.1,39.4,44.3,51.2,45.4,48.3,38.8,39.1,41.3,27.6,57.0,49.3,45.1,38.1,46.8,46.4,46.4,49.3,55.7,39.4,0.0
29.6,20.4,29.7,28.6,29.6,26.5,17.6,21.2,24.2,23.2,21.2,20.6,28.1,31.4,23.3,17.4,20.3,31.4,28.9,21.6,24.5,20.1,27.3,35.9,28.5,35.1,26.3,24.5,19.8,23.1,39.0,23.3,24.1,23.6,0.0
29.7,39.6,28.1,15.2,32.5,32.9,39.6,39.3,44.4,27.6,46.5,42.0,28.1,35.1,36.6,43.2,35.4,17.4,25.7,30.1,36.8,40.8,31.4,36.4,14.5,15.7,28.6,37.4,33.4,30.5,14.6,27.3,20.2,37.1,0.0
59.2,71.1,53.7,55.9,62.3,60.0,67.5,60.7,63.7,56.4,75.2,54.6,54.9,74.1,59.7,61.4,53.2,42.5,62.8,50.0,63.5,62.3,51.9,51.8,56.2,45.2,38.5,70.3,63.2,66.4,51.0,61.6,42.6,67.4,0.0
40.8,28.9,46.3,44.1,37.7,40.0,32.5,39.3,36.3,43.6,24.8,45.4,45.1,25.9,40.3,38.6,46.8,57.5,37.2,50.0,36.5,37.7,48.1,48.2,43.8,54.8,61.5,29.7,36.8,33.6,49.0,38.4,57.4,32.6,0.0
35.0,61.4,54.8,24.0,54.5,65.9,64.9,51.0,44.6,42.6,56.3,46.5,60.4,58.3,29.7,51.6,54.9,38.4,47.6,50.7,75.3,42.2,45.7,42.3,13.5,14.1,42.2,35.2,30.3,70.3,11.5,50.8,23.5,38.0,0.0
65.0,38.6,45.2,76.0,45.5,34.1,35.1,49.0,55.4,57.4,43.7,53.5,39.6,41.7,70.3,48.4,45.1,61.6,52.4,49.3,24.7,57.8,54.3,57.7,86.5,85.9,57.8,64.8,69.7,29.7,88.5,49.2,76.5,62.0,0.0
38.3,27.6,42.6,31.5,38.0,35.7,45.2,38.6,43.1,32.4,40.1,40.6,35.7,27.2,41.4,31.1,34.3,32.0,33.2,32.8,50.9,36.3,30.9,42.3,30.2,27.5,29.6,40.4,34.4,57.2,22.8,37.8,28.2,43.5,0.0
22.4,40.7,22.7,7.1,19.8,25.0,32.6,29.8,25.2,20.6,28.3,38.1,25.5,30.6,19.6,30.5,24.7,17.3,22.3,27.4,30.2,24.5,28.2,24.4,10.5,11.3,30.4,27.3,28.5,23.5,15.8,36.8,30.9,25.0,0.0
17.3,14.2,14.5,24.6,21.1,20.8,10.9,21.4,11.9,19.1,17.9,10.1,24.6,19.5,13.9,22.9,18.8,30.3,22.5,17.8,16.2,20.8,22.5,16.6,25.0,26.5,17.5,10.4,16.5,5.7,30.0,13.1,18.4,10.8,0.0
22.0,17.5,20.2,36.7,21.1,18.5,11.3,10.2,19.8,27.8,13.8,11.2,14.2,22.7,25.1,15.5,22.1,20.4,22.1,22.0,2.7,18.3,18.5,16.7,34.3,34.7,22.5,21.9,20.6,13.6,31.4,12.3,22.6,20.7,0.0
70.6,92.2,75.0,55.2,71.5,74.3,83.7,80.7,72.4,77.1,86.6,81.6,82.2,84.0,70.7,85.3,83.9,59.2,72.8,85.2,82.7,93.0,69.9,80.1,54.7,55.1,73.0,79.3,85.4,94.4,71.6,94.5,84.5,85.5,0.0
29.4,7.8,25.0,44.8,28.5,25.7,16.3,19.3,27.6,22.9,13.4,18.4,17.8,16.0,29.3,14.7,16.1,40.8,27.2,14.8,17.3,7.0,30.1,19.9,45.3,44.9,27.0,20.7,14.6,5.6,28.4,5.5,15.5,14.5,0.0
3.19,2.92,3.3,3.6,2.85,3.36,3.19,3.03,3.01,3.55,2.95,3.25,3.34,3.04,3.14,3.08,3.46,3.54,3.09,3.13,3.1,3.09,3.39,2.97,3.5,3.44,3.32,3.19,3.46,2.93,3.52,3.18,3.71,3.2,0.0
43.4,32.2,48.4,33.4,40.5,39.2,59.5,44.7,47.3,37.6,47.7,48.2,37.8,33.0,45.0,35.9,39.8,37.5,38.4,44.5,57.6,45.9,33.0,46.9,34.6,29.3,35.6,46.9,44.7,69.1,25.6,54.8,34.3,47.1,0.0
56.6,67.8,51.6,66.6,59.5,60.8,40.5,55.3,52.7,62.4,52.3,51.8,62.2,67.0,55.0,64.1,60.2,62.5,61.6,55.5,42.4,54.1,67.0,53.1,65.4,70.7,64.4,53.1,55.3,30.9,74.4,45.2,65.7,52.9,0.0
69.7,74.9,73.5,82.5,70.5,73.8,75.6,84.8,67.6,84.6,51.5,78.5,80.3,72.6,71.4,79.3,88.3,73.9,78.2,62.6,78.0,76.9,81.9,64.4,85.0,73.0,81.1,80.9,68.9,64.2,86.8,61.3,77.9,73.1,0.0
20.3,16.2,17.7,13.7,17.4,18.1,17.1,10.0,19.9,11.5,29.6,15.8,13.7,21.5,17.2,13.0,7.2,17.3,12.8,22.8,17.5,12.7,11.9,25.3,8.0,21.1,13.6,12.9,18.9,21.4,10.0,26.3,14.5,18.8,0.0
10.0,8.9,8.8,3.8,12.1,8.0,7.4,5.2,12.5,3.8,19.0,5.8,6.0,5.9,11.4,7.7,4.5,8.8,9.1,14.6,4.5,10.4,6.2,10.2,7.0,5.9,5.3,6.2,12.2,14.5,3.2,12.4,7.6,8.1,0.0
56.1,69.9,67.3,70.5,46.6,61.5,75.6,75.4,58.5,82.9,41.7,82.6,72.9,61.4,54.7,74.0,83.7,61.9,57.0,49.5,63.4,71.1,72.2,54.6,73.8,53.6,73.5,70.0,63.6,50.7,77.2,50.9,78.2,60.5,0.0
22.1,17.0,19.9,18.9,22.5,23.1,16.0,15.1,21.6,11.3,30.7,12.2,17.0,23.2,24.1,14.6,10.6,22.8,17.4,29.8,27.4,16.6,16.8,26.8,15.5,29.7,17.8,19.0,23.8,26.5,15.4,32.2,14.6,23.9,0.0
21.8,13.0,12.8,10.5,30.9,15.4,8.4,9.5,19.9,5.8,27.6,5.2,10.1,15.4,21.2,11.3,5.8,15.2,25.6,20.7,9.2,12.3,10.9,18.6,10.7,16.7,8.7,11.0,12.6,22.8,7.4,16.9,7.2,15.6,0.0
48.3,42.5,63.8,67.4,37.9,55.1,40.4,40.8,44.2,61.9,40.5,50.1,63.5,49.2,46.4,59.9,59.0,59.0,46.4,48.5,42.8,47.9,58.8,50.4,58.6,50.6,55.5,51.8,63.8,39.2,60.5,43.0,66.1,47.9,0.0
21.2,20.0,18.2,17.2,19.4,20.9,22.1,17.9,17.1,16.5,22.5,21.5,18.6,23.6,16.8,12.6,16.9,19.2,15.9,23.0,23.5,18.3,18.7,27.7,19.6,19.7,17.2,24.4,14.1,19.0,19.8,23.4,18.6,19.0,0.0
30.5,37.5,18.1,15.3,42.7,24.0,37.5,41.3,38.6,21.6,37.0,28.4,17.9,27.2,36.8,27.5,24.1,21.8,37.7,28.6,33.7,33.8,22.5,21.9,21.9,29.7,27.3,23.8,22.1,41.8,19.7,33.6,15.3,33.1,0.0
24.2,22.7,17.3,20.3,19.1,16.2,9.2,31.3,34.1,18.5,45.2,6.8,21.3,24.8,27.1,10.0,18.0,23.0,20.7,20.5,16.0,25.6,17.4,17.0,18.2,21.5,17.6,16.5,12.6,21.2,15.1,14.0,8.7,14.9,0.0
75.8,77.3,82.7,79.7,80.9,83.8,90.8,68.7,65.9,81.5,54.8,93.2,78.7,75.2,72.9,90.0,82.0,77.0,79.3,79.5,84.0,74.4,82.6,83.0,81.8,78.5,82.4,83.5,87.4,78.8,84.9,86.0,91.3,85.1,0.0
5.6,4.8,8.6,3.1,5.6,6.6,4.3,3.5,7.0,2.6,4.8,2.6,3.6,5.8,5.2,5.8,4.0,2.3,4.1,2.5,2.5,3.5,5.0,4.1,4.7,3.8,7.3,4.7,3.3,12.9,2.5,5.4,2.3,1.9,0.0
94.4,95.2,91.4,96.9,94.4,93.4,95.7,96.5,93.0,97.4,95.2,97.4,96.4,94.2,94.8,94.2,96.0,97.7,95.9,97.5,97.5,96.5,95.0,95.9,95.3,96.2,92.7,95.3,96.7,87.1,97.5,94.6,97.7,98.1,0.0
23.7,8.1,19.3,33.5,22.8,17.2,9.1,11.0,24.3,15.0,16.1,3.5,12.3,15.1,23.6,15.9,11.2,24.2,19.6,11.8,10.5,8.0,19.8,13.2,25.2,34.8,19.4,12.1,8.7,17.2,22.2,11.0,4.3,7.5,0.0
76.3,91.9,80.7,66.5,77.2,82.8,90.9,89.0,75.7,85.0,83.9,96.5,87.7,84.9,76.4,84.1,88.8,75.8,80.4,88.2,89.5,92.0,80.2,86.8,74.8,65.2,80.6,87.9,91.3,82.8,77.8,89.0,95.7,92.5,0.0
22.7,5.2,13.6,27.7,19.0,15.7,9.1,13.0,20.3,13.9,16.3,4.9,15.7,12.6,22.7,15.4,9.2,24.7,12.3,10.4,9.9,7.8,19.0,10.3,25.0,25.9,17.7,13.3,8.6,16.5,21.2,9.9,3.8,6.0,0.0
77.3,94.8,86.4,72.3,81.0,84.3,90.9,87.0,79.7,86.1,83.7,95.1,84.3,87.4,77.3,84.6,90.8,75.3,87.7,89.6,90.1,92.2,81.0,89.7,75.0,74.1,82.3,86.7,91.4,83.5,78.8,90.1,96.2,94.0,0.0
40.0,28.9,24.4,33.6,37.5,30.3,36.5,39.6,44.4,23.4,39.1,24.2,37.4,38.3,35.3,40.3,21.6,31.1,38.9,37.7,30.5,34.5,26.5,39.9,28.4,25.7,32.5,29.2,25.2,27.1,22.1,25.1,10.9,24.9,0.0
60.0,71.1,75.6,66.4,62.5,69.7,63.5,60.4,55.6,76.6,60.9,75.8,62.6,61.7,64.7,59.7,78.4,68.9,61.1,62.3,69.5,65.5,73.5,60.1,71.6,74.3,67.5,70.8,74.8,72.9,77.9,74.9,89.1,75.1,0.0
86.2,87.7,78.8,91.3,85.6,86.4,76.8,82.8,84.3,81.6,87.0,86.0,83.9,68.4,86.0,77.9,97.1,90.0,91.9,85.0,89.1,87.1,90.2,72.5,74.2,82.5,75.1,82.8,85.1,59.0,87.4,84.5,88.4,76.0,0.0
10.1,8.5,16.6,7.3,10.4,10.1,15.3,11.8,11.1,14.3,8.8,9.1,12.6,20.2,9.9,13.1,2.3,7.2,5.9,11.7,9.9,9.1,7.1,20.4,21.3,13.7,17.7,13.1,11.1,21.1,10.6,11.4,7.6,13.9,0.0
3.8,3.8,4.6,1.4,4.0,3.5,7.9,5.4,4.5,4.1,4.2,4.9,3.5,11.3,4.2,9.1,0.7,2.7,2.2,3.2,1.0,3.9,2.7,7.1,4.5,3.8,7.2,4.2,3.8,19.9,2.0,4.1,3.9,10.2,0.0
87.8,89.3,76.6,94.6,83.9,89.8,82.8,84.1,84.4,84.5,83.2,89.1,89.7,76.5,87.8,87.5,96.7,93.1,86.1,83.8,87.0,89.2,90.4,79.6,86.2,80.7,76.4,82.5,88.3,61.7,93.7,85.7,91.2,75.3,0.0
9.6,6.6,16.4,4.4,11.2,7.5,12.0,11.5,9.5,11.1,10.4,8.1,7.6,13.9,6.9,8.9,2.8,5.0,10.7,11.7,10.4,7.1,7.5,15.4,11.1,14.0,16.3,13.2,8.2,19.9,4.8,9.3,6.4,15.4,0.0
2.6,4.0,6.9,1.0,4.9,2.7,5.2,4.5,6.2,4.4,6.3,2.7,2.6,9.7,5.3,3.6,0.5,1.9,3.2,4.5,2.5,3.8,2.1,5.0,2.7,5.3,7.3,4.3,3.5,18.4,1.4,5.1,2.4,9.3,0.0
41.7,70.8,64.2,36.9,52.4,66.9,68.2,58.4,67.9,47.9,69.8,43.3,72.9,77.0,39.5,83.1,51.5,40.2,50.3,60.9,76.4,74.1,64.7,72.2,60.1,56.3,46.7,66.8,66.5,78.1,49.0,72.6,55.7,72.9,0.0
58.3,29.2,35.8,63.1,47.6,33.1,31.8,41.6,32.1,52.1,30.2,56.7,27.1,23.0,60.5,16.9,48.5,59.8,49.7,39.1,23.6,25.9,35.3,27.8,39.9,43.7,53.3,33.2,33.5,21.9,51.0,27.4,44.3,27.1,0.0
18.2,32.2,43.6,10.0,30.9,31.9,36.7,38.0,27.5,19.1,39.9,24.9,33.4,60.3,20.3,27.4,16.4,13.4,36.0,37.1,23.3,37.4,35.3,46.2,16.2,19.0,17.6,34.9,39.8,62.3,14.8,36.2,15.0,38.0,0.0
81.8,67.8,56.4,90.0,69.1,68.1,63.3,62.0,72.5,80.9,60.1,75.1,66.6,39.7,79.7,72.6,83.6,86.6,64.0,62.9,76.7,62.6,64.7,53.8,83.8,81.0,82.4,65.1,60.2,37.7,85.2,63.8,85.0,62.0,0.0
24.7,25.1,32.9,19.6,34.4,24.2,21.7,20.9,27.8,13.6,31.9,16.7,29.3,34.2,21.9,26.4,9.4,40.7,33.2,24.6,15.3,24.9,25.2,27.3,19.3,14.7,14.8,18.3,21.2,35.8,14.7,25.1,10.9,22.5,0.0
75.3,74.9,67.1,80.4,65.6,75.8,78.3,79.1,72.2,86.4,68.1,83.3,70.7,65.8,78.1,73.6,90.6,59.3,66.8,75.4,84.7,75.1,74.8,72.7,80.7,85.3,85.2,81.7,78.8,64.2,85.3,74.9,89.1,77.5,0.0
29.0,36.0,52.8,20.9,38.8,37.6,40.1,38.9,42.7,28.1,44.0,24.9,43.6,57.9,31.3,39.9,26.5,26.7,38.3,39.4,26.4,51.1,39.9,48.8,26.4,30.2,29.1,46.9,43.9,63.1,28.7,51.0,34.3,48.6,0.0
71.0,64.0,47.2,79.1,61.2,62.4,59.9,61.1,57.3,71.9,56.0,75.1,56.4,42.1,68.7,60.1,73.5,73.3,61.7,60.6,73.6,48.9,60.1,51.2,73.6,69.8,70.9,53.1,56.1,36.9,71.3,49.0,65.7,51.4,0.0
10.0,25.7,20.1,5.1,11.7,22.8,36.8,16.9,20.6,9.3,20.3,13.6,25.8,29.4,11.9,25.9,14.7,7.8,9.2,15.6,15.2,24.5,25.8,18.9,11.2,13.0,7.4,27.3,38.5,38.7,8.8,45.2,36.1,33.5,0.0
90.0,74.3,79.9,94.9,88.3,77.2,63.2,83.1,79.4,90.7,79.7,86.4,74.2,70.6,88.1,74.1,85.3,92.2,90.8,84.4,84.8,75.5,74.2,81.1,88.8,87.0,92.6,72.7,61.5,61.3,91.2,54.8,63.9,66.5,0.0
15.1,16.2,13.4,9.5,12.8,15.7,28.6,20.1,11.9,22.7,21.8,16.8,16.6,13.2,21.3,20.3,41.2,14.4,14.3,20.5,19.2,26.3,10.5,15.3,11.8,14.1,14.9,22.2,36.2,56.6,7.5,26.9,42.5,28.8,0.0
25.2,4.2,6.8,16.8,38.5,8.6,10.9,17.5,18.2,19.6,19.8,8.6,6.9,7.3,18.0,4.6,16.0,53.2,37.0,8.5,7.6,5.0,4.8,4.2,9.7,19.5,28.3,6.4,4.8,4.7,24.4,8.1,10.4,5.3,0.0
43.9,60.3,71.9,59.6,38.8,55.3,44.9,47.7,59.2,34.2,45.0,62.3,51.7,62.9,44.0,56.9,32.7,19.7,37.7,55.1,56.5,42.2,69.4,70.7,62.3,50.4,36.4,56.3,31.4,25.1,54.7,37.3,24.4,43.3,0.0
6.7,4.3,2.1,5.0,5.7,6.5,5.6,6.2,4.3,12.9,6.5,3.5,7.7,4.9,6.5,5.7,5.9,8.1,5.8,4.7,6.7,6.8,3.9,3.9,5.9,5.0,13.4,2.9,8.7,6.4,7.2,9.4,11.7,9.3,0.0
3.7,4.7,2.0,4.2,1.4,4.1,3.1,3.6,3.0,3.9,2.7,2.7,5.2,3.2,4.6,2.6,2.1,3.1,1.5,2.3,2.3,2.6,3.2,1.6,3.6,4.2,2.2,2.1,4.4,2.4,2.6,6.5,3.1,2.9,0.0
5.4,10.2,3.7,4.9,2.8,9.8,7.0,5.0,3.4,6.6,4.2,6.0,11.8,8.6,5.6,9.9,2.2,1.4,3.7,8.9,7.7,17.1,8.1,4.2,6.7,6.8,4.8,10.0,14.5,4.8,3.5,11.7,7.9,10.4,0.0
55.0,79.3,60.0,40.8,54.7,63.5,58.7,73.0,61.3,61.5,59.4,76.6,72.7,73.5,58.6,72.2,73.1,35.1,52.7,61.2,74.5,61.5,61.1,68.5,45.5,37.9,58.3,70.1,66.1,54.7,46.9,42.8,61.6,71.5,0.0
9.1,4.2,7.0,7.0,9.6,4.6,4.8,5.6,8.8,8.5,7.3,2.7,5.2,3.8,6.7,4.8,4.7,10.2,9.4,5.0,1.9,3.6,4.7,8.3,6.1,6.0,9.9,4.5,3.2,4.7,6.7,5.3,3.8,7.7,0.0
19.4,3.3,13.8,35.4,21.6,19.1,5.4,7.0,14.0,15.9,12.1,3.2,10.0,9.8,20.6,12.4,9.2,34.9,21.7,8.7,6.5,8.8,19.0,13.4,35.6,39.5,16.5,9.3,6.9,8.4,39.8,9.8,4.6,5.6,0.0
16.4,13.1,19.3,16.8,14.1,12.9,31.1,14.4,15.9,14.1,21.2,17.5,12.1,12.9,14.1,10.6,13.0,19.8,16.2,25.1,17.0,26.2,15.2,9.8,12.8,16.6,15.3,16.1,23.8,32.2,6.7,42.1,30.0,15.2,0.0
69.9,83.7,61.3,52.7,51.0,64.8,77.6,69.0,59.6,67.0,80.5,84.8,74.6,78.3,59.6,74.8,84.1,76.1,71.4,62.4,73.2,68.6,75.5,65.5,53.8,57.6,65.5,73.0,62.8,76.7,70.5,62.2,49.9,54.0,0.0
8.1,5.6,7.7,21.5,10.6,8.5,7.0,8.4,9.8,8.6,4.1,4.3,3.8,2.2,13.4,4.1,4.2,6.3,8.0,5.1,11.2,13.1,4.2,8.0,12.8,8.0,9.2,7.0,13.0,5.4,9.9,12.6,8.5,14.5,0.0
8.0,4.7,10.4,9.3,14.1,7.9,9.5,7.8,9.2,7.8,3.9,5.1,8.1,3.7,7.8,8.8,5.2,4.6,7.0,9.7,11.9,10.9,7.2,11.3,13.4,6.1,7.5,8.1,16.1,7.5,4.6,12.2,18.9,15.0,0.0
10.8,4.5,16.0,10.8,19.3,13.4,5.4,11.1,17.9,12.9,8.8,5.5,9.3,10.4,15.8,9.8,5.3,8.2,10.5,16.5,3.4,6.1,9.0,11.6,14.7,12.1,11.9,9.7,7.3,7.5,6.7,10.2,20.2,13.8,0.0
3.2,1.6,4.6,5.8,5.0,5.3,0.5,3.7,3.4,3.8,2.7,0.4,4.2,5.4,3.4,2.5,1.2,4.8,3.1,6.3,0.3,1.4,4.1,3.6,5.3,16.2,5.8,2.3,0.9,2.9,8.3,2.9,2.5,2.7,0.0
84.0,77.9,78.8,93.5,82.5,80.7,65.4,75.3,78.7,86.1,74.8,80.6,75.9,76.3,83.2,78.6,79.5,90.6,86.9,85.0,80.8,85.9,74.9,85.4,85.7,85.8,87.2,78.6,74.7,69.1,90.6,63.4,81.1,74.8,0.0
16.0,22.1,21.2,6.5,17.5,19.3,34.6,24.7,21.3,13.9,25.2,19.4,24.1,23.7,16.8,21.4,20.5,9.4,13.1,15.0,19.2,14.1,25.1,14.6,14.3,14.2,12.8,21.4,25.3,30.9,9.4,36.6,18.9,25.2,0.0
63.4,75.9,64.2,60.0,71.2,66.6,57.7,75.1,66.6,64.1,71.9,76.9,75.6,76.4,60.3,69.0,68.4,62.7,77.2,69.3,74.7,64.4,64.2,68.8,70.5,67.9,65.0,71.1,65.6,79.8,57.6,48.2,70.5,65.8,0.0
36.6,24.1,35.8,40.0,28.8,33.4,42.3,24.9,33.4,35.9,28.1,23.1,24.4,23.6,39.7,31.0,31.6,37.3,22.8,30.7,25.3,35.6,35.8,31.2,29.5,32.1,35.0,28.9,34.4,20.2,42.4,51.8,29.5,34.2,0.0
66.9,66.5,44.7,82.3,47.5,66.0,62.1,65.6,57.4,77.4,73.8,72.2,74.3,56.9,68.4,69.2,74.2,85.2,71.4,64.6,70.7,72.6,60.9,51.1,76.5,84.9,74.8,53.2,71.6,65.3,79.5,60.9,70.1,53.6,0.0
33.1,33.5,55.3,17.7,52.5,34.0,37.9,34.4,42.6,22.6,26.2,27.8,25.7,43.1,31.6,30.8,25.8,14.8,28.6,35.4,29.3,27.4,39.1,48.9,23.5,15.1,25.2,46.8,28.4,34.7,20.5,39.1,29.9,46.4,0.0
55.95,55.48,58.67,65.32,53.16,62.95,59.81,61.02,54.97,61.67,54.26,58.91,61.63,54.81,55.11,64.02,58.84,63.29,53.93,59.27,57.0,59.42,61.35,59.12,56.44,55.4,58.56,61.79,59.45,59.06,60.96,60.25,62.44,60.71,0.0
49.5,7.5,18.7,68.6,35.2,15.7,11.4,31.7,26.2,37.0,24.8,23.1,10.7,11.0,56.8,6.4,22.0,54.5,37.6,26.1,10.2,13.2,36.6,13.8,53.5,62.6,42.2,15.5,13.8,17.1,68.5,16.9,27.5,14.8,0.0
26.5,21.3,41.8,22.2,29.4,29.1,29.3,28.0,31.8,31.9,35.7,27.2,17.0,36.3,26.1,15.1,26.6,29.1,37.7,29.5,31.9,16.0,25.9,38.4,31.4,24.5,34.9,19.9,14.6,18.1,22.8,9.5,14.2,19.1,0.0
16.3,39.3,29.2,7.1,27.3,36.9,32.6,29.1,28.2,23.8,29.2,23.7,34.7,33.4,11.9,43.8,34.3,11.4,20.9,28.9,35.2,33.5,24.8,36.0,10.7,10.4,17.4,37.7,33.3,34.9,7.0,34.8,35.2,33.4,0.0
7.7,31.9,10.4,2.1,8.1,18.3,26.7,11.2,13.9,7.4,10.2,26.0,37.6,19.3,5.3,34.7,17.1,4.9,3.8,15.5,22.7,37.3,12.7,11.8,4.4,2.5,5.5,26.9,38.3,29.8,1.7,38.9,23.2,32.7,0.0
2.4,6.5,2.4,2.1,2.7,12.9,5.4,3.8,3.6,2.1,16.4,1.4,14.0,10.5,3.0,5.2,2.1,3.6,0.8,3.2,1.6,3.2,2.8,3.6,4.9,5.1,1.4,3.6,11.2,3.5,2.9,8.0,2.6,5.0,0.0
97.6,93.5,97.6,97.9,97.3,87.1,94.6,96.2,96.4,97.9,83.6,98.6,86.0,89.5,97.0,94.8,97.9,96.4,99.2,96.8,98.4,96.8,97.2,96.4,95.1,94.9,98.6,96.4,88.8,96.5,97.1,92.0,97.4,95.0,0.0
88.0,91.0,86.0,88.1,91.8,79.2,93.7,85.5,91.5,95.9,67.8,98.4,83.5,82.5,92.8,88.4,86.6,93.1,93.0,86.1,88.4,91.5,82.3,59.8,77.7,91.3,95.5,92.0,86.9,76.2,96.2,87.5,77.5,81.5,0.0
12.0,9.0,14.0,11.9,8.2,20.8,6.3,14.5,8.5,4.1,32.2,1.6,16.5,17.5,7.2,11.6,13.4,6.9,7.0,13.9,11.6,8.5,17.7,40.2,22.3,8.7,4.5,8.0,13.1,23.8,3.8,12.5,22.5,18.5,0.0
65.6,83.9,57.2,60.0,67.9,78.5,77.6,78.6,60.3,69.5,43.3,82.9,87.1,85.8,56.7,74.3,58.8,65.7,56.6,61.2,80.7,81.8,61.4,60.7,53.2,52.5,66.9,76.9,83.0,71.5,49.0,79.0,78.2,72.5,0.0
34.4,16.1,42.8,40.0,32.1,21.5,22.4,21.4,39.7,30.5,56.7,17.1,12.9,14.2,43.3,25.7,41.2,34.3,43.4,38.8,19.3,18.2,38.6,39.3,46.8,47.5,33.1,23.1,17.0,28.5,51.0,21.0,21.8,27.5,0.0
92.9,92.6,85.6,93.3,91.9,97.6,91.2,95.3,88.7,98.4,89.3,98.6,97.8,96.0,88.9,95.5,92.9,96.3,82.2,89.6,95.5,92.8,83.7,87.8,92.8,94.9,98.2,94.9,97.1,85.8,84.1,90.8,87.9,94.6,0.0
7.1,7.4,14.4,6.7,8.1,2.4,8.8,4.7,11.3,1.6,10.7,1.4,2.2,4.0,11.1,4.5,7.1,3.7,17.8,10.4,4.5,7.2,16.3,12.2,7.2,5.1,1.8,5.1,2.9,14.2,15.9,9.2,12.1,5.4,0.0
82.8,92.8,73.8,70.2,85.8,91.1,87.9,89.4,86.2,80.0,81.2,91.8,93.0,92.7,84.7,86.2,79.6,83.7,83.1,83.4,91.8,90.2,76.2,78.1,63.9,55.3,88.7,88.9,91.1,86.1,75.3,84.7,84.0,89.7,0.0
17.2,7.2,26.2,29.8,14.2,8.9,12.1,10.6,13.8,20.0,18.8,8.2,7.0,7.3,15.3,13.8,20.4,16.3,16.9,16.6,8.2,9.8,23.8,21.9,36.1,44.7,11.3,11.1,8.9,13.9,24.7,15.3,16.0,10.3,0.0
90.3,91.7,82.2,88.5,87.8,89.0,97.1,94.1,77.1,94.3,91.2,96.8,92.2,89.7,85.7,92.3,96.5,82.0,91.1,85.5,97.0,95.4,79.1,78.6,76.4,80.7,88.2,94.2,94.4,95.4,91.0,91.9,88.9,94.7,0.0
9.7,8.3,17.8,11.5,12.2,11.0,2.9,5.9,22.9,5.7,8.8,3.2,7.8,10.3,14.3,7.7,3.5,18.0,8.9,14.5,3.0,4.6,20.9,21.4,23.6,19.3,11.8,5.8,5.6,4.6,9.0,8.1,11.1,5.3,0.0
96.6,99.4,98.7,95.5,98.0,99.2,99.8,97.8,93.0,97.6,97.7,99.1,99.1,99.7,95.4,99.4,98.8,97.4,98.1,98.4,98.3,98.1,95.8,96.8,97.9,94.5,95.6,98.2,98.1,97.6,97.3,98.5,90.0,97.3,0.0
3.4,0.6,1.3,4.5,2.0,0.8,0.2,2.2,7.0,2.4,2.3,0.9,0.9,0.3,4.6,0.6,1.2,2.6,1.9,1.6,1.7,1.9,4.2,3.2,2.1,5.5,4.4,1.8,1.9,2.4,2.7,1.5,10.0,2.7,0.0
55.2,89.8,82.2,50.7,86.8,90.6,89.0,93.8,66.8,90.9,89.0,68.6,82.3,97.5,71.9,86.2,81.3,85.0,76.6,89.6,87.9,88.6,87.6,78.0,28.2,65.9,90.0,91.4,97.3,80.4,81.7,97.4,89.2,94.4,0.0
44.8,10.2,17.8,49.3,13.2,9.4,11.0,6.2,33.2,9.1,11.0,31.4,17.7,2.5,28.1,13.8,18.7,15.0,23.4,10.4,12.1,11.4,12.4,22.0,71.8,34.1,10.0,8.6,2.7,19.6,18.3,2.6,10.8,5.6,0.0
81.2,89.3,79.9,82.9,83.6,82.5,88.5,91.6,81.3,85.9,92.4,93.2,82.4,84.3,84.2,90.4,89.6,85.1,78.5,90.9,92.0,91.5,85.9,85.2,78.6,84.7,81.3,87.8,92.7,94.8,79.8,93.2,97.0,91.8,0.0
18.8,10.7,20.1,17.1,16.4,17.5,11.5,8.4,18.7,14.1,7.6,6.8,17.6,15.7,15.8,9.6,10.4,14.9,21.5,9.1,8.0,8.5,14.1,14.8,21.4,15.3,18.7,12.2,7.3,5.2,20.2,6.8,3.0,8.2,0.0
87.1,89.7,82.5,88.3,87.6,84.2,92.9,94.8,85.5,87.8,94.2,94.5,84.4,86.6,89.0,92.4,92.4,91.5,82.7,92.1,95.4,93.2,91.5,87.3,84.2,89.9,84.8,89.3,95.2,96.9,85.2,96.4,98.9,93.7,0.0
12.9,10.3,17.5,11.7,12.4,15.8,7.1,5.2,14.5,12.2,5.8,5.5,15.6,13.4,11.0,7.6,7.6,8.5,17.3,7.9,4.6,6.8,8.5,12.7,15.8,10.1,15.2,10.7,4.8,3.1,14.8,3.6,1.1,6.3,0.0
98.2,99.3,97.7,97.8,98.1,98.4,98.4,99.4,97.6,97.7,98.9,99.1,99.5,98.7,96.9,99.4,98.6,98.0,98.7,98.5,99.4,98.6,98.4,98.6,95.4,96.4,97.6,98.9,99.5,98.3,97.6,98.3,99.4,99.4,0.0
1.8,0.7,2.3,2.2,1.9,1.6,1.6,0.6,2.4,2.3,1.1,0.9,0.5,1.3,3.1,0.6,1.4,2.0,1.3,1.5,0.6,1.4,1.6,1.4,4.6,3.6,2.4,1.1,0.5,1.7,2.4,1.7,0.6,0.6,0.0
93.5,96.2,95.7,94.1,95.7,94.4,95.5,95.3,92.9,93.4,97.7,95.8,94.8,95.5,94.1,96.5,95.3,92.8,94.0,97.6,97.4,96.7,93.4,96.6,93.7,94.0,92.2,94.7,96.0,97.3,92.2,98.3,98.8,97.7,0.0
6.5,3.8,4.3,5.9,4.3,5.6,4.5,4.7,7.1,6.6,2.3,4.2,5.2,4.5,5.9,3.5,4.7,7.2,6.0,2.4,2.6,3.3,6.6,3.4,6.3,6.0,7.8,5.3,4.0,2.7,7.8,1.7,1.2,2.3,0.0
97.1,99.3,97.4,97.1,98.4,99.6,99.0,99.0,96.2,96.8,99.8,99.6,98.9,99.7,98.2,99.7,99.0,97.2,98.2,98.9,98.1,99.3,98.5,99.3,97.3,97.5,96.7,99.5,99.4,99.1,96.3,99.7,99.5,98.0,0.0
2.9,0.7,2.6,2.9,1.6,0.4,1.0,1.0,3.8,3.2,0.2,0.4,1.1,0.3,1.8,0.3,1.0,2.8,1.8,1.1,1.9,0.7,1.5,0.7,2.7,2.5,3.3,0.5,0.6,0.9,3.7,0.3,0.5,2.0,0.0
91.4,99.4,97.8,96.8,95.4,98.4,96.6,97.8,90.5,94.5,99.1,98.4,94.5,95.3,92.8,97.8,96.7,92.3,92.8,99.3,97.9,98.2,95.2,98.8,93.8,97.2,95.4,97.4,96.3,98.7,95.7,98.5,98.6,96.7,0.0
8.6,0.6,2.2,3.2,4.6,1.6,3.4,2.2,9.5,5.5,0.9,1.6,5.5,4.7,7.2,2.2,3.3,7.7,7.2,0.7,2.1,1.8,4.8,1.2,6.2,2.8,4.6,2.6,3.7,1.3,4.3,1.5,1.4,3.3,0.0
99.2,99.8,98.2,99.1,98.7,99.7,98.7,99.3,98.1,98.8,99.7,99.8,99.7,99.9,98.4,99.8,98.8,98.2,98.9,99.6,99.8,99.5,100.0,99.5,98.2,99.1,98.8,100.0,99.7,99.3,98.8,99.4,99.5,99.6,0.0
0.8,0.2,1.8,0.9,1.3,0.3,1.3,0.7,1.9,1.2,0.3,0.2,0.3,0.1,1.6,0.2,1.2,1.8,1.1,0.4,0.2,0.5,0.0,0.5,1.8,0.9,1.2,0.0,0.3,0.7,1.2,0.6,0.5,0.4,0.0
89.0,95.6,92.9,95.1,92.2,95.1,91.7,95.5,89.5,94.7,96.6,94.3,95.3,96.6,89.3,95.7,94.6,94.3,93.0,97.0,96.1,95.3,93.2,95.0,90.8,92.0,94.8,93.9,92.6,94.1,94.9,90.7,96.5,97.3,0.0
11.0,4.4,7.1,4.9,7.8,4.9,8.3,4.5,10.5,5.3,3.4,5.7,4.7,3.4,10.7,4.3,5.4,5.7,7.0,3.0,3.9,4.7,6.8,5.0,9.2,8.0,5.2,6.1,7.4,5.9,5.1,9.3,3.5,2.7,0.0
