F01,F02,F03,F04,F05,F06,F07,F08,F09,F10,F11,F12,F13,F14,F15,F16,F17,F18,F19,F20,F21,F22,F23,F24,F25,F26,F27,F28,clazz
0.322,0.305,0.251,0.304,0.409,0.48100000000000004,0.349,0.42200000000000004,0.368,0.37,0.222,0.245,0.115,0.247,0.285,0.226,0.046,0.205,0.316,0.379,0.462,0.435,0.43700000000000006,0.584,0.326,0.298,0.31,0.42100000000000004,0.0
0.41100000000000003,0.382,0.451,0.396,0.335,0.447,0.45,0.45399999999999996,0.47700000000000004,0.48200000000000004,0.309,0.38799999999999996,0.192,0.327,0.35200000000000004,0.27899999999999997,0.141,0.41700000000000004,0.447,0.501,0.47,0.518,0.513,0.37,0.41700000000000004,0.34600000000000003,0.397,0.425,0.0
0.267,0.313,0.298,0.301,0.256,0.07200000000000001,0.201,0.125,0.154,0.14800000000000002,0.469,0.36700000000000005,0.693,0.426,0.363,0.495,0.813,0.37799999999999995,0.237,0.121,0.067,0.048,0.05,0.046,0.257,0.355,0.293,0.154,0.0
0.8140000000000001,0.778,0.68,0.857,0.86,0.625,0.847,0.753,0.745,0.8809999999999999,0.88,0.85,0.804,0.8220000000000001,0.733,0.912,0.828,0.856,0.821,0.716,0.608,0.8079999999999999,0.846,0.65,-999.0,-999.0,-999.0,-999.0,0.0
0.107,0.135,0.19399999999999998,0.086,0.073,0.168,0.094,0.11900000000000001,0.147,0.076,0.067,0.115,0.14400000000000002,0.113,0.14400000000000002,0.055,0.122,0.09300000000000001,0.107,0.161,0.19899999999999998,0.105,0.09699999999999999,0.179,-999.0,-999.0,-999.0,-999.0,0.0
0.013999999999999999,0.013000000000000001,0.022000000000000002,0.009000000000000001,0.006999999999999999,0.027999999999999997,0.013999999999999999,0.013999999999999999,0.013000000000000001,0.011000000000000001,0.013000000000000001,0.002,0.009000000000000001,0.009000000000000001,0.022000000000000002,0.004,0.01,0.009000000000000001,0.015,0.017,0.019,0.013000000000000001,0.008,0.027999999999999997,-999.0,-999.0,-999.0,-999.0,0.0
0.01,0.012,0.031,0.0,0.0,0.005,0.011000000000000001,0.016,0.015,0.0,0.016,0.003,0.01,0.013000000000000001,0.012,0.0,0.005,0.01,0.016,0.016,0.01,0.026000000000000002,0.0,0.003,-999.0,-999.0,-999.0,-999.0,0.0
0.044000000000000004,0.051,0.059000000000000004,0.035,0.049,0.124,0.027000000000000003,0.083,0.071,0.028999999999999998,0.018000000000000002,0.013999999999999999,0.024,0.028999999999999998,0.07400000000000001,0.013999999999999999,0.023,0.022000000000000002,0.028999999999999998,0.077,0.14800000000000002,0.038,0.045,0.121,-999.0,-999.0,-999.0,-999.0,0.0
0.011000000000000001,0.012,0.013000000000000001,0.011000000000000001,0.011000000000000001,0.051,0.006999999999999999,0.015,0.01,0.003,0.006999999999999999,0.016,0.01,0.015,0.016,0.013999999999999999,0.012,0.01,0.012,0.013000000000000001,0.016,0.01,0.004,0.019,-999.0,-999.0,-999.0,-999.0,0.0
0.26899999999999996,0.301,0.5710000000000001,0.21600000000000003,0.132,0.141,0.258,0.295,0.365,0.245,0.294,0.16899999999999998,0.243,0.257,0.354,0.254,0.273,0.26,0.276,0.373,0.11199999999999999,0.24600000000000002,0.28,0.364,0.196,0.19399999999999998,0.299,0.36,0.0
0.223,0.248,0.309,0.252,0.141,0.16699999999999998,0.212,0.24100000000000002,0.245,0.23199999999999998,0.24,0.183,0.23199999999999998,0.272,0.262,0.222,0.244,0.233,0.22399999999999998,0.261,0.127,0.231,0.233,0.24600000000000002,0.203,0.193,0.24,0.242,0.0
0.509,0.451,0.12,0.532,0.727,0.6920000000000001,0.531,0.46399999999999997,0.39,0.523,0.466,0.648,0.525,0.47100000000000003,0.38299999999999995,0.524,0.484,0.507,0.5,0.366,0.7609999999999999,0.523,0.48700000000000004,0.39,0.601,0.612,0.461,0.39799999999999996,0.0
0.872,0.9359999999999999,0.9470000000000001,0.8859999999999999,0.87,0.9490000000000001,0.8740000000000001,0.895,0.9079999999999999,0.914,0.878,0.872,0.924,0.904,0.912,0.445,0.899,0.899,0.951,0.9470000000000001,0.9590000000000001,0.935,0.9520000000000001,0.971,0.975,0.287,0.904,0.9540000000000001,0.0
0.052000000000000005,0.026000000000000002,0.022000000000000002,0.048,0.052000000000000005,0.025,0.044000000000000004,0.043,0.045,0.037000000000000005,0.053,0.048,0.027999999999999997,0.038,0.038,0.201,0.045,0.040999999999999995,0.016,0.026000000000000002,0.02,0.032,0.021,0.009000000000000001,0.01,0.44,0.036000000000000004,0.02,0.0
0.076,0.037000000000000005,0.032,0.066,0.079,0.026000000000000002,0.083,0.063,0.047,0.049,0.069,0.08,0.049,0.057999999999999996,0.05,0.354,0.055999999999999994,0.06,0.033,0.027000000000000003,0.022000000000000002,0.033,0.027000000000000003,0.02,0.015,0.273,0.06,0.026000000000000002,0.0
0.59,0.084,0.37,0.365,0.34600000000000003,0.392,0.557,0.779,0.294,0.6759999999999999,0.23600000000000002,0.35100000000000003,0.084,0.067,0.264,0.331,0.196,0.307,0.21600000000000003,0.18,0.353,0.7390000000000001,0.7440000000000001,0.35,0.22399999999999998,0.36,0.382,0.245,0.0
0.067,0.513,0.28800000000000003,0.26899999999999996,0.245,0.06,0.165,0.026000000000000002,0.297,0.079,0.196,0.27,0.544,0.595,0.271,0.122,0.384,0.304,0.353,0.445,0.048,0.07,0.087,0.262,0.064,0.133,0.306,0.136,0.0
0.193,0.235,0.233,0.207,0.193,0.247,0.174,0.034,0.239,0.155,0.413,0.29,0.268,0.22399999999999998,0.207,0.177,0.28300000000000003,0.242,0.317,0.21899999999999997,0.249,0.075,0.113,0.21899999999999997,0.122,0.18,0.226,0.185,0.0
0.15,0.168,0.10800000000000001,0.159,0.21600000000000003,0.302,0.105,0.161,0.171,0.08900000000000001,0.155,0.08900000000000001,0.10400000000000001,0.115,0.258,0.37,0.13699999999999998,0.14800000000000002,0.114,0.156,0.35,0.11599999999999999,0.055999999999999994,0.168,0.591,0.327,0.086,0.434,0.0
0.88,0.527,0.71,0.7190000000000001,0.7140000000000001,0.941,0.853,0.972,0.7,0.89,0.741,0.726,0.49,0.4,0.6729999999999999,0.7759999999999999,0.589,0.723,0.6920000000000001,0.547,0.95,0.9209999999999999,0.902,0.6970000000000001,-999.0,-999.0,-999.0,-999.0,0.0
0.12,0.473,0.29,0.281,0.28600000000000003,0.059000000000000004,0.147,0.027999999999999997,0.3,0.11,0.259,0.27399999999999997,0.51,0.6,0.327,0.22399999999999998,0.41100000000000003,0.27699999999999997,0.308,0.45299999999999996,0.05,0.079,0.098,0.303,-999.0,-999.0,-999.0,-999.0,0.0
0.58,0.627,0.62,0.5760000000000001,0.616,0.75,0.519,0.675,0.6990000000000001,0.602,0.465,0.527,0.568,0.526,0.616,0.47600000000000003,0.483,0.494,0.544,0.732,0.754,0.619,0.634,0.8109999999999999,0.7,0.645,0.58,0.7829999999999999,0.0
0.42,0.373,0.38,0.424,0.384,0.25,0.48100000000000004,0.325,0.301,0.39799999999999996,0.535,0.473,0.43200000000000005,0.474,0.384,0.524,0.517,0.506,0.456,0.268,0.24600000000000002,0.381,0.366,0.18899999999999997,0.3,0.355,0.42,0.217,0.0
0.674,0.7020000000000001,0.711,0.662,0.695,0.877,0.606,0.777,0.752,0.618,0.528,0.622,0.6890000000000001,0.604,0.7290000000000001,0.5589999999999999,0.629,0.608,0.603,0.773,0.883,0.733,0.662,0.828,0.8490000000000001,0.728,0.657,0.8390000000000001,0.0
0.326,0.298,0.289,0.33799999999999997,0.305,0.12300000000000001,0.39399999999999996,0.223,0.248,0.382,0.47200000000000003,0.37799999999999995,0.311,0.396,0.271,0.441,0.371,0.392,0.397,0.22699999999999998,0.11699999999999999,0.267,0.33799999999999997,0.172,0.151,0.272,0.34299999999999997,0.161,0.0
0.835,0.8370000000000001,0.8059999999999999,0.847,0.858,0.8320000000000001,0.7909999999999999,0.784,0.8290000000000001,0.8420000000000001,0.863,0.902,0.884,0.8859999999999999,0.8320000000000001,0.873,0.885,0.871,0.833,0.8220000000000001,0.892,0.8,0.7859999999999999,0.762,0.883,0.9259999999999999,0.828,0.762,0.0
0.165,0.163,0.19399999999999998,0.153,0.142,0.168,0.209,0.21600000000000003,0.171,0.158,0.13699999999999998,0.098,0.11599999999999999,0.114,0.168,0.127,0.115,0.129,0.16699999999999998,0.17800000000000002,0.10800000000000001,0.2,0.214,0.23800000000000002,0.11699999999999999,0.07400000000000001,0.172,0.23800000000000002,0.0
0.11699999999999999,0.098,0.111,0.09699999999999999,0.12300000000000001,0.102,0.122,0.191,0.10300000000000001,0.131,0.076,0.049,0.087,0.07400000000000001,0.115,0.094,0.08800000000000001,0.085,0.081,0.098,0.092,0.153,0.15,0.152,0.17800000000000002,0.12,0.095,0.213,0.0
0.698,0.726,0.6659999999999999,0.727,0.738,0.741,0.722,0.6709999999999999,0.7120000000000001,0.6890000000000001,0.731,0.8290000000000001,0.688,0.718,0.6709999999999999,0.67,0.664,0.738,0.777,0.72,0.746,0.7040000000000001,0.685,0.708,0.591,0.602,0.737,0.5770000000000001,0.0
0.185,0.17600000000000002,0.223,0.17600000000000002,0.139,0.157,0.157,0.138,0.184,0.18,0.193,0.12300000000000001,0.225,0.20800000000000002,0.214,0.23600000000000002,0.248,0.17600000000000002,0.142,0.182,0.163,0.14300000000000002,0.16399999999999998,0.14,0.23,0.278,0.168,0.21,0.0
0.172,0.14400000000000002,0.128,0.158,0.198,0.354,0.157,0.221,0.175,0.185,0.124,0.08800000000000001,0.111,0.098,0.141,0.187,0.11599999999999999,0.111,0.1,0.156,0.386,0.198,0.20199999999999999,0.17800000000000002,0.395,0.304,0.11699999999999999,0.27,0.0
0.568,0.5870000000000001,0.535,0.594,0.601,0.542,0.59,0.615,0.579,0.57,0.56,0.613,0.551,0.57,0.564,0.47700000000000004,0.517,0.591,0.652,0.5920000000000001,0.516,0.597,0.579,0.627,0.44299999999999995,0.529,0.598,0.544,0.0
0.26,0.26899999999999996,0.337,0.248,0.201,0.105,0.254,0.163,0.24600000000000002,0.245,0.316,0.3,0.33799999999999997,0.332,0.29600000000000004,0.335,0.36700000000000005,0.297,0.247,0.252,0.098,0.205,0.21899999999999997,0.195,0.162,0.16699999999999998,0.285,0.18600000000000003,0.0
0.688,0.6729999999999999,0.594,0.693,0.773,0.8059999999999999,0.7440000000000001,0.691,0.667,0.7170000000000001,0.644,0.765,0.6609999999999999,0.574,0.635,0.6809999999999999,0.601,0.674,0.74,0.645,0.826,0.72,0.718,0.7020000000000001,0.7090000000000001,0.684,0.6779999999999999,0.659,0.0
0.312,0.327,0.406,0.307,0.22699999999999998,0.19399999999999998,0.256,0.309,0.33299999999999996,0.28300000000000003,0.35600000000000004,0.235,0.33899999999999997,0.426,0.365,0.319,0.39899999999999997,0.326,0.26,0.355,0.174,0.28,0.282,0.298,0.29100000000000004,0.316,0.322,0.341,0.0
0.929,0.929,0.9209999999999999,0.929,0.9390000000000001,0.927,0.9520000000000001,0.9309999999999999,0.9329999999999999,0.9420000000000001,0.95,0.951,0.879,0.922,0.9109999999999999,0.94,0.893,0.94,0.946,0.929,0.93,0.9359999999999999,0.941,0.9259999999999999,0.914,0.9470000000000001,0.9309999999999999,0.9209999999999999,0.0
0.071,0.071,0.079,0.071,0.061,0.073,0.048,0.069,0.067,0.057999999999999996,0.05,0.049,0.121,0.078,0.08900000000000001,0.06,0.107,0.06,0.054000000000000006,0.071,0.07,0.064,0.059000000000000004,0.07400000000000001,0.086,0.053,0.069,0.079,0.0
0.066,0.195,0.146,0.1,0.138,0.10099999999999999,0.052000000000000005,0.053,0.16399999999999998,0.042,0.07200000000000001,0.069,0.21899999999999997,0.166,0.187,0.039,0.131,0.1,0.125,0.214,0.094,0.04,0.026000000000000002,0.27899999999999997,0.127,0.035,0.11800000000000001,0.49,0.0
0.059000000000000004,0.19,0.114,0.11800000000000001,0.125,0.08199999999999999,0.062,0.053,0.113,0.07200000000000001,0.09,0.099,0.293,0.183,0.135,0.067,0.19,0.113,0.142,0.157,0.079,0.046,0.045,0.131,0.111,0.053,0.12300000000000001,0.125,0.0
0.568,0.45399999999999996,0.529,0.528,0.483,0.289,0.6729999999999999,0.563,0.446,0.528,0.605,0.703,0.37,0.51,0.449,0.40700000000000003,0.465,0.608,0.638,0.396,0.257,0.6629999999999999,0.606,0.43700000000000006,0.243,0.285,0.5720000000000001,0.16699999999999998,0.0
0.09699999999999999,0.06,0.081,0.08199999999999999,0.077,0.075,0.091,0.126,0.084,0.1,0.094,0.063,0.055,0.052000000000000005,0.07,0.124,0.084,0.077,0.048,0.075,0.047,0.098,0.098,0.057999999999999996,0.08800000000000001,0.09,0.08,0.023,0.0
0.21,0.10099999999999999,0.13,0.172,0.17800000000000002,0.45299999999999996,0.122,0.205,0.193,0.258,0.139,0.067,0.063,0.09,0.159,0.36200000000000004,0.129,0.102,0.047,0.158,0.523,0.153,0.225,0.095,0.43,0.537,0.10800000000000001,0.19399999999999998,0.0
40.57,33.92,36.33,38.6,37.41,45.6,39.37,40.93,37.33,41.57,38.36,36.96,31.23,34.77,35.47,44.4,36.03,36.93,35.0,34.91,47.67,40.39,41.85,31.66,43.28,47.73,36.63,28.12,0.0
0.688,0.726,0.7070000000000001,0.7,0.711,0.841,0.6990000000000001,0.634,0.7709999999999999,0.693,0.634,0.6970000000000001,0.731,0.684,0.674,0.636,0.6409999999999999,0.66,0.6859999999999999,0.7829999999999999,0.862,0.708,0.743,0.7709999999999999,0.7390000000000001,0.7859999999999999,0.6990000000000001,0.75,0.0
0.312,0.27399999999999997,0.293,0.3,0.289,0.159,0.301,0.366,0.22899999999999998,0.307,0.366,0.303,0.26899999999999996,0.316,0.326,0.364,0.359,0.34,0.314,0.217,0.138,0.292,0.257,0.22899999999999998,0.261,0.214,0.301,0.25,0.0
0.773,0.858,0.809,0.8029999999999999,0.828,0.7929999999999999,0.7909999999999999,0.9259999999999999,0.852,0.6,0.9229999999999999,0.812,0.902,0.693,0.813,0.8059999999999999,0.7979999999999999,0.83,0.9079999999999999,0.779,0.773,0.866,0.59,0.893,0.774,0.741,0.8190000000000001,0.836,0.0
0.044000000000000004,0.036000000000000004,0.036000000000000004,0.044000000000000004,0.04,0.076,0.031,0.027000000000000003,0.023,0.055999999999999994,0.027999999999999997,0.047,0.038,0.064,0.05,0.05,0.067,0.037000000000000005,0.021,0.034,0.07,0.026000000000000002,0.047,0.024,0.07200000000000001,0.057999999999999996,0.035,0.042,0.0
0.183,0.105,0.155,0.153,0.132,0.131,0.179,0.048,0.126,0.345,0.049,0.141,0.061,0.243,0.13699999999999998,0.14400000000000002,0.135,0.133,0.07200000000000001,0.187,0.158,0.10800000000000001,0.363,0.084,0.154,0.20199999999999999,0.146,0.122,0.0
0.513,0.6,0.5379999999999999,0.5489999999999999,0.574,0.45799999999999996,0.597,0.708,0.498,0.429,0.5760000000000001,0.6459999999999999,0.618,0.479,0.528,0.41600000000000004,0.506,0.574,0.759,0.43799999999999994,0.395,0.652,0.43799999999999994,0.7070000000000001,0.359,0.33799999999999997,0.5870000000000001,0.588,0.0
0.078,0.067,0.076,0.073,0.07,0.064,0.062,0.081,0.063,0.066,0.099,0.083,0.099,0.081,0.071,0.091,0.107,0.084,0.052000000000000005,0.059000000000000004,0.06,0.067,0.059000000000000004,0.046,0.078,0.064,0.073,0.06,0.0
0.409,0.33399999999999996,0.386,0.379,0.35600000000000004,0.478,0.342,0.21100000000000002,0.439,0.505,0.325,0.271,0.28300000000000003,0.44,0.401,0.493,0.387,0.342,0.18899999999999997,0.503,0.545,0.281,0.503,0.247,0.563,0.599,0.34,0.35100000000000003,0.0
0.7,0.7240000000000001,0.708,0.716,0.7040000000000001,0.429,0.813,0.882,0.6459999999999999,0.61,0.8540000000000001,0.763,0.805,0.536,0.721,0.6779999999999999,0.696,0.758,0.867,0.562,0.369,0.846,0.667,0.763,0.537,0.5920000000000001,0.742,0.628,0.0
0.18899999999999997,0.16899999999999998,0.187,0.183,0.16699999999999998,0.14400000000000002,0.131,0.084,0.188,0.27,0.11900000000000001,0.179,0.107,0.361,0.184,0.19399999999999998,0.21100000000000002,0.182,0.095,0.267,0.141,0.10099999999999999,0.23399999999999999,0.126,0.19399999999999998,0.212,0.177,0.145,0.0
0.111,0.10800000000000001,0.106,0.10099999999999999,0.128,0.42700000000000005,0.055,0.034,0.165,0.121,0.027000000000000003,0.057999999999999996,0.08800000000000001,0.10300000000000001,0.096,0.127,0.09300000000000001,0.06,0.038,0.171,0.49,0.053,0.099,0.11,0.27,0.196,0.08,0.228,0.0
0.446,0.523,0.456,0.484,0.508,0.20199999999999999,0.586,0.535,0.278,0.349,0.628,0.6779999999999999,0.72,0.43,0.5,0.429,0.585,0.589,0.69,0.23600000000000002,0.15,0.522,0.40700000000000003,0.511,0.20600000000000002,0.21600000000000003,0.5329999999999999,0.402,0.0
0.284,0.24,0.273,0.273,0.24100000000000002,0.174,0.258,0.266,0.271,0.36,0.22699999999999998,0.215,0.14400000000000002,0.418,0.251,0.23399999999999999,0.267,0.266,0.19,0.325,0.152,0.262,0.366,0.21,0.23800000000000002,0.225,0.273,0.179,0.0
0.27,0.237,0.271,0.244,0.251,0.624,0.156,0.19899999999999998,0.451,0.292,0.14400000000000002,0.107,0.136,0.152,0.25,0.337,0.147,0.146,0.12,0.439,0.698,0.21600000000000003,0.22699999999999998,0.27899999999999997,0.556,0.5589999999999999,0.19399999999999998,0.419,0.0
0.5760000000000001,0.754,0.6890000000000001,0.63,0.6579999999999999,0.48,0.703,0.631,0.687,0.547,0.595,0.696,0.743,0.653,0.635,0.40299999999999997,0.586,0.655,0.818,0.705,0.415,0.687,0.609,0.8220000000000001,0.439,0.34299999999999997,0.6990000000000001,0.738,0.0
0.109,0.078,0.094,0.099,0.091,0.07,0.09,0.099,0.08900000000000001,0.106,0.11800000000000001,0.105,0.098,0.09300000000000001,0.1,0.128,0.131,0.114,0.069,0.084,0.064,0.08800000000000001,0.07200000000000001,0.061,0.08800000000000001,0.122,0.09699999999999999,0.035,0.0
0.315,0.168,0.218,0.272,0.251,0.45,0.20800000000000002,0.27,0.22399999999999998,0.34700000000000003,0.287,0.19899999999999998,0.159,0.254,0.265,0.469,0.28300000000000003,0.231,0.113,0.21100000000000002,0.521,0.225,0.318,0.11699999999999999,0.473,0.536,0.205,0.22699999999999998,0.0
0.449,0.392,0.42100000000000004,0.418,0.43200000000000005,0.645,0.31,0.396,0.413,0.486,0.47600000000000003,0.32799999999999996,0.516,0.43,0.452,0.5820000000000001,0.54,0.42700000000000005,0.261,0.405,0.703,0.335,0.4,0.32299999999999995,0.706,0.6679999999999999,0.365,0.65,0.0
0.551,0.608,0.579,0.5820000000000001,0.568,0.355,0.69,0.604,0.5870000000000001,0.514,0.524,0.672,0.484,0.57,0.5479999999999999,0.418,0.46,0.573,0.7390000000000001,0.595,0.297,0.665,0.6,0.677,0.294,0.332,0.635,0.35,0.0
0.253,0.201,0.22899999999999998,0.225,0.23399999999999999,0.371,0.187,0.217,0.215,0.32299999999999995,0.18,0.172,0.113,0.312,0.251,0.243,0.21600000000000003,0.22,0.132,0.27699999999999997,0.392,0.198,0.301,0.187,0.418,0.326,0.191,0.456,0.0
0.747,0.799,0.7709999999999999,0.775,0.7659999999999999,0.629,0.813,0.7829999999999999,0.785,0.677,0.82,0.828,0.887,0.688,0.7490000000000001,0.757,0.784,0.78,0.868,0.723,0.608,0.802,0.6990000000000001,0.813,0.5820000000000001,0.674,0.809,0.544,0.0
0.37200000000000005,0.275,0.322,0.325,0.33799999999999997,0.586,0.259,0.341,0.309,0.42700000000000005,0.33299999999999996,0.24,0.257,0.34700000000000003,0.355,0.473,0.37200000000000005,0.32,0.161,0.313,0.643,0.28600000000000003,0.368,0.25,0.634,0.5770000000000001,0.266,0.5710000000000001,0.0
0.628,0.725,0.6779999999999999,0.675,0.662,0.414,0.741,0.659,0.691,0.573,0.667,0.76,0.743,0.653,0.645,0.527,0.628,0.68,0.8390000000000001,0.687,0.35700000000000004,0.7140000000000001,0.632,0.75,0.366,0.423,0.7340000000000001,0.429,0.0
0.43,0.32299999999999995,0.35700000000000004,0.381,0.41100000000000003,0.6859999999999999,0.29,0.386,0.335,0.484,0.494,0.337,0.322,0.33299999999999996,0.447,0.598,0.457,0.39299999999999996,0.23199999999999998,0.317,0.764,0.292,0.376,0.308,0.737,0.67,0.308,0.711,0.0
0.57,0.677,0.643,0.619,0.589,0.314,0.71,0.614,0.665,0.516,0.506,0.6629999999999999,0.6779999999999999,0.667,0.5529999999999999,0.402,0.5429999999999999,0.607,0.768,0.6829999999999999,0.23600000000000002,0.708,0.624,0.6920000000000001,0.263,0.33,0.6920000000000001,0.289,0.0
0.767,0.836,0.8009999999999999,0.799,0.794,0.733,0.8340000000000001,0.7659999999999999,0.8240000000000001,0.716,0.8640000000000001,0.7829999999999999,0.865,0.746,0.785,0.762,0.7929999999999999,0.804,0.897,0.7979999999999999,0.736,0.7979999999999999,0.7440000000000001,0.8009999999999999,0.711,0.762,0.816,0.653,0.0
0.233,0.16399999999999998,0.19899999999999998,0.201,0.20600000000000002,0.267,0.166,0.23399999999999999,0.17600000000000002,0.284,0.136,0.217,0.135,0.254,0.215,0.23800000000000002,0.207,0.196,0.10300000000000001,0.20199999999999999,0.264,0.20199999999999999,0.256,0.19899999999999998,0.289,0.23800000000000002,0.184,0.34700000000000003,0.0
0.831,0.828,0.802,0.831,0.86,0.9440000000000001,0.758,0.9690000000000001,0.797,0.713,0.9570000000000001,0.823,0.938,0.6659999999999999,0.898,0.93,0.898,0.8420000000000001,0.8690000000000001,0.71,0.965,0.856,0.644,0.845,0.956,0.955,0.8029999999999999,0.9420000000000001,0.0
0.16899999999999998,0.172,0.198,0.16899999999999998,0.14,0.055999999999999994,0.242,0.031,0.203,0.287,0.043,0.177,0.062,0.33399999999999996,0.102,0.07,0.102,0.158,0.131,0.29,0.035,0.14400000000000002,0.35600000000000004,0.155,0.044000000000000004,0.045,0.19699999999999998,0.057999999999999996,0.0
0.314,0.26899999999999996,0.26,0.313,0.305,0.34600000000000003,0.275,0.324,0.297,0.354,0.361,0.282,0.242,0.272,0.287,0.456,0.319,0.299,0.259,0.26,0.361,0.282,0.312,0.179,0.382,0.496,0.276,0.17800000000000002,0.0
0.5660000000000001,0.565,0.5589999999999999,0.56,0.581,0.5429999999999999,0.598,0.541,0.5429999999999999,0.547,0.568,0.629,0.588,0.5820000000000001,0.532,0.473,0.5710000000000001,0.593,0.624,0.539,0.56,0.5870000000000001,0.573,0.537,0.491,0.441,0.5820000000000001,0.523,0.0
0.12,0.166,0.182,0.127,0.114,0.111,0.127,0.136,0.161,0.099,0.071,0.08900000000000001,0.16899999999999998,0.146,0.18100000000000002,0.071,0.11,0.10800000000000001,0.11699999999999999,0.201,0.079,0.131,0.11599999999999999,0.284,0.126,0.063,0.142,0.299,0.0
0.008,0.015,0.019,0.003,0.013000000000000001,0.01,0.006999999999999999,0.006,0.015,0.001,0.002,0.005,0.012,0.012,0.019,0.005,0.009000000000000001,0.006,0.006,0.021,0.008,0.006,0.002,0.032,0.013999999999999999,0.002,0.009000000000000001,0.08199999999999999,0.0
0.016,0.033,0.036000000000000004,0.015,0.021,0.017,0.008,0.008,0.035,0.011000000000000001,0.013000000000000001,0.016,0.023,0.034,0.036000000000000004,0.006999999999999999,0.02,0.017,0.02,0.049,0.01,0.006,0.011000000000000001,0.055,0.021,0.006999999999999999,0.022000000000000002,0.11699999999999999,0.0
0.025,0.069,0.054000000000000006,0.038,0.044000000000000004,0.011000000000000001,0.019,0.022000000000000002,0.064,0.03,0.031,0.019,0.057,0.095,0.049,0.019,0.054000000000000006,0.044000000000000004,0.053,0.084,0.006,0.015,0.018000000000000002,0.049,0.027000000000000003,0.011000000000000001,0.046,0.111,0.0
0.044000000000000004,0.094,0.062,0.071,0.066,0.027999999999999997,0.045,0.031,0.064,0.059000000000000004,0.049,0.07200000000000001,0.107,0.121,0.07200000000000001,0.042,0.08800000000000001,0.069,0.08,0.095,0.02,0.033,0.054000000000000006,0.059000000000000004,0.053,0.027000000000000003,0.07,0.07400000000000001,0.0
0.679,0.615,0.642,0.6659999999999999,0.635,0.3,0.789,0.746,0.488,0.6579999999999999,0.7979999999999999,0.7979999999999999,0.725,0.614,0.637,0.631,0.718,0.737,0.764,0.45799999999999996,0.233,0.748,0.713,0.591,0.336,0.4,0.715,0.3,0.0
0.17800000000000002,0.125,0.156,0.157,0.14800000000000002,0.21,0.113,0.16899999999999998,0.282,0.2,0.08900000000000001,0.068,0.067,0.08,0.154,0.222,0.09300000000000001,0.102,0.067,0.24100000000000002,0.221,0.171,0.172,0.165,0.325,0.426,0.11800000000000001,0.145,0.0
0.051,0.049,0.031,0.05,0.07400000000000001,0.426,0.019,0.017,0.051,0.04,0.017,0.023,0.009000000000000001,0.043,0.033,0.07400000000000001,0.019,0.024,0.011000000000000001,0.052000000000000005,0.502,0.022000000000000002,0.028999999999999998,0.05,0.223,0.128,0.02,0.172,0.0
0.382,0.44,0.377,0.396,0.466,0.47200000000000003,0.321,0.297,0.364,0.373,0.359,0.485,0.613,0.444,0.446,0.397,0.501,0.39,0.397,0.44799999999999995,0.462,0.293,0.33799999999999997,0.42100000000000004,0.49200000000000005,0.342,0.39399999999999996,0.588,0.0
0.618,0.56,0.623,0.604,0.534,0.528,0.679,0.703,0.636,0.627,0.6409999999999999,0.515,0.387,0.556,0.5539999999999999,0.603,0.499,0.61,0.603,0.552,0.5379999999999999,0.7070000000000001,0.662,0.579,0.508,0.6579999999999999,0.606,0.41200000000000003,0.0
0.33,0.44,0.381,0.354,0.418,0.469,0.299,0.221,0.44,0.293,0.255,0.39899999999999997,0.528,0.44,0.382,0.24600000000000002,0.382,0.311,0.366,0.562,0.467,0.276,0.303,0.45299999999999996,0.418,0.31,0.371,0.579,0.0
0.67,0.56,0.619,0.6459999999999999,0.5820000000000001,0.531,0.701,0.779,0.56,0.7070000000000001,0.745,0.601,0.47200000000000003,0.56,0.618,0.754,0.618,0.6890000000000001,0.634,0.43799999999999994,0.5329999999999999,0.7240000000000001,0.6970000000000001,0.547,0.5820000000000001,0.69,0.629,0.42100000000000004,0.0
0.621,0.6990000000000001,0.618,0.655,0.7090000000000001,0.782,0.521,0.527,0.6609999999999999,0.636,0.623,0.727,0.764,0.696,0.7390000000000001,0.5710000000000001,0.718,0.6729999999999999,0.655,0.727,0.7959999999999999,0.516,0.528,0.71,0.88,0.72,0.633,0.818,0.0
0.379,0.301,0.382,0.345,0.29100000000000004,0.218,0.479,0.473,0.33899999999999997,0.364,0.377,0.273,0.23600000000000002,0.304,0.261,0.429,0.282,0.327,0.345,0.273,0.204,0.484,0.47200000000000003,0.29,0.12,0.28,0.36700000000000005,0.182,0.0
0.5770000000000001,0.642,0.57,0.602,0.659,0.7490000000000001,0.48700000000000004,0.461,0.622,0.6459999999999999,0.6459999999999999,0.552,0.73,0.579,0.693,0.52,0.6709999999999999,0.599,0.591,0.6759999999999999,0.7879999999999999,0.48200000000000004,0.545,0.626,0.88,0.674,0.562,0.747,0.0
0.423,0.358,0.43,0.39799999999999996,0.341,0.251,0.513,0.539,0.37799999999999995,0.354,0.354,0.44799999999999995,0.27,0.42100000000000004,0.307,0.48,0.32899999999999996,0.401,0.409,0.324,0.212,0.518,0.455,0.374,0.12,0.326,0.43799999999999994,0.253,0.0
0.358,0.29600000000000004,0.289,0.324,0.389,0.722,0.48200000000000004,0.355,0.182,0.303,0.22399999999999998,0.42200000000000004,0.261,0.20199999999999999,0.316,0.175,0.247,0.287,0.317,0.187,0.701,0.4,0.457,0.5589999999999999,0.28800000000000003,0.151,0.34,0.45899999999999996,0.0
0.642,0.7040000000000001,0.711,0.6759999999999999,0.611,0.278,0.518,0.645,0.818,0.6970000000000001,0.7759999999999999,0.578,0.7390000000000001,0.7979999999999999,0.684,0.825,0.753,0.713,0.6829999999999999,0.813,0.299,0.6,0.5429999999999999,0.441,0.7120000000000001,0.8490000000000001,0.66,0.541,0.0
0.5539999999999999,0.664,0.595,0.593,0.63,0.605,0.39899999999999997,0.531,0.669,0.598,0.529,0.713,0.631,0.725,0.665,0.485,0.59,0.594,0.634,0.7559999999999999,0.5770000000000001,0.47600000000000003,0.495,0.698,0.705,0.609,0.583,0.772,0.0
0.446,0.336,0.405,0.40700000000000003,0.37,0.395,0.601,0.469,0.331,0.402,0.47100000000000003,0.287,0.369,0.275,0.335,0.515,0.41,0.406,0.366,0.244,0.423,0.524,0.505,0.302,0.295,0.391,0.41700000000000004,0.228,0.0
0.775,0.885,0.8190000000000001,0.8240000000000001,0.8320000000000001,0.789,0.612,0.794,0.8590000000000001,0.736,0.898,0.89,0.973,0.915,0.892,0.845,0.935,0.885,0.852,0.902,0.794,0.6970000000000001,0.5379999999999999,0.7759999999999999,0.894,0.825,0.813,0.89,0.0
0.225,0.115,0.18100000000000002,0.17600000000000002,0.168,0.21100000000000002,0.38799999999999996,0.20600000000000002,0.141,0.264,0.102,0.11,0.027000000000000003,0.085,0.10800000000000001,0.155,0.065,0.115,0.14800000000000002,0.098,0.20600000000000002,0.303,0.462,0.22399999999999998,0.106,0.175,0.187,0.11,0.0
0.62,0.638,0.56,0.6459999999999999,0.687,0.731,0.557,0.485,0.632,0.6409999999999999,0.645,0.593,0.715,0.679,0.677,0.6990000000000001,0.7070000000000001,0.639,0.575,0.6709999999999999,0.7879999999999999,0.525,0.579,0.552,0.935,0.9329999999999999,0.5920000000000001,0.754,0.0
0.38,0.36200000000000004,0.44,0.354,0.313,0.26899999999999996,0.44299999999999995,0.515,0.368,0.359,0.355,0.40700000000000003,0.285,0.321,0.32299999999999995,0.301,0.293,0.361,0.425,0.32899999999999996,0.212,0.475,0.42100000000000004,0.44799999999999995,0.065,0.067,0.408,0.24600000000000002,0.0
0.758,0.76,0.762,0.746,0.773,0.8190000000000001,0.759,0.737,0.7859999999999999,0.74,0.698,0.757,0.763,0.69,0.777,0.742,0.7290000000000001,0.733,0.777,0.794,0.812,0.7509999999999999,0.736,0.7879999999999999,0.857,0.7609999999999999,0.7440000000000001,0.813,0.0
0.153,0.14800000000000002,0.159,0.152,0.139,0.125,0.153,0.182,0.149,0.152,0.188,0.147,0.125,0.18,0.133,0.17300000000000001,0.142,0.168,0.142,0.13,0.136,0.172,0.17,0.129,0.092,0.17300000000000001,0.159,0.10800000000000001,0.0
0.08900000000000001,0.09300000000000001,0.079,0.10099999999999999,0.08900000000000001,0.055999999999999994,0.08800000000000001,0.081,0.066,0.10800000000000001,0.114,0.09699999999999999,0.11199999999999999,0.13,0.09,0.084,0.13,0.099,0.08,0.076,0.052000000000000005,0.076,0.094,0.083,0.051,0.065,0.09699999999999999,0.079,0.0
0.6679999999999999,0.904,0.7829999999999999,0.772,0.77,0.581,0.5760000000000001,0.38299999999999995,0.851,0.76,0.97,0.884,0.958,0.9059999999999999,0.883,0.88,0.9359999999999999,0.8859999999999999,0.9279999999999999,0.9179999999999999,0.573,0.349,0.5429999999999999,0.701,0.7290000000000001,0.732,0.782,0.81,0.0
0.332,0.096,0.217,0.228,0.23,0.419,0.424,0.617,0.149,0.24,0.03,0.11599999999999999,0.042,0.094,0.11699999999999999,0.12,0.064,0.114,0.07200000000000001,0.08199999999999999,0.42700000000000005,0.6509999999999999,0.457,0.299,0.271,0.268,0.218,0.19,0.0
0.626,0.812,0.7070000000000001,0.706,0.721,0.629,0.514,0.408,0.7859999999999999,0.6970000000000001,0.95,0.8240000000000001,0.6509999999999999,0.846,0.8420000000000001,0.804,0.77,0.8370000000000001,0.8759999999999999,0.8079999999999999,0.636,0.366,0.49200000000000005,0.684,0.738,0.716,0.703,0.802,0.0
0.374,0.188,0.293,0.294,0.27899999999999997,0.371,0.486,0.5920000000000001,0.214,0.303,0.05,0.17600000000000002,0.349,0.154,0.158,0.196,0.23,0.163,0.124,0.192,0.364,0.634,0.508,0.316,0.262,0.284,0.297,0.198,0.0
0.726,0.8420000000000001,0.79,0.773,0.774,0.513,0.6829999999999999,0.5870000000000001,0.815,0.758,0.907,0.813,0.909,0.846,0.86,0.861,0.89,0.861,0.884,0.82,0.49200000000000005,0.591,0.644,0.6940000000000001,0.758,0.7809999999999999,0.7809999999999999,0.7929999999999999,0.0
0.27399999999999997,0.158,0.21,0.22699999999999998,0.226,0.48700000000000004,0.317,0.413,0.185,0.242,0.09300000000000001,0.187,0.091,0.154,0.14,0.139,0.11,0.139,0.11599999999999999,0.18,0.508,0.409,0.35600000000000004,0.306,0.242,0.21899999999999997,0.21899999999999997,0.207,0.0
0.688,0.86,0.775,0.759,0.763,0.40399999999999997,0.7490000000000001,0.442,0.7859999999999999,0.664,0.9209999999999999,0.7759999999999999,0.889,0.903,0.8640000000000001,0.8370000000000001,0.895,0.867,0.86,0.8340000000000001,0.402,0.5770000000000001,0.638,0.628,0.682,0.7859999999999999,0.7759999999999999,0.765,0.0
0.312,0.14,0.225,0.24100000000000002,0.237,0.596,0.251,0.5579999999999999,0.214,0.336,0.079,0.22399999999999998,0.111,0.09699999999999999,0.136,0.163,0.105,0.133,0.14,0.166,0.598,0.423,0.36200000000000004,0.37200000000000005,0.318,0.214,0.22399999999999998,0.235,0.0
0.7490000000000001,0.9390000000000001,0.8490000000000001,0.828,0.8270000000000001,0.7559999999999999,0.677,0.551,0.8859999999999999,0.805,0.977,0.88,0.961,0.9490000000000001,0.925,0.893,0.9420000000000001,0.925,0.945,0.9329999999999999,0.723,0.494,0.691,0.82,0.804,0.807,0.838,0.89,0.0
0.251,0.061,0.151,0.172,0.17300000000000001,0.244,0.32299999999999995,0.449,0.114,0.195,0.023,0.12,0.039,0.051,0.075,0.107,0.057999999999999996,0.075,0.055,0.067,0.27699999999999997,0.506,0.309,0.18,0.196,0.193,0.162,0.11,0.0
0.862,0.937,0.8959999999999999,0.8959999999999999,0.898,0.902,0.795,0.762,0.932,0.9520000000000001,0.9890000000000001,0.9540000000000001,0.966,0.9179999999999999,0.9109999999999999,0.948,0.955,0.9259999999999999,0.972,0.943,0.889,0.6890000000000001,0.863,0.8740000000000001,0.88,0.88,0.898,0.924,0.0
0.138,0.063,0.10400000000000001,0.10400000000000001,0.102,0.098,0.205,0.23800000000000002,0.068,0.048,0.011000000000000001,0.046,0.034,0.08199999999999999,0.08900000000000001,0.052000000000000005,0.045,0.07400000000000001,0.027999999999999997,0.057,0.111,0.311,0.13699999999999998,0.126,0.12,0.12,0.102,0.076,0.0
0.83,0.868,0.846,0.8490000000000001,0.846,0.767,0.785,0.7609999999999999,0.895,0.9279999999999999,0.981,0.922,0.929,0.7559999999999999,0.8490000000000001,0.9209999999999999,0.904,0.867,0.971,0.888,0.738,0.696,0.826,0.743,0.8140000000000001,0.826,0.851,0.895,0.0
0.17,0.132,0.154,0.151,0.154,0.233,0.215,0.239,0.105,0.07200000000000001,0.019,0.078,0.071,0.244,0.151,0.079,0.096,0.133,0.028999999999999998,0.11199999999999999,0.262,0.304,0.174,0.257,0.18600000000000003,0.174,0.149,0.105,0.0
0.8490000000000001,0.932,0.87,0.887,0.904,0.897,0.88,0.71,0.872,0.8759999999999999,0.922,0.893,0.9740000000000001,0.9309999999999999,0.9109999999999999,0.92,0.945,0.92,0.919,0.889,0.899,0.774,0.845,0.862,0.893,0.867,0.887,0.8690000000000001,0.0
0.151,0.068,0.13,0.113,0.096,0.10300000000000001,0.12,0.29,0.128,0.124,0.078,0.107,0.026000000000000002,0.069,0.08900000000000001,0.08,0.055,0.08,0.081,0.111,0.10099999999999999,0.226,0.155,0.138,0.107,0.133,0.113,0.131,0.0
0.899,0.872,0.894,0.879,0.8909999999999999,0.857,0.905,0.899,0.9540000000000001,0.9540000000000001,0.982,0.9209999999999999,0.924,0.541,0.93,0.948,0.868,0.835,0.972,0.889,0.841,0.895,0.914,0.8540000000000001,0.892,0.885,0.8859999999999999,0.905,0.0
0.10099999999999999,0.128,0.106,0.121,0.109,0.14300000000000002,0.095,0.10099999999999999,0.046,0.046,0.018000000000000002,0.079,0.076,0.45899999999999996,0.07,0.052000000000000005,0.132,0.165,0.027999999999999997,0.111,0.159,0.105,0.086,0.146,0.10800000000000001,0.115,0.114,0.095,0.0
0.521,0.555,0.552,0.528,0.53,0.27699999999999997,0.474,0.33,0.542,0.535,0.759,0.6629999999999999,0.706,0.522,0.5870000000000001,0.695,0.675,0.669,0.67,0.527,0.213,0.307,0.41,0.386,0.465,0.53,0.547,0.49,0.0
0.479,0.445,0.44799999999999995,0.47200000000000003,0.47,0.723,0.526,0.67,0.45799999999999996,0.465,0.24100000000000002,0.337,0.294,0.478,0.413,0.305,0.325,0.331,0.33,0.473,0.787,0.693,0.59,0.614,0.535,0.47,0.45299999999999996,0.51,0.0
0.948,0.867,0.9079999999999999,0.9109999999999999,0.9159999999999999,0.9490000000000001,0.9790000000000001,0.965,0.975,0.948,0.993,0.9209999999999999,0.893,0.5529999999999999,0.9279999999999999,0.973,0.866,0.888,0.9740000000000001,0.8270000000000001,0.937,0.968,0.95,0.94,0.9329999999999999,0.961,0.9079999999999999,0.857,0.0
0.052000000000000005,0.133,0.092,0.08900000000000001,0.084,0.051,0.021,0.035,0.025,0.052000000000000005,0.006999999999999999,0.079,0.107,0.447,0.07200000000000001,0.027000000000000003,0.134,0.11199999999999999,0.026000000000000002,0.17300000000000001,0.063,0.032,0.05,0.06,0.067,0.039,0.092,0.14300000000000002,0.0
0.583,0.765,0.643,0.67,0.684,0.349,0.605,0.386,0.561,0.593,0.948,0.823,0.884,0.743,0.816,0.748,0.887,0.847,0.8290000000000001,0.642,0.28,0.37799999999999995,0.507,0.483,0.563,0.64,0.6809999999999999,0.62,0.0
0.41700000000000004,0.235,0.35700000000000004,0.33,0.316,0.6509999999999999,0.395,0.614,0.439,0.40700000000000003,0.052000000000000005,0.177,0.11599999999999999,0.257,0.184,0.252,0.113,0.153,0.171,0.358,0.72,0.622,0.493,0.517,0.43700000000000006,0.36,0.319,0.38,0.0
0.284,0.34,0.282,0.324,0.319,0.113,0.289,0.188,0.175,0.5660000000000001,0.664,0.501,0.217,0.265,0.425,0.431,0.392,0.48,0.619,0.129,0.076,0.099,0.442,0.09,0.264,0.275,0.318,0.267,0.0
0.716,0.66,0.718,0.6759999999999999,0.6809999999999999,0.887,0.711,0.812,0.825,0.434,0.336,0.499,0.7829999999999999,0.735,0.575,0.569,0.608,0.52,0.381,0.871,0.924,0.9009999999999999,0.5579999999999999,0.91,0.736,0.725,0.682,0.733,0.0
0.361,0.37,0.361,0.361,0.37799999999999995,0.275,0.294,0.226,0.353,0.318,0.483,0.461,0.5539999999999999,0.436,0.355,0.508,0.505,0.47200000000000003,0.379,0.377,0.275,0.196,0.214,0.195,0.34,0.40399999999999997,0.36700000000000005,0.363,0.0
0.639,0.63,0.639,0.639,0.622,0.725,0.706,0.774,0.647,0.682,0.517,0.539,0.446,0.564,0.645,0.49200000000000005,0.495,0.528,0.621,0.623,0.725,0.804,0.7859999999999999,0.805,0.66,0.596,0.633,0.637,0.0
0.495,0.73,0.605,0.59,0.614,0.45399999999999996,0.409,0.214,0.71,0.662,0.93,0.6709999999999999,0.833,0.456,0.7559999999999999,0.705,0.754,0.677,0.86,0.6990000000000001,0.446,0.213,0.444,0.461,0.63,0.66,0.591,0.711,0.0
0.043,0.016,0.028999999999999998,0.033,0.03,0.084,0.037000000000000005,0.081,0.02,0.024,0.013000000000000001,0.013999999999999999,0.013999999999999999,0.027999999999999997,0.022000000000000002,0.023,0.022000000000000002,0.02,0.006,0.017,0.08900000000000001,0.07200000000000001,0.032,0.039,0.044000000000000004,0.032,0.028999999999999998,0.03,0.0
0.462,0.253,0.366,0.377,0.35600000000000004,0.46299999999999997,0.5539999999999999,0.705,0.27,0.314,0.057,0.314,0.154,0.515,0.222,0.272,0.225,0.303,0.133,0.285,0.465,0.715,0.524,0.5,0.326,0.308,0.38,0.259,0.0
0.6409999999999999,0.7929999999999999,0.728,0.695,0.713,0.8190000000000001,0.769,0.45399999999999996,0.823,0.667,0.556,0.7609999999999999,0.841,0.6509999999999999,0.616,0.5720000000000001,0.6559999999999999,0.6579999999999999,0.8440000000000001,0.8140000000000001,0.8370000000000001,0.626,0.733,0.727,0.513,0.5379999999999999,0.746,0.664,0.0
0.359,0.207,0.272,0.305,0.287,0.18100000000000002,0.231,0.546,0.177,0.33299999999999996,0.444,0.239,0.159,0.349,0.384,0.428,0.344,0.342,0.156,0.18600000000000003,0.163,0.374,0.267,0.273,0.48700000000000004,0.462,0.254,0.336,0.0
2.89,2.6,2.79,2.77,2.72,3.38,3.05,3.53,2.86,2.73,1.8,2.26,2.25,2.8,2.48,2.23,2.21,2.23,2.14,2.9,3.45,3.66,3.23,3.44,2.92,2.72,2.74,2.83,0.0
1.79,1.52,1.65,1.69,1.65,1.81,1.99,2.13,1.43,1.49,1.12,1.42,1.32,2.15,1.51,1.37,1.45,1.6,1.21,1.47,1.88,2.35,1.91,1.91,1.74,1.7,1.66,1.5,0.0
2.25,1.67,1.96,2.01,1.97,2.73,2.47,2.9,1.82,2.14,1.32,1.77,1.74,1.57,1.6,1.66,1.61,1.61,1.52,1.72,2.7,2.9,2.68,2.28,2.04,1.93,1.99,1.78,0.0
0.643,0.8390000000000001,0.769,0.7240000000000001,0.7,0.293,0.852,0.285,0.88,0.44799999999999995,0.8240000000000001,0.8140000000000001,0.9359999999999999,0.845,0.657,0.8340000000000001,0.86,0.8220000000000001,0.94,0.815,0.248,0.591,0.48700000000000004,0.514,0.402,0.72,0.789,0.373,0.0
0.11900000000000001,0.07,0.094,0.1,0.094,0.040999999999999995,0.052000000000000005,0.345,0.045,0.042,0.099,0.027000000000000003,0.028999999999999998,0.09,0.183,0.055,0.054000000000000006,0.092,0.018000000000000002,0.08,0.016,0.22699999999999998,0.043,0.20800000000000002,0.19,0.096,0.08199999999999999,0.18100000000000002,0.0
0.068,0.008,0.032,0.045,0.046,0.018000000000000002,0.018000000000000002,0.02,0.022000000000000002,0.43,0.006,0.031,0.012,0.016,0.013000000000000001,0.011000000000000001,0.003,0.015,0.009000000000000001,0.017,0.006999999999999999,0.004,0.395,0.033,0.044000000000000004,0.02,0.043,0.008,0.0
0.121,0.03,0.069,0.081,0.09,0.475,0.042,0.32799999999999996,0.021,0.055,0.018000000000000002,0.107,0.002,0.005,0.047,0.036000000000000004,0.017,0.024,0.018000000000000002,0.028999999999999998,0.511,0.14800000000000002,0.061,0.212,0.152,0.073,0.066,0.191,0.0
0.033,0.042,0.024,0.035,0.055,0.155,0.026000000000000002,0.013999999999999999,0.019,0.003,0.04,0.008,0.015,0.03,0.075,0.055,0.051,0.033,0.01,0.04,0.195,0.021,0.005,0.012,0.17800000000000002,0.055999999999999994,0.011000000000000001,0.209,0.0
0.017,0.012,0.013000000000000001,0.015,0.015,0.019,0.009000000000000001,0.008,0.013000000000000001,0.023,0.013000000000000001,0.013000000000000001,0.006999999999999999,0.012,0.025,0.009000000000000001,0.016,0.013000000000000001,0.004,0.02,0.023,0.01,0.009000000000000001,0.022000000000000002,0.033,0.035,0.01,0.039,0.0
0.733,0.726,0.71,0.7340000000000001,0.746,0.748,0.688,0.695,0.685,0.688,0.7959999999999999,0.7979999999999999,0.826,0.775,0.727,0.7809999999999999,0.8140000000000001,0.784,0.716,0.703,0.7759999999999999,0.653,0.6709999999999999,0.652,0.7440000000000001,0.7390000000000001,0.725,0.805,0.0
0.267,0.27399999999999997,0.29,0.266,0.254,0.252,0.312,0.305,0.315,0.312,0.204,0.20199999999999999,0.174,0.225,0.273,0.21899999999999997,0.18600000000000003,0.21600000000000003,0.284,0.297,0.22399999999999998,0.34700000000000003,0.32899999999999996,0.348,0.256,0.261,0.275,0.195,0.0
0.599,0.595,0.58,0.6,0.613,0.62,0.534,0.506,0.578,0.5720000000000001,0.6509999999999999,0.659,0.738,0.606,0.612,0.706,0.73,0.636,0.5770000000000001,0.5710000000000001,0.655,0.47200000000000003,0.532,0.48700000000000004,0.614,0.609,0.5920000000000001,0.6629999999999999,0.0
0.401,0.405,0.42,0.4,0.387,0.38,0.466,0.494,0.42200000000000004,0.428,0.349,0.341,0.262,0.39399999999999996,0.38799999999999996,0.294,0.27,0.364,0.423,0.429,0.345,0.528,0.46799999999999997,0.513,0.386,0.391,0.408,0.337,0.0
0.355,0.499,0.41700000000000004,0.44,0.396,0.07,0.27899999999999997,0.16899999999999998,0.37200000000000005,0.255,0.81,0.664,0.669,0.5479999999999999,0.518,0.6709999999999999,0.752,0.7020000000000001,0.725,0.292,0.042,0.067,0.061,0.054000000000000006,0.35600000000000004,0.493,0.433,0.203,0.0
0.149,0.07400000000000001,0.11699999999999999,0.12300000000000001,0.098,0.084,0.185,0.127,0.10099999999999999,0.153,0.10400000000000001,0.09699999999999999,0.038,0.102,0.10099999999999999,0.174,0.092,0.141,0.154,0.066,0.10099999999999999,0.147,0.141,0.044000000000000004,0.10800000000000001,0.221,0.11199999999999999,0.05,0.0
0.27699999999999997,0.096,0.191,0.192,0.204,0.41100000000000003,0.382,0.523,0.142,0.248,0.017,0.083,0.022000000000000002,0.046,0.085,0.045,0.016,0.046,0.036000000000000004,0.091,0.405,0.575,0.499,0.34299999999999997,0.20199999999999999,0.125,0.198,0.188,0.0
0.21899999999999997,0.331,0.275,0.245,0.302,0.435,0.154,0.18100000000000002,0.384,0.344,0.069,0.155,0.27,0.304,0.29600000000000004,0.11,0.14,0.111,0.085,0.551,0.452,0.21100000000000002,0.3,0.5579999999999999,0.33399999999999996,0.162,0.257,0.5589999999999999,0.0
0.23199999999999998,0.295,0.254,0.255,0.275,0.325,0.163,0.146,0.308,0.282,0.268,0.32299999999999995,0.337,0.228,0.29600000000000004,0.225,0.26,0.249,0.292,0.342,0.321,0.107,0.245,0.342,0.285,0.19399999999999998,0.254,0.455,0.0
0.768,0.705,0.746,0.745,0.725,0.675,0.8370000000000001,0.8540000000000001,0.6920000000000001,0.718,0.732,0.677,0.6629999999999999,0.772,0.7040000000000001,0.775,0.74,0.7509999999999999,0.708,0.6579999999999999,0.679,0.893,0.755,0.6579999999999999,0.715,0.8059999999999999,0.746,0.545,0.0
0.259,0.287,0.28800000000000003,0.261,0.26899999999999996,0.314,0.252,0.221,0.331,0.374,0.264,0.332,0.205,0.21,0.254,0.16399999999999998,0.163,0.23,0.337,0.35,0.295,0.21,0.387,0.39299999999999996,0.2,0.185,0.282,0.38799999999999996,0.0
0.741,0.713,0.7120000000000001,0.7390000000000001,0.731,0.6859999999999999,0.748,0.779,0.669,0.626,0.736,0.6679999999999999,0.795,0.79,0.746,0.836,0.8370000000000001,0.77,0.6629999999999999,0.65,0.705,0.79,0.613,0.607,0.8,0.815,0.718,0.612,0.0
0.152,0.207,0.213,0.154,0.16899999999999998,0.205,0.215,0.156,0.207,0.157,0.158,0.146,0.11199999999999999,0.14800000000000002,0.175,0.043,0.086,0.121,0.193,0.22,0.166,0.179,0.239,0.389,0.086,0.061,0.192,0.266,0.0
0.848,0.7929999999999999,0.787,0.846,0.831,0.795,0.785,0.8440000000000001,0.7929999999999999,0.843,0.8420000000000001,0.8540000000000001,0.888,0.852,0.825,0.9570000000000001,0.914,0.879,0.807,0.78,0.8340000000000001,0.821,0.7609999999999999,0.611,0.914,0.9390000000000001,0.8079999999999999,0.7340000000000001,0.0
0.5529999999999999,0.55,0.529,0.56,0.5660000000000001,0.516,0.511,0.495,0.507,0.45299999999999996,0.64,0.591,0.693,0.62,0.5670000000000001,0.616,0.7190000000000001,0.648,0.486,0.516,0.511,0.513,0.385,0.38,0.573,0.653,0.5429999999999999,0.552,0.0
0.447,0.45,0.47100000000000003,0.44,0.434,0.484,0.489,0.505,0.493,0.547,0.36,0.409,0.307,0.38,0.433,0.384,0.281,0.35200000000000004,0.514,0.484,0.489,0.48700000000000004,0.615,0.62,0.42700000000000005,0.34700000000000003,0.457,0.44799999999999995,0.0
0.375,0.48200000000000004,0.452,0.402,0.42100000000000004,0.531,0.368,0.308,0.585,0.535,0.262,0.309,0.395,0.335,0.433,0.23800000000000002,0.243,0.28,0.441,0.636,0.5,0.326,0.565,0.727,0.39899999999999997,0.307,0.425,0.634,0.0
0.625,0.518,0.5479999999999999,0.598,0.579,0.469,0.632,0.6920000000000001,0.415,0.465,0.738,0.691,0.605,0.665,0.5670000000000001,0.762,0.757,0.72,0.5589999999999999,0.364,0.5,0.674,0.435,0.273,0.601,0.693,0.575,0.366,0.0
0.312,0.331,0.285,0.314,0.373,0.462,0.32299999999999995,0.321,0.425,0.48700000000000004,0.168,0.237,0.16899999999999998,0.20800000000000002,0.312,0.212,0.105,0.175,0.29600000000000004,0.426,0.42,0.319,0.532,0.653,0.314,0.255,0.319,0.467,0.0
0.688,0.669,0.715,0.6859999999999999,0.627,0.5379999999999999,0.677,0.679,0.575,0.513,0.8320000000000001,0.763,0.831,0.792,0.688,0.7879999999999999,0.895,0.825,0.7040000000000001,0.574,0.58,0.6809999999999999,0.46799999999999997,0.34700000000000003,0.6859999999999999,0.745,0.6809999999999999,0.5329999999999999,0.0
0.8109999999999999,0.794,0.848,0.777,0.778,0.847,0.8420000000000001,0.823,0.843,0.853,0.769,0.84,0.7020000000000001,0.73,0.7829999999999999,0.585,0.721,0.77,0.841,0.8440000000000001,0.852,0.846,0.875,0.88,-999.0,-999.0,-999.0,-999.0,0.0
0.18899999999999997,0.20600000000000002,0.152,0.223,0.222,0.153,0.158,0.177,0.157,0.147,0.231,0.16,0.298,0.27,0.217,0.415,0.27899999999999997,0.23,0.159,0.156,0.14800000000000002,0.154,0.125,0.12,-999.0,-999.0,-999.0,-999.0,0.0
0.24100000000000002,0.253,0.28600000000000003,0.228,0.228,0.146,0.34299999999999997,0.225,0.278,0.424,0.228,0.247,0.084,0.212,0.193,0.044000000000000004,0.083,0.213,0.33899999999999997,0.282,0.08,0.284,0.488,0.39899999999999997,0.048,0.048,0.284,0.205,0.0
0.759,0.747,0.7140000000000001,0.772,0.772,0.8540000000000001,0.657,0.775,0.722,0.5760000000000001,0.772,0.753,0.9159999999999999,0.7879999999999999,0.807,0.956,0.917,0.787,0.6609999999999999,0.718,0.92,0.716,0.512,0.601,0.9520000000000001,0.9520000000000001,0.716,0.795,0.0
0.634,0.469,0.514,0.5660000000000001,0.603,0.9129999999999999,0.828,0.7709999999999999,0.36200000000000004,0.486,0.537,0.643,0.304,0.298,0.573,0.499,0.423,0.5489999999999999,0.605,0.253,0.9059999999999999,0.8029999999999999,0.6829999999999999,0.746,0.498,0.43200000000000005,0.57,0.665,0.0
0.366,0.531,0.486,0.434,0.397,0.087,0.172,0.22899999999999998,0.638,0.514,0.46299999999999997,0.35700000000000004,0.696,0.7020000000000001,0.42700000000000005,0.501,0.5770000000000001,0.451,0.395,0.747,0.094,0.19699999999999998,0.317,0.254,0.502,0.568,0.43,0.335,0.0
0.941,0.932,0.934,0.9309999999999999,0.951,0.986,0.973,0.968,0.9159999999999999,0.883,0.925,0.9,0.9590000000000001,0.893,0.946,0.927,0.9420000000000001,0.9209999999999999,0.919,0.9009999999999999,0.987,0.972,0.94,0.971,0.937,0.9329999999999999,0.9359999999999999,0.968,0.0
0.059000000000000004,0.068,0.066,0.069,0.049,0.013999999999999999,0.027000000000000003,0.032,0.084,0.11699999999999999,0.075,0.1,0.040999999999999995,0.107,0.054000000000000006,0.073,0.057999999999999996,0.079,0.081,0.099,0.013000000000000001,0.027999999999999997,0.06,0.028999999999999998,0.063,0.067,0.064,0.032,0.0
0.7170000000000001,0.682,0.698,0.6890000000000001,0.723,0.836,0.748,0.745,0.672,0.8170000000000001,0.618,0.642,0.693,0.581,0.701,0.49,0.657,0.6409999999999999,0.6729999999999999,0.69,0.8170000000000001,0.773,0.852,0.812,0.7659999999999999,0.633,0.6920000000000001,0.8059999999999999,0.0
0.147,0.171,0.172,0.155,0.14300000000000002,0.1,0.127,0.135,0.195,0.084,0.174,0.177,0.158,0.193,0.165,0.268,0.15,0.177,0.18,0.196,0.11599999999999999,0.11599999999999999,0.076,0.10400000000000001,0.142,0.215,0.157,0.139,0.0
0.13699999999999998,0.14800000000000002,0.129,0.156,0.134,0.064,0.124,0.11900000000000001,0.133,0.099,0.20800000000000002,0.18100000000000002,0.149,0.22699999999999998,0.134,0.24100000000000002,0.193,0.182,0.14800000000000002,0.114,0.067,0.111,0.073,0.084,0.09300000000000001,0.152,0.151,0.055,0.0
0.938,0.943,0.924,0.945,0.9540000000000001,0.9259999999999999,0.941,0.934,0.937,0.937,0.9179999999999999,0.9470000000000001,0.9520000000000001,0.9570000000000001,0.9390000000000001,0.9640000000000001,0.9490000000000001,0.9420000000000001,0.932,0.943,0.93,0.937,0.934,0.9279999999999999,0.9620000000000001,0.956,0.938,0.925,0.0
0.04,0.039,0.053,0.036000000000000004,0.027999999999999997,0.042,0.036000000000000004,0.051,0.046,0.037000000000000005,0.052000000000000005,0.038,0.038,0.03,0.036000000000000004,0.03,0.033,0.042,0.043,0.039,0.047,0.04,0.044000000000000004,0.043,0.024,0.032,0.042,0.035,0.0
0.021,0.018000000000000002,0.023,0.019,0.018000000000000002,0.032,0.023,0.015,0.017,0.026000000000000002,0.03,0.016,0.01,0.013999999999999999,0.025,0.006,0.018000000000000002,0.016,0.025,0.018000000000000002,0.023,0.022000000000000002,0.022000000000000002,0.028999999999999998,0.013000000000000001,0.012,0.02,0.04,0.0
0.09300000000000001,0.091,0.086,0.094,0.095,0.095,0.078,0.109,0.087,0.09,0.095,0.095,0.08,0.1,0.102,0.084,0.08900000000000001,0.091,0.10400000000000001,0.08900000000000001,0.099,0.10300000000000001,0.079,0.092,0.115,0.132,0.087,0.087,0.0
0.10400000000000001,0.12,0.11,0.11800000000000001,0.10099999999999999,0.052000000000000005,0.085,0.085,0.09300000000000001,0.11599999999999999,0.15,0.18600000000000003,0.131,0.172,0.105,0.129,0.15,0.129,0.10400000000000001,0.12,0.061,0.08,0.102,0.061,0.086,0.08800000000000001,0.11699999999999999,0.061,0.0
0.8029999999999999,0.789,0.804,0.7879999999999999,0.804,0.8540000000000001,0.8370000000000001,0.8059999999999999,0.82,0.794,0.755,0.718,0.789,0.728,0.794,0.7879999999999999,0.7609999999999999,0.78,0.792,0.7909999999999999,0.84,0.8170000000000001,0.8190000000000001,0.847,0.8,0.78,0.7959999999999999,0.852,0.0
0.23,0.285,0.24600000000000002,0.265,0.249,0.105,0.175,0.182,0.276,0.253,0.29100000000000004,0.309,0.314,0.381,0.262,0.311,0.322,0.262,0.259,0.332,0.11699999999999999,0.162,0.212,0.162,0.23399999999999999,0.29100000000000004,0.259,0.18100000000000002,0.0
0.205,0.255,0.231,0.225,0.22899999999999998,0.121,0.171,0.179,0.231,0.21600000000000003,0.307,0.25,0.311,0.306,0.222,0.273,0.29,0.266,0.207,0.24600000000000002,0.113,0.184,0.17,0.162,0.209,0.26,0.23,0.172,0.0
0.565,0.46,0.523,0.51,0.522,0.774,0.654,0.639,0.493,0.531,0.401,0.442,0.374,0.314,0.516,0.415,0.38799999999999996,0.47200000000000003,0.534,0.42200000000000004,0.77,0.654,0.618,0.6759999999999999,0.557,0.449,0.511,0.647,0.0
0.39299999999999996,0.462,0.364,0.447,0.466,0.521,0.391,0.34299999999999997,0.364,0.335,0.363,0.38299999999999995,0.652,0.5489999999999999,0.415,0.496,0.578,0.414,0.33,0.428,0.5770000000000001,0.375,0.33899999999999997,0.298,0.5489999999999999,0.5720000000000001,0.4,0.456,0.0
0.213,0.22899999999999998,0.226,0.221,0.21100000000000002,0.172,0.19699999999999998,0.195,0.215,0.215,0.29600000000000004,0.247,0.191,0.262,0.239,0.244,0.233,0.264,0.253,0.21899999999999997,0.19,0.193,0.18600000000000003,0.153,0.191,0.20199999999999999,0.22699999999999998,0.171,0.0
0.39299999999999996,0.309,0.41,0.332,0.32299999999999995,0.308,0.413,0.46299999999999997,0.42100000000000004,0.45,0.341,0.37,0.157,0.18899999999999997,0.34600000000000003,0.261,0.18899999999999997,0.322,0.41700000000000004,0.353,0.233,0.43200000000000005,0.474,0.5489999999999999,0.26,0.226,0.373,0.373,0.0
0.256,0.272,0.248,0.28,0.257,0.175,0.253,0.226,0.257,0.32299999999999995,0.326,0.255,0.282,0.331,0.245,0.34299999999999997,0.309,0.28600000000000003,0.248,0.257,0.185,0.21899999999999997,0.3,0.182,0.25,0.353,0.264,0.16399999999999998,0.0
0.4,0.4,0.39799999999999996,0.41600000000000004,0.37799999999999995,0.348,0.40299999999999997,0.41600000000000004,0.40399999999999997,0.40299999999999997,0.426,0.377,0.396,0.402,0.40399999999999997,0.431,0.43,0.424,0.428,0.384,0.368,0.40299999999999997,0.381,0.313,0.38799999999999996,0.428,0.405,0.247,0.0
0.344,0.32799999999999996,0.354,0.304,0.365,0.47700000000000004,0.344,0.358,0.33799999999999997,0.27399999999999997,0.247,0.36700000000000005,0.322,0.266,0.35100000000000003,0.226,0.262,0.29,0.324,0.36,0.447,0.37799999999999995,0.319,0.505,0.36200000000000004,0.21899999999999997,0.331,0.589,0.0
0.217,0.132,0.172,0.19,0.171,0.115,0.17,0.284,0.09699999999999999,0.401,0.025,0.152,0.107,0.419,0.10800000000000001,0.106,0.16899999999999998,0.17,0.047,0.17,0.109,0.24600000000000002,0.428,0.142,0.159,0.166,0.184,0.124,0.0
0.16,0.105,0.147,0.131,0.128,0.203,0.13699999999999998,0.221,0.11900000000000001,0.131,0.031,0.10400000000000001,0.122,0.19899999999999998,0.099,0.11599999999999999,0.106,0.102,0.052000000000000005,0.14300000000000002,0.212,0.214,0.16899999999999998,0.157,0.131,0.14,0.136,0.131,0.0
0.623,0.763,0.682,0.679,0.701,0.682,0.6920000000000001,0.495,0.7829999999999999,0.469,0.945,0.7440000000000001,0.7709999999999999,0.382,0.794,0.779,0.725,0.728,0.9,0.687,0.679,0.54,0.40299999999999997,0.701,0.71,0.6940000000000001,0.68,0.745,0.0
0.43,0.26,0.344,0.373,0.335,0.35600000000000004,0.46299999999999997,0.46,0.40299999999999997,0.546,0.46399999999999997,0.20199999999999999,0.08199999999999999,0.222,0.307,0.5,0.258,0.361,0.28600000000000003,0.308,0.39299999999999996,0.461,0.563,0.203,0.465,0.5589999999999999,0.33299999999999996,0.21,0.0
0.226,0.19399999999999998,0.223,0.20600000000000002,0.207,0.28800000000000003,0.233,0.259,0.239,0.20800000000000002,0.23399999999999999,0.161,0.092,0.188,0.20199999999999999,0.26899999999999996,0.163,0.23,0.22899999999999998,0.203,0.28600000000000003,0.22899999999999998,0.204,0.17300000000000001,0.21899999999999997,0.205,0.212,0.16699999999999998,0.0
0.344,0.546,0.433,0.42100000000000004,0.45799999999999996,0.35600000000000004,0.305,0.281,0.358,0.247,0.302,0.637,0.826,0.59,0.491,0.231,0.579,0.409,0.485,0.489,0.321,0.31,0.23399999999999999,0.624,0.316,0.235,0.455,0.623,0.0
0.094,0.109,0.11199999999999999,0.09699999999999999,0.09,0.11699999999999999,0.084,0.08800000000000001,0.121,0.109,0.09699999999999999,0.08800000000000001,0.094,0.055999999999999994,0.13,0.063,0.083,0.075,0.106,0.11599999999999999,0.11800000000000001,0.098,0.105,0.16399999999999998,0.1,0.042,0.10099999999999999,0.177,0.0
0.9059999999999999,0.8909999999999999,0.888,0.903,0.91,0.883,0.9159999999999999,0.912,0.879,0.8909999999999999,0.903,0.912,0.9059999999999999,0.9440000000000001,0.87,0.937,0.917,0.925,0.894,0.884,0.882,0.902,0.895,0.836,0.9,0.958,0.899,0.823,0.0
0.713,0.812,0.785,0.747,0.741,0.584,0.7170000000000001,0.614,0.836,0.62,0.9009999999999999,0.764,0.8270000000000001,0.7070000000000001,0.8320000000000001,0.845,0.8059999999999999,0.81,0.883,0.818,0.525,0.618,0.5579999999999999,0.737,0.695,0.794,0.763,0.8029999999999999,0.0
0.287,0.188,0.215,0.253,0.259,0.41600000000000004,0.28300000000000003,0.386,0.16399999999999998,0.38,0.099,0.23600000000000002,0.17300000000000001,0.293,0.168,0.155,0.19399999999999998,0.19,0.11699999999999999,0.182,0.475,0.382,0.442,0.263,0.305,0.20600000000000002,0.237,0.19699999999999998,0.0
0.821,0.779,0.838,0.794,0.7709999999999999,0.752,0.78,0.818,0.8140000000000001,0.762,0.8240000000000001,0.813,0.812,0.8140000000000001,0.812,0.825,0.8340000000000001,0.816,0.804,0.809,0.731,0.8,0.7509999999999999,0.758,0.7809999999999999,0.847,0.804,0.747,0.0
0.179,0.221,0.162,0.20600000000000002,0.22899999999999998,0.248,0.22,0.182,0.18600000000000003,0.23800000000000002,0.17600000000000002,0.187,0.188,0.18600000000000003,0.188,0.175,0.166,0.184,0.196,0.191,0.26899999999999996,0.2,0.249,0.242,0.21899999999999997,0.153,0.196,0.253,0.0
0.726,0.779,0.7859999999999999,0.736,0.727,0.58,0.698,0.643,0.809,0.6759999999999999,0.838,0.778,0.7879999999999999,0.72,0.823,0.8059999999999999,0.778,0.8059999999999999,0.855,0.7959999999999999,0.529,0.637,0.595,0.746,0.7090000000000001,0.768,0.753,0.8079999999999999,0.0
0.27399999999999997,0.221,0.214,0.264,0.273,0.42,0.302,0.35700000000000004,0.191,0.324,0.162,0.222,0.212,0.28,0.177,0.19399999999999998,0.222,0.19399999999999998,0.145,0.204,0.47100000000000003,0.363,0.405,0.254,0.29100000000000004,0.23199999999999998,0.247,0.192,0.0
0.792,0.773,0.885,0.7959999999999999,0.64,0.652,0.768,0.773,0.8079999999999999,0.745,0.8420000000000001,0.7759999999999999,0.799,0.787,0.8079999999999999,0.8370000000000001,0.8340000000000001,0.8320000000000001,0.818,0.79,0.599,0.752,0.69,0.72,0.746,0.795,0.792,0.657,0.0
0.20800000000000002,0.22699999999999998,0.115,0.204,0.36,0.348,0.23199999999999998,0.22699999999999998,0.192,0.255,0.158,0.22399999999999998,0.201,0.213,0.192,0.163,0.166,0.168,0.182,0.21,0.401,0.248,0.31,0.28,0.254,0.205,0.20800000000000002,0.34299999999999997,0.0
0.2,0.198,0.142,0.19699999999999998,0.272,0.385,0.18899999999999997,0.305,0.19699999999999998,0.221,0.081,0.166,0.13,0.19399999999999998,0.177,0.133,0.11699999999999999,0.129,0.133,0.205,0.419,0.27899999999999997,0.263,0.311,0.27,0.18,0.188,0.261,0.0
0.8,0.802,0.858,0.8029999999999999,0.728,0.615,0.8109999999999999,0.695,0.8029999999999999,0.779,0.919,0.8340000000000001,0.87,0.8059999999999999,0.823,0.867,0.883,0.871,0.867,0.795,0.581,0.721,0.737,0.6890000000000001,0.73,0.82,0.812,0.7390000000000001,0.0
0.687,0.677,0.7020000000000001,0.6759999999999999,0.67,0.774,0.627,0.674,0.7140000000000001,0.6509999999999999,0.647,0.618,0.718,0.6609999999999999,0.7140000000000001,0.775,0.7040000000000001,0.65,0.614,0.708,0.762,0.649,0.639,0.705,0.777,0.812,0.66,0.777,0.0
0.313,0.32299999999999995,0.298,0.324,0.33,0.226,0.373,0.326,0.28600000000000003,0.349,0.353,0.382,0.282,0.33899999999999997,0.28600000000000003,0.225,0.29600000000000004,0.35,0.386,0.292,0.23800000000000002,0.35100000000000003,0.361,0.295,0.223,0.188,0.34,0.223,0.0
0.9309999999999999,0.9540000000000001,0.9440000000000001,0.941,0.94,0.9440000000000001,0.935,0.9179999999999999,0.951,0.924,0.9540000000000001,0.925,0.9570000000000001,0.946,0.9490000000000001,0.9670000000000001,0.958,0.95,0.948,0.9470000000000001,0.9359999999999999,0.907,0.919,0.9390000000000001,0.963,0.965,0.9359999999999999,0.9840000000000001,0.0
0.069,0.046,0.055999999999999994,0.059000000000000004,0.06,0.055999999999999994,0.065,0.08199999999999999,0.049,0.076,0.046,0.075,0.043,0.054000000000000006,0.051,0.033,0.042,0.05,0.052000000000000005,0.053,0.064,0.09300000000000001,0.081,0.061,0.037000000000000005,0.035,0.064,0.016,0.0
0.622,0.59,0.613,0.593,0.624,0.609,0.6509999999999999,0.664,0.608,0.612,0.589,0.623,0.5489999999999999,0.574,0.58,0.436,0.537,0.609,0.649,0.634,0.5920000000000001,0.682,0.632,0.645,0.53,0.44799999999999995,0.622,0.6829999999999999,0.0
0.37799999999999995,0.41,0.387,0.40700000000000003,0.376,0.391,0.349,0.336,0.392,0.38799999999999996,0.41100000000000003,0.377,0.451,0.426,0.42,0.564,0.46299999999999997,0.391,0.35100000000000003,0.366,0.408,0.318,0.368,0.355,0.47,0.552,0.37799999999999995,0.317,0.0
2.8,3.33,2.4,3.28,3.48,4.22,2.57,2.47,2.95,2.56,2.8,2.69,3.75,4.11,2.95,4.3,3.83,2.83,2.37,2.93,5.07,2.26,2.99,2.42,4.22,4.14,2.84,3.1,0.0
0.59,0.583,0.498,0.589,0.7140000000000001,0.5429999999999999,0.5670000000000001,0.49,0.5429999999999999,0.556,0.722,0.631,0.638,0.629,0.622,0.7090000000000001,0.706,0.685,0.6920000000000001,0.513,0.517,0.491,0.45899999999999996,0.40299999999999997,0.6579999999999999,0.746,0.574,0.441,0.0
0.257,0.248,0.287,0.272,0.16699999999999998,0.33299999999999996,0.273,0.34,0.24600000000000002,0.282,0.168,0.222,0.221,0.257,0.213,0.188,0.185,0.201,0.152,0.263,0.34600000000000003,0.34299999999999997,0.34600000000000003,0.35700000000000004,0.204,0.182,0.261,0.299,0.0
0.153,0.16899999999999998,0.215,0.139,0.11900000000000001,0.124,0.16,0.17,0.21100000000000002,0.163,0.111,0.14800000000000002,0.14,0.115,0.166,0.10300000000000001,0.109,0.114,0.156,0.22399999999999998,0.13699999999999998,0.166,0.195,0.24,0.138,0.07200000000000001,0.165,0.259,0.0
2.53,2.81,2.23,2.7,3.11,3.47,2.64,2.83,2.5,2.85,2.18,2.59,2.6,2.84,2.55,2.43,2.53,2.44,2.38,2.61,3.68,2.81,3.0,2.93,3.03,2.54,2.61,2.9,0.0
5.0,6.0,5.0,6.0,7.0,5.0,7.0,6.0,5.0,7.0,6.0,8.0,6.0,7.0,5.0,4.0,5.0,5.0,8.0,6.0,5.0,6.0,7.0,5.0,4.0,3.0,6.0,3.0,0.0
0.659,0.715,0.598,0.691,0.785,0.858,0.706,0.675,0.7340000000000001,0.763,0.485,0.605,0.682,0.647,0.637,0.506,0.556,0.595,0.685,0.7559999999999999,0.8490000000000001,0.731,0.833,0.838,0.6990000000000001,0.5489999999999999,0.685,0.8009999999999999,0.0
0.341,0.285,0.402,0.309,0.215,0.142,0.294,0.325,0.266,0.237,0.515,0.395,0.318,0.353,0.363,0.494,0.444,0.405,0.315,0.244,0.151,0.26899999999999996,0.16699999999999998,0.162,0.301,0.451,0.315,0.19899999999999998,0.0
0.657,0.67,0.6629999999999999,0.637,0.703,0.89,0.691,0.755,0.77,0.6759999999999999,0.478,0.54,0.495,0.486,0.674,0.595,0.47200000000000003,0.531,0.67,0.737,0.895,0.757,0.726,0.8540000000000001,0.7859999999999999,0.76,0.634,0.888,0.0
0.34299999999999997,0.33,0.337,0.363,0.297,0.11,0.309,0.245,0.23,0.324,0.522,0.46,0.505,0.514,0.326,0.405,0.528,0.469,0.33,0.263,0.105,0.243,0.27399999999999997,0.146,0.214,0.24,0.366,0.11199999999999999,0.0
0.9109999999999999,0.915,0.9059999999999999,0.912,0.922,0.94,0.9490000000000001,0.9259999999999999,0.948,0.9490000000000001,0.877,0.924,0.8640000000000001,0.845,0.877,0.877,0.8009999999999999,0.8959999999999999,0.9520000000000001,0.94,0.9329999999999999,0.953,0.958,0.972,0.789,0.762,0.937,0.9309999999999999,0.0
0.08900000000000001,0.085,0.094,0.08800000000000001,0.078,0.06,0.051,0.07400000000000001,0.052000000000000005,0.051,0.12300000000000001,0.076,0.136,0.155,0.12300000000000001,0.12300000000000001,0.19899999999999998,0.10400000000000001,0.048,0.06,0.067,0.047,0.042,0.027999999999999997,0.21100000000000002,0.23800000000000002,0.063,0.069,0.0
0.68,0.675,0.627,0.679,0.737,0.9109999999999999,0.655,0.7559999999999999,0.733,0.705,0.552,0.552,0.622,0.535,0.7090000000000001,0.6609999999999999,0.58,0.5710000000000001,0.643,0.711,0.937,0.735,0.716,0.8059999999999999,0.9059999999999999,0.858,0.633,0.8220000000000001,0.0
0.32,0.325,0.373,0.321,0.263,0.08900000000000001,0.345,0.244,0.267,0.295,0.44799999999999995,0.44799999999999995,0.37799999999999995,0.465,0.29100000000000004,0.33899999999999997,0.42,0.429,0.35700000000000004,0.289,0.063,0.265,0.284,0.19399999999999998,0.094,0.142,0.36700000000000005,0.17800000000000002,0.0
0.91,0.9159999999999999,0.905,0.907,0.934,0.9420000000000001,0.927,0.956,0.9390000000000001,0.9179999999999999,0.826,0.882,0.873,0.852,0.91,0.875,0.8320000000000001,0.8640000000000001,0.909,0.9329999999999999,0.9590000000000001,0.9279999999999999,0.958,0.968,-999.0,-999.0,-999.0,-999.0,0.0
0.09,0.084,0.095,0.09300000000000001,0.066,0.057999999999999996,0.073,0.044000000000000004,0.061,0.08199999999999999,0.174,0.11800000000000001,0.127,0.14800000000000002,0.09,0.125,0.168,0.136,0.091,0.067,0.040999999999999995,0.07200000000000001,0.042,0.032,-999.0,-999.0,-999.0,-999.0,0.0
0.128,0.131,0.162,0.11900000000000001,0.107,0.064,0.12,0.105,0.091,0.08,0.203,0.152,0.18600000000000003,0.19699999999999998,0.135,0.11199999999999999,0.19899999999999998,0.184,0.127,0.111,0.077,0.125,0.066,0.044000000000000004,0.129,0.121,0.13,0.138,0.0
0.551,0.555,0.521,0.562,0.578,0.594,0.569,0.585,0.5720000000000001,0.5820000000000001,0.496,0.5529999999999999,0.531,0.52,0.526,0.507,0.506,0.521,0.568,0.562,0.562,0.5760000000000001,0.605,0.619,0.508,0.556,0.5589999999999999,0.537,0.0
0.321,0.313,0.317,0.319,0.315,0.342,0.311,0.31,0.337,0.33799999999999997,0.301,0.295,0.28300000000000003,0.28300000000000003,0.34,0.381,0.29600000000000004,0.295,0.304,0.327,0.361,0.299,0.32899999999999996,0.337,0.363,0.32299999999999995,0.311,0.325,0.0
0.10400000000000001,0.10099999999999999,0.087,0.113,0.10099999999999999,0.126,0.111,0.10400000000000001,0.09,0.17800000000000002,0.125,0.115,0.083,0.075,0.106,0.055999999999999994,0.09,0.102,0.133,0.08,0.107,0.102,0.18899999999999997,0.153,0.092,0.052000000000000005,0.106,0.063,0.0
0.8959999999999999,0.899,0.9129999999999999,0.887,0.899,0.8740000000000001,0.889,0.8959999999999999,0.91,0.8220000000000001,0.875,0.885,0.917,0.925,0.894,0.9440000000000001,0.91,0.898,0.867,0.92,0.893,0.898,0.8109999999999999,0.847,0.9079999999999999,0.948,0.894,0.937,0.0
0.303,0.322,0.262,0.332,0.33899999999999997,0.26899999999999996,0.27699999999999997,0.226,0.24600000000000002,0.299,0.38299999999999995,0.348,0.381,0.317,0.324,0.376,0.374,0.299,0.307,0.247,0.255,0.23199999999999998,0.29100000000000004,0.295,0.293,0.308,0.314,0.191,0.0
0.6970000000000001,0.6779999999999999,0.738,0.6679999999999999,0.6609999999999999,0.731,0.723,0.774,0.754,0.701,0.617,0.652,0.619,0.6829999999999999,0.6759999999999999,0.624,0.626,0.701,0.693,0.753,0.745,0.768,0.7090000000000001,0.705,0.7070000000000001,0.6920000000000001,0.6859999999999999,0.809,0.0
0.281,0.3,0.212,0.295,0.387,0.396,0.278,0.24100000000000002,0.218,0.348,0.293,0.33299999999999996,0.375,0.268,0.275,0.331,0.3,0.285,0.297,0.239,0.442,0.243,0.342,0.294,0.298,0.41200000000000003,0.28600000000000003,0.195,0.0
0.7190000000000001,0.7,0.7879999999999999,0.705,0.613,0.604,0.722,0.759,0.782,0.652,0.7070000000000001,0.667,0.625,0.732,0.725,0.669,0.7,0.715,0.703,0.7609999999999999,0.5579999999999999,0.757,0.6579999999999999,0.706,0.7020000000000001,0.588,0.7140000000000001,0.805,0.0
0.348,0.331,0.392,0.322,0.306,0.275,0.434,0.379,0.365,0.537,0.209,0.321,0.237,0.319,0.253,0.08900000000000001,0.201,0.27,0.35,0.42100000000000004,0.2,0.445,0.618,0.42100000000000004,0.122,0.125,0.382,0.29100000000000004,0.0
0.652,0.669,0.608,0.6779999999999999,0.6940000000000001,0.725,0.5660000000000001,0.621,0.635,0.46299999999999997,0.7909999999999999,0.679,0.763,0.6809999999999999,0.747,0.9109999999999999,0.799,0.73,0.65,0.579,0.8,0.555,0.382,0.579,0.878,0.875,0.618,0.7090000000000001,0.0
0.32299999999999995,0.332,0.37200000000000005,0.312,0.29600000000000004,0.23199999999999998,0.415,0.34299999999999997,0.35200000000000004,0.49,0.276,0.342,0.172,0.32,0.258,0.134,0.16899999999999998,0.293,0.375,0.4,0.155,0.396,0.569,0.40399999999999997,0.107,0.111,0.369,0.28300000000000003,0.0
0.677,0.6679999999999999,0.628,0.688,0.7040000000000001,0.768,0.585,0.657,0.648,0.51,0.7240000000000001,0.6579999999999999,0.828,0.68,0.742,0.866,0.831,0.7070000000000001,0.625,0.6,0.845,0.604,0.431,0.596,0.893,0.889,0.631,0.7170000000000001,0.0
0.303,0.3,0.33799999999999997,0.287,0.282,0.2,0.366,0.298,0.331,0.434,0.243,0.27399999999999997,0.21600000000000003,0.33899999999999997,0.22899999999999998,0.133,0.203,0.27699999999999997,0.302,0.373,0.14800000000000002,0.35100000000000003,0.49,0.354,0.094,0.138,0.34,0.24600000000000002,0.0
0.6970000000000001,0.7,0.662,0.713,0.718,0.8,0.634,0.7020000000000001,0.669,0.5660000000000001,0.757,0.726,0.784,0.6609999999999999,0.7709999999999999,0.867,0.797,0.723,0.698,0.627,0.852,0.649,0.51,0.6459999999999999,0.9059999999999999,0.862,0.66,0.754,0.0
0.48,0.451,0.409,0.495,0.495,0.564,0.4,0.433,0.43799999999999994,0.336,0.5,0.49,0.61,0.511,0.502,0.8370000000000001,0.629,0.513,0.38799999999999996,0.40299999999999997,0.6559999999999999,0.36700000000000005,0.261,0.27899999999999997,0.812,0.9179999999999999,0.428,0.402,0.0
0.184,0.2,0.204,0.185,0.184,0.113,0.193,0.182,0.191,0.16699999999999998,0.218,0.21100000000000002,0.2,0.215,0.18100000000000002,0.113,0.201,0.225,0.222,0.192,0.10800000000000001,0.21,0.184,0.135,0.054000000000000006,0.031,0.207,0.149,0.0
0.337,0.349,0.387,0.319,0.321,0.324,0.406,0.384,0.371,0.496,0.282,0.299,0.19,0.273,0.318,0.051,0.16899999999999998,0.262,0.39,0.405,0.237,0.42200000000000004,0.555,0.586,0.134,0.05,0.365,0.449,0.0
0.31,0.22899999999999998,0.21899999999999997,0.292,0.317,0.508,0.228,0.336,0.281,0.205,0.249,0.207,0.252,0.252,0.321,0.698,0.322,0.248,0.156,0.223,0.603,0.25,0.156,0.153,0.733,0.893,0.21100000000000002,0.284,0.0
0.136,0.125,0.132,0.138,0.11800000000000001,0.092,0.128,0.14800000000000002,0.114,0.092,0.163,0.154,0.122,0.142,0.15,0.113,0.157,0.162,0.11699999999999999,0.11900000000000001,0.066,0.13,0.121,0.107,0.069,0.03,0.14,0.102,0.0
0.5539999999999999,0.6459999999999999,0.649,0.57,0.5660000000000001,0.4,0.644,0.516,0.605,0.703,0.588,0.639,0.626,0.605,0.529,0.18899999999999997,0.521,0.591,0.727,0.6579999999999999,0.332,0.62,0.7240000000000001,0.74,0.19899999999999998,0.076,0.649,0.614,0.0
0.511,0.435,0.419,0.493,0.522,0.7140000000000001,0.435,0.496,0.439,0.392,0.647,0.534,0.281,0.386,0.598,0.777,0.48,0.535,0.475,0.364,0.792,0.41700000000000004,0.34600000000000003,0.41600000000000004,0.812,0.746,0.414,0.643,0.0
0.193,0.191,0.207,0.191,0.17600000000000002,0.126,0.18,0.21600000000000003,0.217,0.20600000000000002,0.166,0.20600000000000002,0.15,0.218,0.185,0.12,0.152,0.21899999999999997,0.215,0.226,0.10400000000000001,0.215,0.183,0.19899999999999998,0.11900000000000001,0.159,0.205,0.135,0.0
0.29600000000000004,0.373,0.374,0.316,0.302,0.16,0.385,0.289,0.344,0.402,0.18600000000000003,0.26,0.569,0.395,0.217,0.10300000000000001,0.368,0.24600000000000002,0.31,0.41,0.10400000000000001,0.368,0.47100000000000003,0.385,0.069,0.095,0.381,0.222,0.0
0.431,0.366,0.324,0.42,0.466,0.6,0.335,0.41200000000000003,0.37799999999999995,0.302,0.423,0.336,0.455,0.41,0.456,0.795,0.529,0.401,0.256,0.33799999999999997,0.705,0.34600000000000003,0.235,0.225,0.8270000000000001,0.888,0.319,0.445,0.0
0.24,0.26899999999999996,0.27,0.263,0.218,0.168,0.23800000000000002,0.226,0.239,0.21,0.316,0.324,0.301,0.302,0.245,0.14800000000000002,0.3,0.318,0.285,0.258,0.132,0.242,0.215,0.204,0.107,0.057999999999999996,0.285,0.183,0.0
0.32899999999999996,0.365,0.40700000000000003,0.317,0.316,0.231,0.42700000000000005,0.36200000000000004,0.38299999999999995,0.488,0.261,0.341,0.244,0.28800000000000003,0.299,0.057,0.171,0.28,0.45899999999999996,0.40399999999999997,0.163,0.41200000000000003,0.55,0.5710000000000001,0.066,0.054000000000000006,0.396,0.37200000000000005,0.0
0.573,0.5870000000000001,0.568,0.575,0.606,0.754,0.594,0.7120000000000001,0.654,0.5710000000000001,0.373,0.455,0.494,0.531,0.599,0.38299999999999995,0.45799999999999996,0.518,0.563,0.6459999999999999,0.693,0.6629999999999999,0.6459999999999999,0.746,-999.0,-999.0,-999.0,-999.0,0.0
0.42700000000000005,0.413,0.43200000000000005,0.425,0.39399999999999996,0.24600000000000002,0.406,0.28800000000000003,0.34600000000000003,0.429,0.627,0.545,0.506,0.469,0.401,0.617,0.542,0.48200000000000004,0.43700000000000006,0.354,0.307,0.337,0.354,0.254,-999.0,-999.0,-999.0,-999.0,0.0
0.455,0.516,0.525,0.47,0.449,0.6859999999999999,0.387,0.62,0.6459999999999999,0.335,0.475,0.295,0.365,0.402,0.6,0.39,0.353,0.44,0.474,0.617,0.632,0.531,0.395,0.613,-999.0,-999.0,-999.0,-999.0,0.0
0.545,0.484,0.475,0.53,0.551,0.314,0.613,0.38,0.354,0.665,0.525,0.705,0.635,0.598,0.4,0.61,0.647,0.56,0.526,0.38299999999999995,0.368,0.469,0.605,0.387,-999.0,-999.0,-999.0,-999.0,0.0
0.34700000000000003,0.39,0.349,0.364,0.396,0.36,0.344,0.308,0.40299999999999997,0.499,0.374,0.29100000000000004,0.35700000000000004,0.26,0.445,0.27,0.297,0.34600000000000003,0.43200000000000005,0.39299999999999996,0.32899999999999996,0.313,0.474,0.44799999999999995,-999.0,-999.0,-999.0,-999.0,0.0
0.27,0.22899999999999998,0.263,0.248,0.23800000000000002,0.248,0.308,0.27,0.262,0.276,0.23800000000000002,0.29100000000000004,0.16399999999999998,0.23600000000000002,0.195,0.305,0.19,0.239,0.226,0.243,0.223,0.292,0.299,0.27899999999999997,-999.0,-999.0,-999.0,-999.0,0.0
0.192,0.187,0.19699999999999998,0.191,0.17600000000000002,0.20800000000000002,0.179,0.20800000000000002,0.184,0.135,0.2,0.215,0.2,0.225,0.17300000000000001,0.19399999999999998,0.21899999999999997,0.198,0.174,0.204,0.228,0.201,0.12,0.159,-999.0,-999.0,-999.0,-999.0,0.0
0.191,0.19399999999999998,0.191,0.19699999999999998,0.19,0.184,0.16899999999999998,0.214,0.151,0.09,0.188,0.20199999999999999,0.27899999999999997,0.27899999999999997,0.187,0.231,0.293,0.21600000000000003,0.168,0.159,0.21899999999999997,0.19399999999999998,0.107,0.114,-999.0,-999.0,-999.0,-999.0,0.0
0.708,0.8170000000000001,0.795,0.735,0.7509999999999999,0.858,0.831,0.773,0.8590000000000001,0.812,0.529,0.7020000000000001,0.652,0.778,0.633,0.523,0.544,0.6629999999999999,0.853,0.888,0.8440000000000001,0.8809999999999999,0.912,0.951,0.5720000000000001,0.532,0.7909999999999999,0.784,0.0
0.292,0.183,0.205,0.265,0.249,0.142,0.16899999999999998,0.22699999999999998,0.141,0.188,0.47100000000000003,0.298,0.348,0.222,0.36700000000000005,0.47700000000000004,0.456,0.337,0.147,0.11199999999999999,0.156,0.11900000000000001,0.08800000000000001,0.049,0.428,0.46799999999999997,0.209,0.21600000000000003,0.0
3.16,3.03,2.94,3.17,3.21,3.34,2.91,3.09,3.03,2.74,3.22,3.12,3.42,3.24,3.22,4.19,3.58,3.25,2.86,2.91,3.62,2.92,2.54,2.4,4.15,4.45,2.98,3.01,0.0
0.413,0.44,0.38799999999999996,0.42100000000000004,0.475,0.624,0.36700000000000005,0.38799999999999996,0.466,0.527,0.43799999999999994,0.293,0.373,0.29100000000000004,0.513,0.39,0.354,0.38299999999999995,0.436,0.45399999999999996,0.667,0.38299999999999995,0.49700000000000005,0.501,0.802,0.46399999999999997,0.365,0.66,0.0
0.5870000000000001,0.56,0.612,0.579,0.525,0.376,0.633,0.612,0.534,0.473,0.562,0.7070000000000001,0.627,0.7090000000000001,0.48700000000000004,0.61,0.6459999999999999,0.617,0.564,0.546,0.33299999999999996,0.617,0.503,0.499,0.198,0.536,0.635,0.34,0.0
0.7170000000000001,0.723,0.747,0.716,0.693,0.682,0.703,0.76,0.726,0.645,0.7090000000000001,0.7490000000000001,0.746,0.782,0.6829999999999999,0.7979999999999999,0.757,0.7120000000000001,0.691,0.732,0.682,0.7490000000000001,0.638,0.648,0.542,0.809,0.7290000000000001,0.613,0.0
0.17800000000000002,0.177,0.175,0.17800000000000002,0.18,0.158,0.184,0.16899999999999998,0.19,0.19,0.175,0.17,0.182,0.155,0.17800000000000002,0.134,0.171,0.183,0.214,0.174,0.149,0.168,0.221,0.17,0.16399999999999998,0.12300000000000001,0.18100000000000002,0.163,0.0
0.10400000000000001,0.1,0.078,0.106,0.127,0.16,0.113,0.07200000000000001,0.084,0.165,0.115,0.081,0.07200000000000001,0.063,0.139,0.068,0.07200000000000001,0.106,0.095,0.094,0.17,0.083,0.141,0.182,0.294,0.068,0.09,0.22399999999999998,0.0
0.5770000000000001,0.62,0.619,0.594,0.569,0.584,0.5489999999999999,0.599,0.588,0.5479999999999999,0.595,0.625,0.648,0.6409999999999999,0.619,0.705,0.652,0.618,0.608,0.604,0.5720000000000001,0.585,0.48700000000000004,0.496,-999.0,-999.0,-999.0,-999.0,0.0
0.22899999999999998,0.204,0.21600000000000003,0.22399999999999998,0.20800000000000002,0.25,0.222,0.225,0.228,0.222,0.255,0.22,0.2,0.19699999999999998,0.198,0.18899999999999997,0.214,0.222,0.21899999999999997,0.214,0.252,0.209,0.242,0.21600000000000003,-999.0,-999.0,-999.0,-999.0,0.0
0.195,0.17600000000000002,0.165,0.182,0.22399999999999998,0.166,0.22899999999999998,0.17600000000000002,0.184,0.22899999999999998,0.15,0.155,0.152,0.161,0.182,0.106,0.134,0.16,0.17300000000000001,0.182,0.175,0.207,0.271,0.28800000000000003,-999.0,-999.0,-999.0,-999.0,0.0
0.479,0.455,0.439,0.48,0.48700000000000004,0.461,0.44299999999999995,0.467,0.441,0.402,0.489,0.479,0.5379999999999999,0.508,0.489,0.722,0.583,0.499,0.423,0.414,0.49,0.446,0.353,0.313,0.615,0.718,0.455,0.47200000000000003,0.0
0.196,0.19,0.201,0.196,0.17800000000000002,0.147,0.18899999999999997,0.215,0.19,0.17300000000000001,0.20600000000000002,0.215,0.21,0.185,0.187,0.14800000000000002,0.203,0.217,0.223,0.17800000000000002,0.128,0.209,0.18,0.16,0.113,0.086,0.201,0.141,0.0
0.325,0.35600000000000004,0.36,0.324,0.335,0.392,0.368,0.318,0.369,0.426,0.305,0.306,0.252,0.306,0.324,0.13,0.215,0.284,0.354,0.408,0.382,0.345,0.46799999999999997,0.527,0.272,0.196,0.345,0.387,0.0
0.24,0.254,0.215,0.251,0.281,0.28600000000000003,0.249,0.21899999999999997,0.255,0.294,0.168,0.24,0.276,0.217,0.247,0.19,0.212,0.209,0.24,0.262,0.17300000000000001,0.23600000000000002,0.297,0.364,-999.0,-999.0,-999.0,-999.0,0.0
0.76,0.746,0.785,0.7490000000000001,0.7190000000000001,0.7140000000000001,0.7509999999999999,0.7809999999999999,0.745,0.706,0.8320000000000001,0.76,0.7240000000000001,0.7829999999999999,0.753,0.81,0.7879999999999999,0.7909999999999999,0.76,0.738,0.8270000000000001,0.764,0.703,0.636,-999.0,-999.0,-999.0,-999.0,0.0
0.052000000000000005,0.05,0.051,0.05,0.053,0.033,0.071,0.046,0.055,0.061,0.048,0.035,0.035,0.036000000000000004,0.051,0.044000000000000004,0.035,0.035,0.047,0.051,0.02,0.057999999999999996,0.075,0.08900000000000001,-999.0,-999.0,-999.0,-999.0,0.0
0.948,0.95,0.9490000000000001,0.95,0.9470000000000001,0.9670000000000001,0.929,0.9540000000000001,0.945,0.9390000000000001,0.9520000000000001,0.965,0.965,0.9640000000000001,0.9490000000000001,0.956,0.965,0.965,0.953,0.9490000000000001,0.98,0.9420000000000001,0.925,0.9109999999999999,-999.0,-999.0,-999.0,-999.0,0.0
0.188,0.18600000000000003,0.177,0.193,0.192,0.122,0.215,0.15,0.17800000000000002,0.21899999999999997,0.22399999999999998,0.16699999999999998,0.177,0.205,0.175,0.184,0.193,0.19699999999999998,0.18899999999999997,0.18600000000000003,0.13,0.17300000000000001,0.2,0.179,-999.0,-999.0,-999.0,-999.0,0.0
0.812,0.8140000000000001,0.823,0.807,0.8079999999999999,0.878,0.785,0.85,0.8220000000000001,0.7809999999999999,0.7759999999999999,0.833,0.823,0.795,0.825,0.816,0.807,0.8029999999999999,0.8109999999999999,0.8140000000000001,0.87,0.8270000000000001,0.8,0.821,-999.0,-999.0,-999.0,-999.0,0.0
0.17,0.16399999999999998,0.15,0.171,0.18600000000000003,0.099,0.177,0.127,0.158,0.171,0.192,0.171,0.159,0.19399999999999998,0.17300000000000001,0.204,0.17800000000000002,0.2,0.17,0.15,0.077,0.138,0.16699999999999998,0.153,-999.0,-999.0,-999.0,-999.0,0.0
0.83,0.836,0.85,0.8290000000000001,0.8140000000000001,0.9009999999999999,0.823,0.873,0.8420000000000001,0.8290000000000001,0.8079999999999999,0.8290000000000001,0.841,0.8059999999999999,0.8270000000000001,0.7959999999999999,0.8220000000000001,0.8,0.83,0.85,0.9229999999999999,0.862,0.833,0.847,-999.0,-999.0,-999.0,-999.0,0.0
0.363,0.369,0.387,0.354,0.35700000000000004,0.38299999999999995,0.405,0.364,0.41700000000000004,0.494,0.293,0.292,0.268,0.301,0.364,0.14300000000000002,0.24100000000000002,0.28300000000000003,0.386,0.42200000000000004,0.299,0.405,0.521,0.5579999999999999,-999.0,-999.0,-999.0,-999.0,0.0
0.637,0.631,0.613,0.6459999999999999,0.643,0.617,0.595,0.636,0.583,0.506,0.7070000000000001,0.708,0.732,0.6990000000000001,0.636,0.857,0.759,0.7170000000000001,0.614,0.578,0.701,0.595,0.479,0.442,-999.0,-999.0,-999.0,-999.0,0.0
0.831,0.841,0.807,0.8490000000000001,0.8490000000000001,0.857,0.843,0.871,0.7929999999999999,0.77,0.8190000000000001,0.8190000000000001,0.872,0.875,0.843,0.882,0.877,0.856,0.821,0.8,0.871,0.872,0.752,0.7709999999999999,0.9059999999999999,0.912,0.8220000000000001,0.8320000000000001,0.0
0.11900000000000001,0.11699999999999999,0.13,0.113,0.11199999999999999,0.105,0.10400000000000001,0.099,0.14400000000000002,0.16,0.14400000000000002,0.134,0.09699999999999999,0.091,0.11699999999999999,0.096,0.098,0.10800000000000001,0.129,0.14,0.10400000000000001,0.09300000000000001,0.16899999999999998,0.142,0.073,0.075,0.127,0.1,0.0
0.05,0.042,0.063,0.038,0.04,0.039,0.053,0.031,0.063,0.07,0.037000000000000005,0.047,0.031,0.033,0.04,0.022000000000000002,0.025,0.036000000000000004,0.05,0.059000000000000004,0.026000000000000002,0.035,0.079,0.087,0.021,0.013000000000000001,0.05,0.068,0.0
0.8390000000000001,0.836,0.7929999999999999,0.853,0.8690000000000001,0.892,0.815,0.872,0.769,0.78,0.792,0.852,0.92,0.93,0.836,0.9079999999999999,0.922,0.853,0.792,0.789,0.9129999999999999,0.857,0.763,0.745,0.9209999999999999,0.915,0.8240000000000001,0.794,0.0
0.11,0.114,0.136,0.106,0.09,0.079,0.115,0.098,0.155,0.159,0.165,0.099,0.065,0.051,0.109,0.075,0.064,0.111,0.145,0.139,0.065,0.1,0.152,0.14800000000000002,0.059000000000000004,0.067,0.12,0.132,0.0
0.052000000000000005,0.05,0.071,0.040999999999999995,0.040999999999999995,0.028999999999999998,0.07,0.031,0.077,0.061,0.042,0.049,0.015,0.019,0.055,0.017,0.015,0.036000000000000004,0.062,0.07200000000000001,0.023,0.043,0.084,0.107,0.02,0.018000000000000002,0.055,0.075,0.0
0.5670000000000001,0.618,0.594,0.591,0.581,0.784,0.5820000000000001,0.547,0.644,0.615,0.442,0.537,0.5579999999999999,0.597,0.5670000000000001,0.447,0.503,0.524,0.568,0.6829999999999999,0.8009999999999999,0.608,0.644,0.6759999999999999,0.617,0.494,0.588,0.684,0.0
0.433,0.382,0.406,0.409,0.419,0.21600000000000003,0.418,0.45299999999999996,0.35600000000000004,0.385,0.5579999999999999,0.46299999999999997,0.442,0.40299999999999997,0.433,0.5529999999999999,0.49700000000000005,0.47600000000000003,0.43200000000000005,0.317,0.19899999999999998,0.392,0.35600000000000004,0.324,0.38299999999999995,0.506,0.41200000000000003,0.316,0.0
0.306,0.29100000000000004,0.324,0.299,0.267,0.225,0.355,0.307,0.317,0.353,0.29100000000000004,0.31,0.249,0.23800000000000002,0.278,0.147,0.23399999999999999,0.271,0.32299999999999995,0.325,0.195,0.337,0.42,0.38799999999999996,0.166,0.08800000000000001,0.324,0.325,0.0
0.6940000000000001,0.7090000000000001,0.6759999999999999,0.701,0.733,0.775,0.645,0.693,0.6829999999999999,0.647,0.7090000000000001,0.69,0.7509999999999999,0.762,0.722,0.853,0.7659999999999999,0.7290000000000001,0.677,0.675,0.805,0.6629999999999999,0.58,0.612,0.8340000000000001,0.912,0.6759999999999999,0.675,0.0
0.256,0.273,0.26899999999999996,0.259,0.264,0.307,0.263,0.226,0.266,0.28800000000000003,0.322,0.23,0.222,0.24600000000000002,0.289,0.264,0.233,0.27,0.268,0.267,0.318,0.24,0.266,0.316,0.33799999999999997,0.26899999999999996,0.253,0.413,0.0
0.7440000000000001,0.727,0.731,0.741,0.736,0.693,0.737,0.774,0.7340000000000001,0.7120000000000001,0.6779999999999999,0.77,0.778,0.754,0.711,0.736,0.767,0.73,0.732,0.733,0.682,0.76,0.7340000000000001,0.684,0.662,0.731,0.747,0.5870000000000001,0.0
0.382,0.374,0.384,0.379,0.37,0.358,0.42,0.344,0.389,0.48,0.337,0.391,0.344,0.337,0.355,0.222,0.317,0.341,0.42,0.39899999999999997,0.32799999999999996,0.39299999999999996,0.49200000000000005,0.488,0.24100000000000002,0.132,0.4,0.418,0.0
0.618,0.626,0.616,0.621,0.63,0.642,0.58,0.6559999999999999,0.611,0.52,0.6629999999999999,0.609,0.6559999999999999,0.6629999999999999,0.645,0.778,0.6829999999999999,0.659,0.58,0.601,0.672,0.607,0.508,0.512,0.759,0.868,0.6,0.5820000000000001,0.0
0.157,0.156,0.156,0.156,0.157,0.27399999999999997,0.171,0.157,0.161,0.201,0.098,0.126,0.11,0.141,0.14400000000000002,0.085,0.106,0.111,0.13,0.16399999999999998,0.297,0.166,0.259,0.239,0.162,0.085,0.157,0.218,0.0
0.843,0.8440000000000001,0.8440000000000001,0.8440000000000001,0.843,0.726,0.8290000000000001,0.843,0.8390000000000001,0.799,0.902,0.8740000000000001,0.89,0.8590000000000001,0.856,0.915,0.894,0.889,0.87,0.836,0.703,0.8340000000000001,0.741,0.7609999999999999,0.838,0.915,0.843,0.782,0.0
0.285,0.017,0.15,0.15,0.201,0.247,0.215,0.312,0.14400000000000002,0.24,0.11800000000000001,0.161,0.064,0.068,0.13,0.207,0.105,0.132,0.091,0.09300000000000001,0.24100000000000002,0.285,0.28600000000000003,0.17,0.215,0.204,0.157,0.151,0.0
0.20199999999999999,0.258,0.188,0.26,0.203,0.146,0.19899999999999998,0.193,0.23199999999999998,0.182,0.245,0.204,0.303,0.255,0.26,0.198,0.249,0.243,0.23,0.262,0.157,0.18100000000000002,0.187,0.256,0.168,0.193,0.237,0.192,0.0
0.429,0.504,0.532,0.48200000000000004,0.381,0.41600000000000004,0.498,0.419,0.474,0.501,0.514,0.508,0.373,0.47,0.44,0.496,0.461,0.509,0.5329999999999999,0.44799999999999995,0.395,0.45299999999999996,0.46,0.34,0.41100000000000003,0.527,0.47100000000000003,0.218,0.0
0.053,0.085,0.059000000000000004,0.042,0.11199999999999999,0.08,0.033,0.043,0.066,0.039,0.038,0.042,0.131,0.081,0.10400000000000001,0.034,0.08199999999999999,0.040999999999999995,0.059000000000000004,0.094,0.076,0.035,0.033,0.163,0.102,0.025,0.06,0.312,0.0
0.027999999999999997,0.024,0.027999999999999997,0.023,0.028999999999999998,0.026000000000000002,0.013000000000000001,0.022000000000000002,0.019,0.017,0.028999999999999998,0.027000000000000003,0.079,0.034,0.018000000000000002,0.019,0.057,0.025,0.012,0.025,0.03,0.02,0.011000000000000001,0.012,0.044000000000000004,0.02,0.024,0.04,0.0
0.004,0.11199999999999999,0.044000000000000004,0.043,0.07400000000000001,0.085,0.040999999999999995,0.011000000000000001,0.065,0.021,0.055,0.057999999999999996,0.05,0.091,0.047,0.046,0.045,0.05,0.075,0.077,0.10099999999999999,0.026000000000000002,0.024,0.059000000000000004,0.06,0.03,0.052000000000000005,0.08900000000000001,0.0
0.586,0.6,0.6559999999999999,0.5820000000000001,0.5329999999999999,0.29600000000000004,0.6970000000000001,0.653,0.594,0.696,0.419,0.611,0.703,0.609,0.47200000000000003,0.303,0.517,0.535,0.679,0.634,0.195,0.731,0.762,0.695,0.077,0.11699999999999999,0.6940000000000001,0.304,0.0
0.066,0.08800000000000001,0.08199999999999999,0.076,0.068,0.03,0.051,0.047,0.098,0.087,0.076,0.087,0.078,0.11900000000000001,0.073,0.069,0.085,0.075,0.08900000000000001,0.113,0.026000000000000002,0.038,0.073,0.066,0.027000000000000003,0.052000000000000005,0.085,0.04,0.0
0.152,0.16699999999999998,0.149,0.16399999999999998,0.162,0.106,0.149,0.09,0.114,0.114,0.309,0.261,0.147,0.16699999999999998,0.209,0.233,0.22399999999999998,0.248,0.187,0.10300000000000001,0.08800000000000001,0.076,0.08900000000000001,0.111,0.105,0.115,0.168,0.166,0.0
0.19699999999999998,0.145,0.113,0.17800000000000002,0.237,0.568,0.10300000000000001,0.209,0.19399999999999998,0.10300000000000001,0.195,0.040999999999999995,0.07200000000000001,0.105,0.24600000000000002,0.395,0.17300000000000001,0.142,0.045,0.15,0.691,0.155,0.076,0.129,0.792,0.716,0.054000000000000006,0.489,0.0
0.635,0.675,0.619,0.662,0.693,0.695,0.722,0.613,0.627,0.541,0.696,0.7340000000000001,0.71,0.556,0.648,0.6509999999999999,0.654,0.684,0.759,0.556,0.6509999999999999,0.688,0.5760000000000001,0.696,0.6809999999999999,0.523,0.655,0.659,0.0
0.1,0.067,0.092,0.083,0.078,0.127,0.065,0.136,0.075,0.128,0.076,0.084,0.05,0.091,0.09,0.111,0.077,0.076,0.045,0.083,0.16699999999999998,0.094,0.11800000000000001,0.084,0.10400000000000001,0.22699999999999998,0.08199999999999999,0.159,0.0
0.102,0.076,0.10400000000000001,0.081,0.084,0.07200000000000001,0.071,0.124,0.102,0.11800000000000001,0.048,0.063,0.094,0.092,0.09,0.073,0.096,0.069,0.052000000000000005,0.111,0.081,0.086,0.11699999999999999,0.10300000000000001,0.11699999999999999,0.114,0.08900000000000001,0.107,0.0
0.125,0.135,0.147,0.131,0.10300000000000001,0.099,0.105,0.107,0.159,0.155,0.113,0.083,0.09699999999999999,0.19,0.13699999999999998,0.11599999999999999,0.122,0.127,0.10300000000000001,0.19699999999999998,0.092,0.10800000000000001,0.14,0.09,0.087,0.079,0.132,0.063,0.0
0.037000000000000005,0.047,0.039,0.042,0.040999999999999995,0.006999999999999999,0.038,0.02,0.037000000000000005,0.059000000000000004,0.066,0.037000000000000005,0.05,0.07200000000000001,0.034,0.049,0.05,0.044000000000000004,0.04,0.053,0.009000000000000001,0.024,0.049,0.027000000000000003,0.011000000000000001,0.057,0.042,0.011000000000000001,0.0
0.7929999999999999,0.843,0.8190000000000001,0.794,0.846,0.816,0.8220000000000001,0.8079999999999999,0.787,0.6779999999999999,0.862,0.856,0.8809999999999999,0.805,0.8320000000000001,0.779,0.831,0.85,0.8640000000000001,0.78,0.8079999999999999,0.825,0.7,0.855,0.782,0.721,0.823,0.878,0.0
0.207,0.157,0.18100000000000002,0.20600000000000002,0.154,0.184,0.17800000000000002,0.192,0.213,0.322,0.138,0.14400000000000002,0.11900000000000001,0.195,0.168,0.221,0.16899999999999998,0.15,0.136,0.22,0.192,0.175,0.3,0.145,0.218,0.27899999999999997,0.177,0.122,0.0
0.6609999999999999,0.721,0.7190000000000001,0.6729999999999999,0.675,0.505,0.755,0.7140000000000001,0.723,0.705,0.637,0.758,0.5529999999999999,0.6829999999999999,0.66,0.43200000000000005,0.528,0.68,0.8340000000000001,0.755,0.423,0.763,0.767,0.8290000000000001,0.43799999999999994,0.369,0.735,0.669,0.0
0.33899999999999997,0.27899999999999997,0.281,0.327,0.325,0.495,0.245,0.28600000000000003,0.27699999999999997,0.295,0.363,0.242,0.447,0.317,0.34,0.568,0.47200000000000003,0.32,0.166,0.245,0.5770000000000001,0.237,0.233,0.171,0.562,0.631,0.265,0.331,0.0
0.669,0.626,0.633,0.636,0.687,0.818,0.6659999999999999,0.662,0.622,0.517,0.74,0.737,0.5489999999999999,0.545,0.711,0.784,0.603,0.696,0.69,0.5710000000000001,0.84,0.6409999999999999,0.5429999999999999,0.66,0.8059999999999999,0.769,0.618,0.7609999999999999,0.0
0.331,0.374,0.36700000000000005,0.364,0.313,0.182,0.33399999999999996,0.33799999999999997,0.37799999999999995,0.483,0.26,0.263,0.451,0.455,0.289,0.21600000000000003,0.397,0.304,0.31,0.429,0.16,0.359,0.457,0.34,0.19399999999999998,0.231,0.382,0.239,0.0
53.35,61.72,53.93,62.31,53.29,60.97,56.38,53.65,56.15,57.03,57.97,58.82,57.75,61.52,56.07,61.48,59.2,57.25,58.27,57.22,61.56,53.48,56.07,53.5,60.34,62.16,56.86,46.74,0.0
0.321,0.306,0.319,0.292,0.344,0.155,0.28800000000000003,0.258,0.266,0.301,0.46399999999999997,0.39399999999999996,0.406,0.359,0.33899999999999997,0.488,0.46399999999999997,0.358,0.32899999999999996,0.252,0.154,0.23199999999999998,0.22899999999999998,0.187,0.299,0.45899999999999996,0.313,0.214,0.0
0.306,0.3,0.308,0.302,0.299,0.21899999999999997,0.302,0.31,0.311,0.324,0.303,0.302,0.305,0.308,0.304,0.28800000000000003,0.318,0.348,0.325,0.292,0.19899999999999998,0.325,0.295,0.237,0.295,0.28800000000000003,0.309,0.19699999999999998,0.0
0.257,0.264,0.256,0.278,0.237,0.32,0.281,0.31,0.294,0.248,0.192,0.21,0.215,0.239,0.23600000000000002,0.177,0.168,0.226,0.253,0.307,0.324,0.304,0.31,0.33799999999999997,0.258,0.195,0.262,0.28300000000000003,0.0
0.11599999999999999,0.129,0.11699999999999999,0.128,0.12,0.307,0.129,0.121,0.128,0.128,0.040999999999999995,0.094,0.073,0.094,0.121,0.047,0.05,0.067,0.09300000000000001,0.15,0.32299999999999995,0.138,0.166,0.23800000000000002,0.14800000000000002,0.057999999999999996,0.11599999999999999,0.306,0.0
0.044000000000000004,0.043,0.045,0.042,0.043,0.107,0.040999999999999995,0.054000000000000006,0.049,0.039,0.023,0.035,0.04,0.027000000000000003,0.051,0.023,0.034,0.036000000000000004,0.032,0.042,0.087,0.053,0.055999999999999994,0.07,-999.0,-999.0,-999.0,-999.0,0.0
0.956,0.9570000000000001,0.955,0.958,0.9570000000000001,0.893,0.9590000000000001,0.946,0.951,0.961,0.977,0.965,0.96,0.973,0.9490000000000001,0.977,0.966,0.9640000000000001,0.968,0.958,0.9129999999999999,0.9470000000000001,0.9440000000000001,0.93,-999.0,-999.0,-999.0,-999.0,0.0
0.852,0.914,0.883,0.8759999999999999,0.89,0.8140000000000001,0.805,0.843,0.894,0.873,0.813,0.934,0.9670000000000001,0.938,0.892,0.87,0.9329999999999999,0.865,0.894,0.922,0.81,0.815,0.8079999999999999,0.905,-999.0,-999.0,-999.0,-999.0,0.0
0.14800000000000002,0.086,0.11699999999999999,0.124,0.11,0.18600000000000003,0.195,0.157,0.106,0.127,0.187,0.066,0.033,0.062,0.10800000000000001,0.13,0.067,0.135,0.106,0.078,0.19,0.185,0.192,0.095,-999.0,-999.0,-999.0,-999.0,0.0
0.601,0.713,0.633,0.652,0.688,0.713,0.59,0.5489999999999999,0.6509999999999999,0.522,0.765,0.72,0.75,0.636,0.718,0.773,0.722,0.6729999999999999,0.6890000000000001,0.6709999999999999,0.644,0.535,0.48700000000000004,0.682,-999.0,-999.0,-999.0,-999.0,0.0
0.39899999999999997,0.287,0.36700000000000005,0.348,0.312,0.287,0.41,0.451,0.349,0.478,0.235,0.28,0.25,0.364,0.282,0.22699999999999998,0.278,0.327,0.311,0.32899999999999996,0.35600000000000004,0.465,0.513,0.318,-999.0,-999.0,-999.0,-999.0,0.0
0.8909999999999999,0.963,0.9309999999999999,0.92,0.925,0.937,0.893,0.855,0.97,0.87,0.965,0.8690000000000001,0.97,0.927,0.955,0.965,0.9490000000000001,0.927,0.9620000000000001,0.943,0.9009999999999999,0.867,0.8490000000000001,0.946,-999.0,-999.0,-999.0,-999.0,0.0
0.109,0.037000000000000005,0.069,0.08,0.075,0.063,0.107,0.145,0.03,0.13,0.035,0.131,0.03,0.073,0.045,0.035,0.051,0.073,0.038,0.057,0.099,0.133,0.151,0.054000000000000006,-999.0,-999.0,-999.0,-999.0,0.0
0.833,0.8640000000000001,0.843,0.845,0.8590000000000001,0.878,0.845,0.909,0.843,0.7709999999999999,0.938,0.8420000000000001,0.9690000000000001,0.6679999999999999,0.888,0.9129999999999999,0.8809999999999999,0.856,0.902,0.777,0.873,0.862,0.754,0.863,-999.0,-999.0,-999.0,-999.0,0.0
0.16699999999999998,0.136,0.157,0.155,0.141,0.122,0.155,0.091,0.157,0.22899999999999998,0.062,0.158,0.031,0.332,0.11199999999999999,0.087,0.11900000000000001,0.14400000000000002,0.098,0.223,0.127,0.138,0.24600000000000002,0.13699999999999998,-999.0,-999.0,-999.0,-999.0,0.0
0.84,0.9159999999999999,0.88,0.8640000000000001,0.889,0.9129999999999999,0.8079999999999999,0.883,0.8740000000000001,0.846,0.665,0.951,0.981,0.9540000000000001,0.862,0.6809999999999999,0.88,0.8170000000000001,0.888,0.932,0.903,0.895,0.8590000000000001,0.95,-999.0,-999.0,-999.0,-999.0,0.0
0.16,0.084,0.12,0.136,0.111,0.087,0.192,0.11699999999999999,0.126,0.154,0.335,0.049,0.019,0.046,0.138,0.319,0.12,0.183,0.11199999999999999,0.068,0.09699999999999999,0.105,0.141,0.05,-999.0,-999.0,-999.0,-999.0,0.0
0.9590000000000001,0.982,0.977,0.966,0.965,0.996,0.955,0.978,0.9690000000000001,0.971,0.892,0.991,0.995,0.992,0.96,0.9109999999999999,0.9620000000000001,0.9620000000000001,0.966,0.9840000000000001,1.0,0.976,0.983,0.985,-999.0,-999.0,-999.0,-999.0,0.0
0.040999999999999995,0.018000000000000002,0.023,0.034,0.035,0.004,0.045,0.022000000000000002,0.031,0.028999999999999998,0.10800000000000001,0.009000000000000001,0.005,0.008,0.04,0.08900000000000001,0.038,0.038,0.034,0.016,0.0,0.024,0.017,0.015,-999.0,-999.0,-999.0,-999.0,0.0
0.816,0.85,0.8370000000000001,0.8220000000000001,0.8440000000000001,0.8909999999999999,0.809,0.884,0.8420000000000001,0.804,0.7170000000000001,0.8290000000000001,0.883,0.8220000000000001,0.8370000000000001,0.7340000000000001,0.821,0.7859999999999999,0.8240000000000001,0.865,0.851,0.862,0.833,0.902,-999.0,-999.0,-999.0,-999.0,0.0
0.184,0.15,0.163,0.17800000000000002,0.156,0.109,0.191,0.11599999999999999,0.158,0.196,0.28300000000000003,0.171,0.11699999999999999,0.17800000000000002,0.163,0.266,0.179,0.214,0.17600000000000002,0.135,0.149,0.138,0.16699999999999998,0.098,-999.0,-999.0,-999.0,-999.0,0.0
0.866,0.8490000000000001,0.8390000000000001,0.862,0.878,0.94,0.902,0.9059999999999999,0.845,0.7959999999999999,0.85,0.815,0.825,0.7709999999999999,0.8859999999999999,0.86,0.83,0.8540000000000001,0.865,0.8170000000000001,0.937,0.9109999999999999,0.84,0.885,0.8959999999999999,0.89,0.851,0.888,0.0
0.134,0.151,0.161,0.138,0.122,0.06,0.098,0.094,0.155,0.204,0.15,0.185,0.175,0.22899999999999998,0.114,0.14,0.17,0.146,0.135,0.183,0.063,0.08900000000000001,0.16,0.115,0.10400000000000001,0.11,0.149,0.11199999999999999,0.0
0.892,0.893,0.877,0.894,0.909,0.9570000000000001,0.932,0.9159999999999999,0.8859999999999999,0.823,0.8809999999999999,0.851,0.868,0.831,0.9159999999999999,0.895,0.8759999999999999,0.892,0.904,0.8590000000000001,0.9520000000000001,0.927,0.867,0.9129999999999999,0.922,0.9159999999999999,0.887,0.9109999999999999,0.0
0.10800000000000001,0.107,0.12300000000000001,0.106,0.091,0.043,0.068,0.084,0.114,0.177,0.11900000000000001,0.149,0.132,0.16899999999999998,0.084,0.105,0.124,0.10800000000000001,0.096,0.141,0.048,0.073,0.133,0.087,0.078,0.084,0.113,0.08900000000000001,0.0
0.9890000000000001,0.9740000000000001,0.97,0.985,0.992,0.99,0.99,0.997,0.972,0.9840000000000001,0.991,0.987,0.987,0.963,0.983,0.99,0.978,0.9790000000000001,0.9840000000000001,0.9670000000000001,0.9940000000000001,0.996,0.988,0.991,0.973,0.99,0.983,0.99,0.0
0.011000000000000001,0.026000000000000002,0.03,0.015,0.008,0.01,0.01,0.003,0.027999999999999997,0.016,0.009000000000000001,0.013000000000000001,0.013000000000000001,0.037000000000000005,0.017,0.01,0.022000000000000002,0.021,0.016,0.033,0.006,0.004,0.012,0.009000000000000001,0.027000000000000003,0.01,0.017,0.01,0.0
0.951,0.9490000000000001,0.941,0.95,0.961,0.983,0.968,0.971,0.9520000000000001,0.92,0.9490000000000001,0.9059999999999999,0.9570000000000001,0.904,0.96,0.953,0.937,0.948,0.9540000000000001,0.94,0.981,0.9690000000000001,0.94,0.9570000000000001,0.955,0.9670000000000001,0.948,0.9570000000000001,0.0
0.049,0.051,0.059000000000000004,0.05,0.039,0.017,0.032,0.028999999999999998,0.048,0.08,0.051,0.094,0.043,0.096,0.04,0.047,0.063,0.052000000000000005,0.046,0.06,0.019,0.031,0.06,0.043,0.045,0.033,0.052000000000000005,0.043,0.0
0.98,0.983,0.98,0.98,0.9840000000000001,0.997,0.997,0.9940000000000001,0.988,0.975,0.9940000000000001,0.956,0.98,0.929,0.988,0.986,0.9670000000000001,0.9790000000000001,0.991,0.97,0.9940000000000001,0.993,0.985,0.992,0.9790000000000001,0.99,0.981,0.988,0.0
0.02,0.017,0.02,0.02,0.016,0.003,0.003,0.006,0.012,0.025,0.006,0.044000000000000004,0.02,0.071,0.012,0.013999999999999999,0.033,0.021,0.009000000000000001,0.03,0.006,0.006999999999999999,0.015,0.008,0.021,0.01,0.019,0.012,0.0
0.961,0.956,0.958,0.9570000000000001,0.963,0.985,0.9640000000000001,0.973,0.9590000000000001,0.9440000000000001,0.9570000000000001,0.951,0.9570000000000001,0.9309999999999999,0.9640000000000001,0.961,0.9540000000000001,0.956,0.948,0.9590000000000001,0.985,0.971,0.9470000000000001,0.9620000000000001,0.971,0.97,0.956,0.975,0.0
0.039,0.044000000000000004,0.042,0.043,0.037000000000000005,0.015,0.036000000000000004,0.027000000000000003,0.040999999999999995,0.055999999999999994,0.043,0.049,0.043,0.069,0.036000000000000004,0.039,0.046,0.044000000000000004,0.052000000000000005,0.040999999999999995,0.015,0.028999999999999998,0.053,0.038,0.028999999999999998,0.03,0.044000000000000004,0.025,0.0
0.9940000000000001,0.985,0.983,0.991,0.995,0.997,0.995,0.9940000000000001,0.982,0.987,0.996,0.995,0.993,0.983,0.99,0.992,0.9890000000000001,0.9890000000000001,0.987,0.982,0.9990000000000001,0.996,0.992,0.992,0.982,0.9890000000000001,0.991,0.992,0.0
0.006,0.015,0.017,0.009000000000000001,0.005,0.003,0.005,0.006,0.018000000000000002,0.013000000000000001,0.004,0.005,0.006999999999999999,0.017,0.01,0.008,0.011000000000000001,0.011000000000000001,0.013000000000000001,0.018000000000000002,0.001,0.004,0.008,0.008,0.018000000000000002,0.011000000000000001,0.009000000000000001,0.008,0.0
0.9440000000000001,0.9309999999999999,0.9229999999999999,0.95,0.9390000000000001,0.966,0.9390000000000001,0.9490000000000001,0.9259999999999999,0.9390000000000001,0.9440000000000001,0.94,0.937,0.9359999999999999,0.9390000000000001,0.9520000000000001,0.9420000000000001,0.941,0.935,0.9259999999999999,0.966,0.941,0.938,0.929,0.946,0.9420000000000001,0.937,0.932,0.0
0.055999999999999994,0.069,0.077,0.05,0.061,0.034,0.061,0.051,0.07400000000000001,0.061,0.055999999999999994,0.06,0.063,0.064,0.061,0.048,0.057999999999999996,0.059000000000000004,0.065,0.07400000000000001,0.034,0.059000000000000004,0.062,0.071,0.054000000000000006,0.057999999999999996,0.063,0.068,0.0
