F01,F02,F03,F04,F05,F06,F07,F08,F09,F10,F11,F12,F13,F14,F15,F16,F17,F18,F19,F20,F21,F22,F23,F24,F25,F26,clazz
0.261,0.322,0.395,0.47700000000000004,0.349,0.43799999999999994,0.359,0.38799999999999996,0.195,0.258,0.08900000000000001,0.204,0.21100000000000002,0.22399999999999998,0.040999999999999995,0.18100000000000002,0.36700000000000005,0.314,0.467,0.44299999999999995,0.43,0.5660000000000001,0.33,0.313,0.319,0.392,0.0
0.48,0.4,0.344,0.46399999999999997,0.451,0.461,0.473,0.485,0.28800000000000003,0.40299999999999997,0.141,0.25,0.341,0.282,0.127,0.429,0.397,0.518,0.47700000000000004,0.516,0.517,0.4,0.44299999999999995,0.355,0.408,0.441,0.0
0.259,0.278,0.261,0.059000000000000004,0.2,0.10099999999999999,0.168,0.127,0.517,0.33899999999999997,0.77,0.546,0.44799999999999995,0.495,0.8320000000000001,0.391,0.23600000000000002,0.16699999999999998,0.055999999999999994,0.040999999999999995,0.053,0.034,0.22699999999999998,0.332,0.273,0.16699999999999998,0.0
0.6970000000000001,0.8759999999999999,0.877,0.664,0.863,0.75,0.778,0.875,0.899,0.867,0.818,0.784,0.755,0.915,0.8220000000000001,0.877,0.8220000000000001,0.753,0.6459999999999999,0.8140000000000001,0.845,0.6629999999999999,-999.0,-999.0,-999.0,-999.0,0.0
0.179,0.07200000000000001,0.064,0.161,0.086,0.11800000000000001,0.12,0.077,0.057999999999999996,0.10099999999999999,0.12,0.127,0.147,0.046,0.128,0.078,0.105,0.141,0.183,0.096,0.09300000000000001,0.17300000000000001,-999.0,-999.0,-999.0,-999.0,0.0
0.022000000000000002,0.012,0.006999999999999999,0.032,0.013000000000000001,0.015,0.008,0.011000000000000001,0.011000000000000001,0.001,0.015,0.025,0.022000000000000002,0.001,0.013999999999999999,0.01,0.011000000000000001,0.016,0.025,0.013000000000000001,0.006999999999999999,0.038,-999.0,-999.0,-999.0,-999.0,0.0
0.027999999999999997,0.0,0.001,0.0,0.008,0.018000000000000002,0.02,0.0,0.0,0.002,0.012,0.018000000000000002,0.009000000000000001,0.0,0.003,0.008,0.012,0.01,0.0,0.027999999999999997,0.0,0.005,-999.0,-999.0,-999.0,-999.0,0.0
0.061,0.03,0.040999999999999995,0.096,0.023,0.08199999999999999,0.066,0.032,0.021,0.01,0.023,0.033,0.053,0.017,0.027000000000000003,0.016,0.032,0.068,0.13699999999999998,0.039,0.05,0.10400000000000001,-999.0,-999.0,-999.0,-999.0,0.0
0.013000000000000001,0.01,0.011000000000000001,0.047,0.006,0.017,0.008,0.004,0.011000000000000001,0.018000000000000002,0.011000000000000001,0.013999999999999999,0.013999999999999999,0.021,0.006999999999999999,0.011000000000000001,0.018000000000000002,0.011000000000000001,0.008,0.01,0.004,0.018000000000000002,-999.0,-999.0,-999.0,-999.0,0.0
0.556,0.198,0.12,0.15,0.24,0.29100000000000004,0.342,0.239,0.276,0.163,0.237,0.23600000000000002,0.345,0.257,0.29100000000000004,0.251,0.249,0.32899999999999996,0.11199999999999999,0.245,0.281,0.365,0.175,0.191,0.28800000000000003,0.37,0.0
0.319,0.23399999999999999,0.12300000000000001,0.17800000000000002,0.204,0.244,0.228,0.24,0.247,0.185,0.217,0.262,0.24,0.20199999999999999,0.235,0.23399999999999999,0.191,0.249,0.129,0.225,0.225,0.245,0.19899999999999998,0.165,0.23,0.28,0.0
0.124,0.5670000000000001,0.757,0.672,0.556,0.465,0.43,0.521,0.47700000000000004,0.652,0.546,0.502,0.415,0.54,0.474,0.515,0.56,0.42100000000000004,0.759,0.53,0.493,0.39,0.626,0.644,0.48200000000000004,0.35,0.0
0.9390000000000001,0.843,0.8320000000000001,0.9440000000000001,0.847,0.893,0.873,0.919,0.812,0.828,0.898,0.841,0.8640000000000001,0.395,0.863,0.8540000000000001,0.899,0.9209999999999999,0.948,0.9359999999999999,0.948,0.976,0.971,0.217,0.8740000000000001,0.9620000000000001,0.0
0.024,0.063,0.07,0.031,0.052000000000000005,0.042,0.063,0.033,0.084,0.067,0.034,0.071,0.057999999999999996,0.21600000000000003,0.06,0.057999999999999996,0.035,0.042,0.025,0.032,0.022000000000000002,0.008,0.011000000000000001,0.48200000000000004,0.046,0.023,0.0
0.037000000000000005,0.094,0.098,0.025,0.10099999999999999,0.065,0.064,0.048,0.105,0.105,0.067,0.08800000000000001,0.078,0.389,0.077,0.08800000000000001,0.066,0.037000000000000005,0.026000000000000002,0.032,0.03,0.016,0.019,0.301,0.08,0.015,0.0
0.608,0.613,0.5379999999999999,0.462,0.7390000000000001,0.825,0.521,0.784,0.36700000000000005,0.562,0.195,0.204,0.485,0.41100000000000003,0.361,0.531,0.47200000000000003,0.44799999999999995,0.406,0.825,0.835,0.624,0.298,0.457,0.648,0.4,0.0
0.08199999999999999,0.057,0.064,0.027999999999999997,0.031,0.004,0.064,0.022000000000000002,0.08900000000000001,0.081,0.326,0.253,0.069,0.059000000000000004,0.16699999999999998,0.08199999999999999,0.11599999999999999,0.11199999999999999,0.031,0.006999999999999999,0.02,0.047,0.021,0.057,0.075,0.053,0.0
0.21600000000000003,0.183,0.179,0.201,0.135,0.025,0.24100000000000002,0.11599999999999999,0.375,0.263,0.349,0.406,0.22899999999999998,0.16899999999999998,0.308,0.249,0.341,0.292,0.209,0.054000000000000006,0.08800000000000001,0.22899999999999998,0.106,0.16699999999999998,0.207,0.184,0.0
0.094,0.14800000000000002,0.21899999999999997,0.309,0.096,0.146,0.175,0.078,0.16899999999999998,0.094,0.13,0.13699999999999998,0.217,0.361,0.16399999999999998,0.138,0.071,0.149,0.354,0.113,0.057,0.1,0.575,0.319,0.07,0.363,0.0
0.871,0.8909999999999999,0.873,0.971,0.9390000000000001,0.982,0.851,0.937,0.851,0.866,0.6829999999999999,0.51,0.861,0.831,0.775,0.871,0.818,0.795,0.986,0.971,0.934,0.889,-999.0,-999.0,-999.0,-999.0,0.0
0.129,0.109,0.127,0.028999999999999998,0.061,0.018000000000000002,0.149,0.063,0.149,0.134,0.317,0.49,0.139,0.16899999999999998,0.225,0.129,0.182,0.205,0.013999999999999999,0.028999999999999998,0.066,0.111,-999.0,-999.0,-999.0,-999.0,0.0
0.5920000000000001,0.5539999999999999,0.602,0.76,0.48,0.68,0.6659999999999999,0.613,0.446,0.537,0.534,0.522,0.529,0.46299999999999997,0.455,0.462,0.511,0.6990000000000001,0.765,0.601,0.652,0.768,0.68,0.624,0.5539999999999999,0.7829999999999999,0.0
0.408,0.446,0.39799999999999996,0.24,0.52,0.32,0.33399999999999996,0.387,0.5539999999999999,0.46299999999999997,0.466,0.478,0.47100000000000003,0.537,0.545,0.5379999999999999,0.489,0.301,0.235,0.39899999999999997,0.348,0.23199999999999998,0.32,0.376,0.446,0.217,0.0
0.701,0.644,0.684,0.878,0.583,0.7859999999999999,0.726,0.637,0.525,0.631,0.6729999999999999,0.58,0.67,0.5579999999999999,0.618,0.5770000000000001,0.568,0.732,0.8759999999999999,0.727,0.679,0.804,0.833,0.722,0.64,0.82,0.0
0.299,0.35600000000000004,0.316,0.122,0.41700000000000004,0.214,0.27399999999999997,0.363,0.475,0.369,0.327,0.42,0.33,0.442,0.382,0.423,0.43200000000000005,0.268,0.124,0.273,0.321,0.196,0.16699999999999998,0.278,0.36,0.18,0.0
0.805,0.845,0.857,0.843,0.7929999999999999,0.7829999999999999,0.848,0.8370000000000001,0.877,0.925,0.89,0.904,0.843,0.878,0.8809999999999999,0.8740000000000001,0.838,0.8320000000000001,0.893,0.8029999999999999,0.7909999999999999,0.765,0.879,0.938,0.825,0.748,0.0
0.195,0.155,0.14300000000000002,0.157,0.207,0.217,0.152,0.163,0.12300000000000001,0.075,0.11,0.096,0.157,0.122,0.11900000000000001,0.126,0.162,0.168,0.107,0.19699999999999998,0.209,0.235,0.121,0.062,0.175,0.252,0.0
0.11599999999999999,0.10400000000000001,0.136,0.094,0.125,0.19699999999999998,0.09699999999999999,0.149,0.067,0.037000000000000005,0.09699999999999999,0.091,0.105,0.10099999999999999,0.09,0.091,0.077,0.09,0.071,0.155,0.161,0.15,0.20199999999999999,0.124,0.099,0.245,0.0
0.659,0.715,0.721,0.747,0.7140000000000001,0.6609999999999999,0.705,0.665,0.706,0.852,0.6459999999999999,0.648,0.664,0.6629999999999999,0.653,0.72,0.755,0.706,0.768,0.703,0.669,0.715,0.5720000000000001,0.617,0.7290000000000001,0.537,0.0
0.225,0.18100000000000002,0.14300000000000002,0.158,0.161,0.142,0.198,0.187,0.22699999999999998,0.111,0.256,0.261,0.23199999999999998,0.23600000000000002,0.256,0.18899999999999997,0.168,0.204,0.161,0.141,0.171,0.135,0.226,0.259,0.172,0.218,0.0
0.135,0.168,0.218,0.341,0.154,0.228,0.179,0.195,0.13,0.085,0.111,0.11800000000000001,0.13699999999999998,0.192,0.111,0.11800000000000001,0.113,0.155,0.368,0.19899999999999998,0.207,0.17600000000000002,0.431,0.312,0.11900000000000001,0.281,0.0
0.529,0.583,0.593,0.542,0.583,0.61,0.562,0.574,0.5,0.631,0.5429999999999999,0.529,0.535,0.47,0.516,0.579,0.6459999999999999,0.575,0.501,0.601,0.5770000000000001,0.631,0.429,0.514,0.594,0.541,0.0
0.336,0.248,0.18899999999999997,0.11699999999999999,0.263,0.161,0.259,0.231,0.371,0.284,0.34600000000000003,0.353,0.32799999999999996,0.33799999999999997,0.37200000000000005,0.304,0.242,0.27,0.13,0.2,0.21600000000000003,0.193,0.139,0.174,0.287,0.17800000000000002,0.0
0.605,0.695,0.778,0.805,0.721,0.6940000000000001,0.684,0.7190000000000001,0.624,0.775,0.652,0.55,0.61,0.684,0.589,0.6809999999999999,0.733,0.659,0.835,0.7120000000000001,0.698,0.72,0.722,0.696,0.6829999999999999,0.675,0.0
0.395,0.305,0.222,0.195,0.27899999999999997,0.306,0.316,0.281,0.376,0.225,0.348,0.45,0.39,0.316,0.41100000000000003,0.319,0.267,0.341,0.165,0.28800000000000003,0.302,0.28,0.278,0.304,0.317,0.325,0.0
0.917,0.932,0.941,0.929,0.9470000000000001,0.9309999999999999,0.934,0.9420000000000001,0.9520000000000001,0.9540000000000001,0.847,0.9079999999999999,0.907,0.9420000000000001,0.885,0.943,0.9279999999999999,0.9309999999999999,0.9209999999999999,0.932,0.9359999999999999,0.948,0.9159999999999999,0.95,0.93,0.9279999999999999,0.0
0.083,0.068,0.059000000000000004,0.071,0.053,0.069,0.066,0.057999999999999996,0.048,0.046,0.153,0.092,0.09300000000000001,0.057999999999999996,0.115,0.057,0.07200000000000001,0.069,0.079,0.068,0.064,0.052000000000000005,0.084,0.05,0.07,0.07200000000000001,0.0
0.09300000000000001,0.031,0.086,0.084,0.027999999999999997,0.038,0.094,0.022000000000000002,0.037000000000000005,0.040999999999999995,0.183,0.085,0.109,0.026000000000000002,0.1,0.052000000000000005,0.036000000000000004,0.138,0.079,0.03,0.023,0.162,0.096,0.023,0.053,0.461,0.0
0.073,0.040999999999999995,0.068,0.055999999999999994,0.034,0.038,0.059000000000000004,0.05,0.055,0.040999999999999995,0.22,0.1,0.066,0.039,0.10400000000000001,0.054000000000000006,0.073,0.078,0.054000000000000006,0.038,0.040999999999999995,0.066,0.077,0.028999999999999998,0.057,0.10099999999999999,0.0
0.574,0.5920000000000001,0.527,0.312,0.708,0.564,0.514,0.523,0.598,0.7440000000000001,0.414,0.588,0.502,0.395,0.503,0.645,0.754,0.47100000000000003,0.287,0.6709999999999999,0.59,0.5660000000000001,0.253,0.28,0.642,0.225,0.0
0.098,0.10300000000000001,0.08800000000000001,0.081,0.095,0.135,0.095,0.10800000000000001,0.11699999999999999,0.077,0.057,0.081,0.092,0.13,0.102,0.107,0.065,0.08,0.052000000000000005,0.10300000000000001,0.098,0.079,0.083,0.08800000000000001,0.10099999999999999,0.03,0.0
0.162,0.23399999999999999,0.231,0.467,0.135,0.226,0.23800000000000002,0.297,0.193,0.098,0.126,0.146,0.231,0.41,0.192,0.142,0.07200000000000001,0.23199999999999998,0.528,0.157,0.247,0.127,0.491,0.58,0.147,0.183,0.0
38.8,42.27,40.2,46.66,40.64,41.79,40.45,42.99,40.51,38.7,33.83,38.73,39.47,45.84,38.94,39.46,38.3,38.75,48.58,40.82,42.31,35.86,45.62,48.99,39.68,28.58,0.0
0.7020000000000001,0.672,0.693,0.833,0.6859999999999999,0.622,0.754,0.703,0.6759999999999999,0.708,0.6779999999999999,0.6559999999999999,0.634,0.635,0.613,0.64,0.67,0.754,0.8640000000000001,0.6990000000000001,0.741,0.732,0.703,0.784,0.6809999999999999,0.7509999999999999,0.0
0.298,0.32799999999999996,0.307,0.16699999999999998,0.314,0.37799999999999995,0.24600000000000002,0.297,0.324,0.292,0.322,0.344,0.366,0.365,0.387,0.36,0.33,0.24600000000000002,0.136,0.301,0.259,0.268,0.297,0.21600000000000003,0.319,0.249,0.0
0.784,0.752,0.79,0.7859999999999999,0.755,0.924,0.831,0.552,0.89,0.71,0.8490000000000001,0.611,0.736,0.79,0.76,0.802,0.855,0.6509999999999999,0.755,0.8690000000000001,0.569,0.871,0.74,0.7390000000000001,0.777,0.8420000000000001,0.0
0.034,0.051,0.045,0.06,0.034,0.025,0.02,0.057,0.040999999999999995,0.07200000000000001,0.054000000000000006,0.08900000000000001,0.062,0.057999999999999996,0.073,0.046,0.025,0.040999999999999995,0.063,0.026000000000000002,0.046,0.019,0.065,0.064,0.039,0.039,0.0
0.182,0.19699999999999998,0.16399999999999998,0.155,0.21100000000000002,0.05,0.14800000000000002,0.392,0.069,0.218,0.096,0.3,0.20199999999999999,0.151,0.16699999999999998,0.152,0.11900000000000001,0.309,0.18100000000000002,0.105,0.384,0.11,0.195,0.19699999999999998,0.183,0.11900000000000001,0.0
0.507,0.504,0.532,0.45899999999999996,0.5529999999999999,0.693,0.49200000000000005,0.379,0.48,0.56,0.507,0.419,0.425,0.397,0.436,0.514,0.7,0.325,0.41200000000000003,0.653,0.41700000000000004,0.6829999999999999,0.35,0.303,0.5489999999999999,0.5920000000000001,0.0
0.085,0.075,0.07400000000000001,0.062,0.068,0.085,0.071,0.068,0.10300000000000001,0.08199999999999999,0.129,0.09300000000000001,0.081,0.084,0.115,0.1,0.057,0.061,0.055999999999999994,0.068,0.061,0.066,0.071,0.06,0.08,0.075,0.0
0.40700000000000003,0.42200000000000004,0.39399999999999996,0.478,0.379,0.222,0.43700000000000006,0.5529999999999999,0.41700000000000004,0.358,0.364,0.488,0.494,0.518,0.449,0.387,0.243,0.614,0.532,0.27899999999999997,0.522,0.252,0.579,0.637,0.371,0.332,0.0
0.711,0.7,0.6859999999999999,0.46799999999999997,0.792,0.878,0.6609999999999999,0.5760000000000001,0.794,0.6709999999999999,0.743,0.52,0.6409999999999999,0.6609999999999999,0.6709999999999999,0.747,0.818,0.455,0.405,0.848,0.642,0.779,0.519,0.593,0.737,0.6509999999999999,0.0
0.183,0.19699999999999998,0.184,0.14800000000000002,0.14800000000000002,0.08800000000000001,0.177,0.29600000000000004,0.177,0.249,0.15,0.361,0.244,0.21600000000000003,0.235,0.187,0.125,0.324,0.153,0.102,0.252,0.12300000000000001,0.214,0.233,0.183,0.158,0.0
0.105,0.10300000000000001,0.13,0.385,0.06,0.034,0.162,0.127,0.028999999999999998,0.08,0.10800000000000001,0.11900000000000001,0.115,0.12300000000000001,0.094,0.066,0.057,0.221,0.442,0.051,0.106,0.098,0.267,0.174,0.08,0.19,0.0
0.428,0.44799999999999995,0.465,0.218,0.5579999999999999,0.513,0.302,0.32899999999999996,0.544,0.591,0.606,0.35200000000000004,0.42700000000000005,0.429,0.528,0.534,0.609,0.17300000000000001,0.17,0.517,0.38,0.45,0.18600000000000003,0.20800000000000002,0.505,0.359,0.0
0.29100000000000004,0.29100000000000004,0.265,0.19,0.29,0.278,0.254,0.366,0.254,0.278,0.193,0.433,0.305,0.244,0.287,0.282,0.223,0.33899999999999997,0.163,0.27399999999999997,0.381,0.249,0.244,0.233,0.29600000000000004,0.214,0.0
0.281,0.26,0.27,0.5920000000000001,0.152,0.209,0.444,0.305,0.20199999999999999,0.131,0.201,0.21600000000000003,0.26899999999999996,0.327,0.185,0.184,0.16699999999999998,0.488,0.6659999999999999,0.209,0.239,0.301,0.57,0.5589999999999999,0.19899999999999998,0.42700000000000005,0.0
0.621,0.53,0.589,0.434,0.655,0.604,0.599,0.498,0.502,0.608,0.643,0.536,0.498,0.353,0.478,0.5670000000000001,0.732,0.5720000000000001,0.36200000000000004,0.6729999999999999,0.57,0.759,0.36700000000000005,0.287,0.623,0.708,0.0
0.106,0.11599999999999999,0.102,0.08800000000000001,0.10400000000000001,0.105,0.10400000000000001,0.107,0.115,0.128,0.126,0.098,0.126,0.129,0.151,0.135,0.1,0.10400000000000001,0.087,0.092,0.08,0.084,0.092,0.13,0.113,0.040999999999999995,0.0
0.273,0.355,0.308,0.478,0.24100000000000002,0.29100000000000004,0.297,0.39399999999999996,0.38299999999999995,0.263,0.23,0.366,0.376,0.518,0.371,0.298,0.168,0.324,0.551,0.235,0.35,0.156,0.541,0.5820000000000001,0.264,0.25,0.0
0.442,0.446,0.46,0.6459999999999999,0.332,0.405,0.428,0.53,0.5429999999999999,0.321,0.601,0.502,0.529,0.601,0.591,0.46799999999999997,0.275,0.436,0.6920000000000001,0.33799999999999997,0.435,0.337,0.741,0.682,0.379,0.693,0.0
0.5579999999999999,0.5539999999999999,0.54,0.354,0.6679999999999999,0.595,0.5720000000000001,0.47,0.457,0.679,0.39899999999999997,0.498,0.47100000000000003,0.39899999999999997,0.409,0.532,0.725,0.564,0.308,0.662,0.565,0.6629999999999999,0.259,0.318,0.621,0.307,0.0
0.242,0.258,0.256,0.38799999999999996,0.201,0.228,0.20600000000000002,0.35200000000000004,0.22399999999999998,0.209,0.18600000000000003,0.341,0.309,0.252,0.261,0.242,0.154,0.313,0.409,0.2,0.325,0.20199999999999999,0.46,0.33,0.204,0.5539999999999999,0.0
0.758,0.742,0.7440000000000001,0.612,0.799,0.772,0.794,0.648,0.7759999999999999,0.7909999999999999,0.8140000000000001,0.659,0.691,0.748,0.7390000000000001,0.758,0.846,0.687,0.591,0.8,0.675,0.7979999999999999,0.54,0.67,0.7959999999999999,0.446,0.0
0.36,0.376,0.379,0.593,0.285,0.35700000000000004,0.341,0.46299999999999997,0.405,0.27399999999999997,0.325,0.423,0.44299999999999995,0.501,0.429,0.373,0.19899999999999998,0.37,0.638,0.293,0.401,0.282,0.674,0.596,0.301,0.632,0.0
0.64,0.624,0.621,0.40700000000000003,0.715,0.643,0.659,0.537,0.595,0.726,0.675,0.5770000000000001,0.557,0.499,0.5710000000000001,0.627,0.8009999999999999,0.63,0.36200000000000004,0.7070000000000001,0.599,0.718,0.326,0.40399999999999997,0.6990000000000001,0.368,0.0
0.4,0.434,0.45799999999999996,0.6890000000000001,0.309,0.395,0.373,0.521,0.565,0.345,0.42100000000000004,0.434,0.5529999999999999,0.615,0.5529999999999999,0.47100000000000003,0.284,0.37200000000000005,0.748,0.293,0.413,0.335,0.782,0.695,0.34600000000000003,0.7340000000000001,0.0
0.6,0.5660000000000001,0.542,0.311,0.691,0.605,0.627,0.479,0.435,0.655,0.579,0.5660000000000001,0.447,0.385,0.447,0.529,0.716,0.628,0.252,0.7070000000000001,0.5870000000000001,0.665,0.218,0.305,0.654,0.266,0.0
0.769,0.772,0.757,0.737,0.804,0.757,0.802,0.7,0.872,0.705,0.8590000000000001,0.65,0.732,0.746,0.77,0.763,0.8809999999999999,0.738,0.731,0.7859999999999999,0.722,0.792,0.6829999999999999,0.758,0.785,0.64,0.0
0.231,0.228,0.243,0.263,0.196,0.243,0.198,0.3,0.128,0.295,0.141,0.35,0.268,0.254,0.23,0.237,0.11900000000000001,0.262,0.26899999999999996,0.214,0.278,0.20800000000000002,0.317,0.242,0.215,0.36,0.0
0.804,0.8340000000000001,0.857,0.953,0.735,0.966,0.825,0.7040000000000001,0.956,0.764,0.955,0.6779999999999999,0.8859999999999999,0.937,0.927,0.861,0.826,0.65,0.9640000000000001,0.861,0.649,0.841,0.9540000000000001,0.976,0.799,0.938,0.0
0.196,0.166,0.14300000000000002,0.047,0.265,0.034,0.175,0.29600000000000004,0.044000000000000004,0.23600000000000002,0.045,0.322,0.114,0.063,0.073,0.139,0.174,0.35,0.036000000000000004,0.139,0.35100000000000003,0.159,0.046,0.024,0.201,0.062,0.0
0.27399999999999997,0.337,0.32799999999999996,0.363,0.278,0.33299999999999996,0.311,0.38299999999999995,0.34600000000000003,0.27699999999999997,0.248,0.318,0.32799999999999996,0.465,0.34600000000000003,0.29600000000000004,0.27699999999999997,0.294,0.376,0.29,0.319,0.196,0.409,0.508,0.292,0.19,0.0
0.56,0.562,0.5770000000000001,0.526,0.601,0.536,0.563,0.528,0.5870000000000001,0.647,0.5760000000000001,0.552,0.536,0.474,0.562,0.603,0.636,0.537,0.5539999999999999,0.586,0.563,0.56,0.474,0.428,0.59,0.503,0.0
0.165,0.10099999999999999,0.095,0.11,0.121,0.131,0.125,0.08900000000000001,0.066,0.076,0.17600000000000002,0.13,0.136,0.061,0.092,0.10099999999999999,0.087,0.168,0.07,0.124,0.11699999999999999,0.244,0.11699999999999999,0.064,0.11900000000000001,0.307,0.0
0.013999999999999999,0.002,0.009000000000000001,0.012,0.004,0.006999999999999999,0.01,0.0,0.004,0.006,0.011000000000000001,0.013000000000000001,0.016,0.002,0.006999999999999999,0.004,0.005,0.02,0.008,0.006,0.003,0.021,0.01,0.001,0.006,0.075,0.0
0.03,0.004,0.015,0.016,0.005,0.006999999999999999,0.027000000000000003,0.005,0.008,0.013999999999999999,0.008,0.018000000000000002,0.033,0.005,0.013999999999999999,0.009000000000000001,0.005,0.048,0.013000000000000001,0.004,0.01,0.051,0.021,0.002,0.013000000000000001,0.1,0.0
0.036000000000000004,0.013999999999999999,0.027000000000000003,0.012,0.013999999999999999,0.015,0.039,0.022000000000000002,0.009000000000000001,0.012,0.043,0.040999999999999995,0.037000000000000005,0.009000000000000001,0.033,0.023,0.027000000000000003,0.059000000000000004,0.009000000000000001,0.013000000000000001,0.015,0.042,0.021,0.008,0.023,0.12300000000000001,0.0
0.045,0.042,0.048,0.023,0.037000000000000005,0.027999999999999997,0.04,0.06,0.04,0.040999999999999995,0.107,0.08199999999999999,0.044000000000000004,0.032,0.055999999999999994,0.047,0.046,0.078,0.01,0.032,0.055,0.033,0.033,0.024,0.047,0.057999999999999996,0.0
0.674,0.698,0.6559999999999999,0.33299999999999996,0.8079999999999999,0.745,0.537,0.66,0.794,0.804,0.701,0.657,0.653,0.6629999999999999,0.732,0.76,0.8340000000000001,0.45,0.266,0.757,0.6990000000000001,0.619,0.344,0.40399999999999997,0.76,0.332,0.0
0.172,0.188,0.17,0.221,0.113,0.182,0.297,0.212,0.125,0.09300000000000001,0.11,0.155,0.185,0.22699999999999998,0.136,0.132,0.07200000000000001,0.289,0.233,0.17,0.187,0.192,0.35200000000000004,0.45,0.134,0.175,0.0
0.03,0.052000000000000005,0.07400000000000001,0.38299999999999995,0.019,0.017,0.049,0.042,0.021,0.028999999999999998,0.021,0.036000000000000004,0.033,0.063,0.022000000000000002,0.025,0.012,0.057,0.461,0.019,0.032,0.040999999999999995,0.21899999999999997,0.111,0.018000000000000002,0.13699999999999998,0.0
0.33799999999999997,0.369,0.451,0.465,0.315,0.278,0.331,0.377,0.353,0.46299999999999997,0.624,0.485,0.45399999999999996,0.381,0.48,0.38299999999999995,0.361,0.43,0.456,0.292,0.35600000000000004,0.392,0.465,0.297,0.368,0.581,0.0
0.662,0.631,0.5489999999999999,0.535,0.685,0.722,0.669,0.623,0.647,0.537,0.376,0.515,0.546,0.619,0.52,0.617,0.639,0.57,0.544,0.708,0.644,0.608,0.535,0.703,0.632,0.419,0.0
0.319,0.309,0.374,0.456,0.282,0.20600000000000002,0.353,0.28300000000000003,0.24100000000000002,0.428,0.525,0.474,0.33,0.21899999999999997,0.33,0.299,0.32299999999999995,0.52,0.45399999999999996,0.26899999999999996,0.309,0.379,0.373,0.255,0.32,0.565,0.0
0.6809999999999999,0.691,0.626,0.544,0.718,0.794,0.647,0.7170000000000001,0.759,0.5720000000000001,0.475,0.526,0.67,0.7809999999999999,0.67,0.701,0.677,0.48,0.546,0.731,0.691,0.621,0.627,0.745,0.68,0.435,0.0
0.5720000000000001,0.618,0.688,0.7759999999999999,0.516,0.503,0.624,0.639,0.616,0.727,0.7859999999999999,0.7040000000000001,0.6990000000000001,0.551,0.7120000000000001,0.662,0.625,0.6890000000000001,0.774,0.523,0.561,0.639,0.858,0.698,0.591,0.7959999999999999,0.0
0.428,0.382,0.312,0.22399999999999998,0.484,0.49700000000000005,0.376,0.361,0.384,0.273,0.214,0.29600000000000004,0.301,0.449,0.28800000000000003,0.33799999999999997,0.375,0.311,0.226,0.47700000000000004,0.439,0.361,0.142,0.302,0.409,0.204,0.0
0.534,0.564,0.649,0.742,0.474,0.444,0.5920000000000001,0.653,0.66,0.5379999999999999,0.7879999999999999,0.59,0.645,0.508,0.6779999999999999,0.593,0.552,0.64,0.769,0.48,0.573,0.56,0.866,0.6609999999999999,0.522,0.695,0.0
0.466,0.436,0.35100000000000003,0.258,0.526,0.556,0.408,0.34700000000000003,0.34,0.462,0.212,0.41,0.355,0.49200000000000005,0.322,0.40700000000000003,0.44799999999999995,0.36,0.231,0.52,0.42700000000000005,0.44,0.134,0.33899999999999997,0.478,0.305,0.0
0.32899999999999996,0.348,0.406,0.69,0.493,0.35200000000000004,0.193,0.317,0.251,0.45799999999999996,0.27,0.207,0.29600000000000004,0.158,0.27399999999999997,0.312,0.359,0.226,0.6679999999999999,0.402,0.428,0.535,0.266,0.157,0.381,0.455,0.0
0.6709999999999999,0.652,0.594,0.31,0.507,0.648,0.807,0.6829999999999999,0.7490000000000001,0.542,0.73,0.7929999999999999,0.7040000000000001,0.8420000000000001,0.726,0.688,0.6409999999999999,0.774,0.332,0.598,0.5720000000000001,0.465,0.7340000000000001,0.843,0.619,0.545,0.0
0.537,0.5379999999999999,0.595,0.586,0.384,0.52,0.612,0.6,0.502,0.7140000000000001,0.632,0.716,0.605,0.447,0.569,0.5429999999999999,0.573,0.71,0.546,0.48200000000000004,0.534,0.649,0.6679999999999999,0.573,0.527,0.762,0.0
0.46299999999999997,0.462,0.405,0.414,0.616,0.48,0.38799999999999996,0.4,0.498,0.28600000000000003,0.368,0.284,0.395,0.5529999999999999,0.431,0.457,0.42700000000000005,0.29,0.45399999999999996,0.518,0.466,0.35100000000000003,0.332,0.42700000000000005,0.473,0.23800000000000002,0.0
0.767,0.775,0.782,0.777,0.585,0.78,0.835,0.7190000000000001,0.878,0.856,0.973,0.8690000000000001,0.863,0.821,0.9079999999999999,0.848,0.782,0.88,0.764,0.711,0.5670000000000001,0.7,0.87,0.7959999999999999,0.755,0.8540000000000001,0.0
0.233,0.225,0.218,0.223,0.415,0.22,0.165,0.281,0.122,0.14400000000000002,0.027000000000000003,0.131,0.13699999999999998,0.179,0.092,0.152,0.218,0.12,0.23600000000000002,0.289,0.433,0.3,0.13,0.204,0.245,0.146,0.0
0.5329999999999999,0.648,0.688,0.693,0.575,0.483,0.634,0.647,0.667,0.599,0.718,0.737,0.6970000000000001,0.71,0.721,0.667,0.629,0.643,0.7440000000000001,0.524,0.606,0.491,0.924,0.937,0.578,0.7020000000000001,0.0
0.467,0.35200000000000004,0.312,0.307,0.425,0.517,0.366,0.353,0.33299999999999996,0.401,0.282,0.263,0.303,0.29,0.27899999999999997,0.33299999999999996,0.371,0.35700000000000004,0.256,0.47600000000000003,0.39399999999999996,0.509,0.076,0.063,0.42200000000000004,0.298,0.0
0.76,0.738,0.7829999999999999,0.8390000000000001,0.755,0.7240000000000001,0.774,0.7290000000000001,0.675,0.75,0.774,0.71,0.7859999999999999,0.738,0.7390000000000001,0.75,0.7509999999999999,0.809,0.826,0.7490000000000001,0.738,0.775,0.841,0.746,0.742,0.856,0.0
0.16399999999999998,0.157,0.136,0.105,0.155,0.19,0.163,0.161,0.18899999999999997,0.165,0.102,0.17300000000000001,0.121,0.182,0.142,0.153,0.146,0.11900000000000001,0.11800000000000001,0.17600000000000002,0.168,0.132,0.10400000000000001,0.18899999999999997,0.162,0.068,0.0
0.076,0.105,0.081,0.055999999999999994,0.09,0.086,0.064,0.11,0.136,0.085,0.124,0.11699999999999999,0.09300000000000001,0.08,0.11900000000000001,0.096,0.10400000000000001,0.07200000000000001,0.057,0.075,0.094,0.09300000000000001,0.055,0.065,0.096,0.076,0.0
0.6759999999999999,0.657,0.675,0.49700000000000005,0.512,0.32899999999999996,0.764,0.728,0.953,0.8140000000000001,0.938,0.8320000000000001,0.852,0.8490000000000001,0.9059999999999999,0.8390000000000001,0.853,0.882,0.48,0.32,0.552,0.57,0.643,0.6709999999999999,0.6709999999999999,0.6859999999999999,0.0
0.324,0.34299999999999997,0.325,0.503,0.488,0.6709999999999999,0.23600000000000002,0.272,0.047,0.18600000000000003,0.062,0.168,0.14800000000000002,0.151,0.094,0.161,0.147,0.11800000000000001,0.52,0.68,0.44799999999999995,0.43,0.35700000000000004,0.32899999999999996,0.32899999999999996,0.314,0.0
0.619,0.613,0.6509999999999999,0.594,0.44299999999999995,0.359,0.711,0.6709999999999999,0.93,0.758,0.6970000000000001,0.8320000000000001,0.802,0.763,0.7979999999999999,0.784,0.7959999999999999,0.782,0.59,0.335,0.504,0.564,0.6729999999999999,0.662,0.612,0.723,0.0
0.381,0.387,0.349,0.406,0.557,0.6409999999999999,0.289,0.32899999999999996,0.07,0.242,0.303,0.168,0.198,0.237,0.20199999999999999,0.21600000000000003,0.204,0.218,0.41,0.665,0.496,0.436,0.327,0.33799999999999997,0.38799999999999996,0.27699999999999997,0.0
0.738,0.711,0.733,0.517,0.644,0.551,0.784,0.758,0.915,0.767,0.905,0.8690000000000001,0.83,0.843,0.898,0.82,0.831,0.7929999999999999,0.507,0.574,0.6459999999999999,0.623,0.725,0.7609999999999999,0.723,0.758,0.0
0.262,0.289,0.267,0.483,0.35600000000000004,0.449,0.21600000000000003,0.242,0.085,0.233,0.095,0.131,0.17,0.157,0.102,0.18,0.16899999999999998,0.207,0.493,0.426,0.354,0.377,0.275,0.239,0.27699999999999997,0.242,0.0
0.698,0.672,0.698,0.377,0.7120000000000001,0.39799999999999996,0.731,0.649,0.904,0.698,0.889,0.897,0.812,0.8109999999999999,0.9009999999999999,0.82,0.7509999999999999,0.775,0.386,0.5429999999999999,0.629,0.466,0.62,0.7490000000000001,0.693,0.733,0.0
0.302,0.32799999999999996,0.302,0.623,0.28800000000000003,0.602,0.26899999999999996,0.35100000000000003,0.096,0.302,0.111,0.10300000000000001,0.188,0.18899999999999997,0.099,0.18,0.249,0.225,0.614,0.457,0.371,0.534,0.38,0.251,0.307,0.267,0.0
0.764,0.732,0.752,0.7170000000000001,0.604,0.515,0.8140000000000001,0.787,0.973,0.8079999999999999,0.9309999999999999,0.9179999999999999,0.897,0.8690000000000001,0.919,0.879,0.897,0.888,0.68,0.457,0.679,0.735,0.753,0.772,0.7440000000000001,0.825,0.0
0.23600000000000002,0.268,0.248,0.28300000000000003,0.396,0.485,0.18600000000000003,0.213,0.027000000000000003,0.192,0.069,0.08199999999999999,0.10300000000000001,0.131,0.081,0.121,0.10300000000000001,0.11199999999999999,0.32,0.5429999999999999,0.321,0.265,0.247,0.228,0.256,0.175,0.0
0.86,0.862,0.866,0.892,0.7609999999999999,0.7440000000000001,0.893,0.945,0.99,0.9309999999999999,0.9590000000000001,0.903,0.92,0.9390000000000001,0.95,0.912,0.9420000000000001,0.938,0.878,0.6759999999999999,0.866,0.8690000000000001,0.858,0.8590000000000001,0.862,0.8859999999999999,0.0
0.14,0.138,0.134,0.10800000000000001,0.239,0.256,0.107,0.055,0.01,0.069,0.040999999999999995,0.09699999999999999,0.08,0.061,0.05,0.08800000000000001,0.057999999999999996,0.062,0.122,0.324,0.134,0.131,0.142,0.141,0.138,0.114,0.0
0.826,0.836,0.828,0.72,0.75,0.743,0.868,0.924,0.9790000000000001,0.897,0.9259999999999999,0.75,0.9,0.9259999999999999,0.907,0.893,0.94,0.897,0.6890000000000001,0.682,0.833,0.794,0.789,0.843,0.835,0.8640000000000001,0.0
0.174,0.16399999999999998,0.172,0.28,0.25,0.257,0.132,0.076,0.021,0.10300000000000001,0.07400000000000001,0.25,0.1,0.07400000000000001,0.09300000000000001,0.107,0.06,0.10300000000000001,0.311,0.318,0.16699999999999998,0.20600000000000002,0.21100000000000002,0.157,0.165,0.136,0.0
0.8270000000000001,0.8440000000000001,0.8809999999999999,0.889,0.853,0.69,0.843,0.867,0.8909999999999999,0.8540000000000001,0.966,0.92,0.89,0.9129999999999999,0.932,0.889,0.878,0.851,0.887,0.752,0.836,0.807,0.866,0.853,0.847,0.821,0.0
0.17300000000000001,0.156,0.11900000000000001,0.111,0.147,0.31,0.157,0.133,0.109,0.146,0.034,0.08,0.11,0.087,0.068,0.111,0.122,0.149,0.113,0.248,0.16399999999999998,0.193,0.134,0.147,0.153,0.179,0.0
0.9009999999999999,0.8959999999999999,0.903,0.8540000000000001,0.887,0.89,0.9390000000000001,0.953,0.978,0.894,0.9390000000000001,0.569,0.934,0.946,0.895,0.904,0.9620000000000001,0.89,0.833,0.8909999999999999,0.909,0.862,0.8859999999999999,0.87,0.905,0.879,0.0
0.099,0.10400000000000001,0.09699999999999999,0.146,0.113,0.11,0.061,0.047,0.022000000000000002,0.106,0.061,0.431,0.066,0.054000000000000006,0.105,0.096,0.038,0.11,0.16699999999999998,0.109,0.091,0.138,0.114,0.13,0.095,0.121,0.0
0.518,0.518,0.528,0.295,0.456,0.292,0.535,0.536,0.789,0.6709999999999999,0.77,0.586,0.645,0.7070000000000001,0.7390000000000001,0.701,0.607,0.5760000000000001,0.22699999999999998,0.29100000000000004,0.428,0.40399999999999997,0.45,0.52,0.5329999999999999,0.489,0.0
0.48200000000000004,0.48200000000000004,0.47200000000000003,0.705,0.544,0.708,0.465,0.46399999999999997,0.21100000000000002,0.32899999999999996,0.23,0.414,0.355,0.293,0.261,0.299,0.39299999999999996,0.424,0.773,0.7090000000000001,0.5720000000000001,0.596,0.55,0.48,0.467,0.511,0.0
0.938,0.951,0.956,0.977,0.975,0.9620000000000001,0.9690000000000001,0.9520000000000001,0.991,0.909,0.956,0.604,0.961,0.982,0.937,0.943,0.9640000000000001,0.8759999999999999,0.976,0.966,0.9470000000000001,0.953,0.951,0.963,0.948,0.9159999999999999,0.0
0.062,0.049,0.044000000000000004,0.023,0.025,0.038,0.031,0.048,0.009000000000000001,0.091,0.044000000000000004,0.396,0.039,0.018000000000000002,0.063,0.057,0.036000000000000004,0.124,0.024,0.034,0.053,0.047,0.049,0.037000000000000005,0.052000000000000005,0.084,0.0
0.539,0.588,0.626,0.314,0.526,0.335,0.496,0.573,0.9279999999999999,0.7659999999999999,0.885,0.742,0.79,0.732,0.9,0.821,0.67,0.625,0.249,0.33299999999999996,0.48200000000000004,0.355,0.48100000000000004,0.601,0.598,0.57,0.0
0.461,0.41200000000000003,0.374,0.6859999999999999,0.474,0.665,0.504,0.42700000000000005,0.07200000000000001,0.23399999999999999,0.115,0.258,0.21,0.268,0.1,0.179,0.33,0.375,0.7509999999999999,0.667,0.518,0.645,0.519,0.39899999999999997,0.402,0.43,0.0
0.251,0.3,0.3,0.113,0.222,0.134,0.161,0.562,0.609,0.377,0.23399999999999999,0.28600000000000003,0.462,0.418,0.45799999999999996,0.455,0.431,0.131,0.077,0.067,0.456,0.08900000000000001,0.248,0.261,0.292,0.255,0.0
0.7490000000000001,0.7,0.7,0.887,0.778,0.866,0.8390000000000001,0.43799999999999994,0.391,0.623,0.7659999999999999,0.7140000000000001,0.5379999999999999,0.5820000000000001,0.542,0.545,0.569,0.8690000000000001,0.9229999999999999,0.9329999999999999,0.544,0.9109999999999999,0.752,0.7390000000000001,0.708,0.745,0.0
0.34299999999999997,0.359,0.386,0.27899999999999997,0.308,0.209,0.364,0.311,0.557,0.469,0.5720000000000001,0.5429999999999999,0.401,0.521,0.507,0.513,0.39299999999999996,0.433,0.28,0.19899999999999998,0.22899999999999998,0.22,0.33,0.40700000000000003,0.363,0.353,0.0
0.657,0.6409999999999999,0.614,0.721,0.6920000000000001,0.7909999999999999,0.636,0.6890000000000001,0.44299999999999995,0.531,0.428,0.457,0.599,0.479,0.493,0.48700000000000004,0.607,0.5670000000000001,0.72,0.8009999999999999,0.7709999999999999,0.78,0.67,0.593,0.637,0.647,0.0
0.485,0.485,0.52,0.375,0.301,0.153,0.627,0.623,0.8959999999999999,0.526,0.797,0.441,0.713,0.66,0.7340000000000001,0.638,0.721,0.652,0.37200000000000005,0.16399999999999998,0.43700000000000006,0.364,0.5489999999999999,0.619,0.473,0.616,0.0
0.042,0.045,0.042,0.102,0.044000000000000004,0.08800000000000001,0.033,0.026000000000000002,0.023,0.021,0.015,0.024,0.03,0.027999999999999997,0.025,0.027999999999999997,0.008,0.02,0.11199999999999999,0.079,0.034,0.049,0.061,0.039,0.040999999999999995,0.044000000000000004,0.0
0.473,0.47100000000000003,0.43799999999999994,0.523,0.6559999999999999,0.759,0.34,0.35100000000000003,0.081,0.452,0.188,0.535,0.257,0.312,0.24100000000000002,0.33399999999999996,0.271,0.32899999999999996,0.517,0.757,0.529,0.588,0.39,0.342,0.486,0.34,0.0
0.6559999999999999,0.615,0.662,0.775,0.725,0.42200000000000004,0.7440000000000001,0.649,0.44799999999999995,0.728,0.7909999999999999,0.528,0.532,0.518,0.57,0.57,0.7979999999999999,0.773,0.7959999999999999,0.5920000000000001,0.6990000000000001,0.705,0.445,0.48700000000000004,0.682,0.63,0.0
0.344,0.385,0.33799999999999997,0.225,0.275,0.578,0.256,0.35100000000000003,0.552,0.272,0.209,0.47200000000000003,0.46799999999999997,0.48200000000000004,0.43,0.43,0.20199999999999999,0.22699999999999998,0.204,0.408,0.301,0.295,0.555,0.513,0.318,0.37,0.0
2.98,2.89,2.79,3.42,3.17,3.69,2.93,2.78,1.76,2.4,2.2,2.67,2.38,2.24,2.09,2.22,2.45,2.81,3.48,3.73,3.19,3.54,3.05,2.8,2.87,2.94,0.0
1.78,1.81,1.76,1.92,2.17,2.22,1.6,1.53,1.15,1.58,1.36,2.13,1.46,1.41,1.43,1.53,1.36,1.52,1.99,2.41,1.93,1.92,1.85,1.75,1.78,1.68,0.0
2.24,2.3,2.21,2.81,2.64,3.06,2.02,2.2,1.35,2.0,1.73,1.58,1.75,1.75,1.58,1.79,1.81,1.86,2.79,2.99,2.66,2.68,2.26,2.06,2.27,1.94,0.0
0.684,0.618,0.632,0.242,0.8270000000000001,0.225,0.8340000000000001,0.379,0.763,0.7340000000000001,0.899,0.8440000000000001,0.614,0.823,0.812,0.74,0.897,0.782,0.221,0.557,0.429,0.41600000000000004,0.348,0.6940000000000001,0.6990000000000001,0.309,0.0
0.12300000000000001,0.126,0.10300000000000001,0.057999999999999996,0.067,0.376,0.064,0.045,0.139,0.03,0.052000000000000005,0.062,0.171,0.063,0.066,0.135,0.03,0.068,0.022000000000000002,0.256,0.05,0.156,0.221,0.115,0.10099999999999999,0.17600000000000002,0.0
0.052000000000000005,0.076,0.075,0.027000000000000003,0.025,0.022000000000000002,0.04,0.494,0.011000000000000001,0.047,0.033,0.046,0.024,0.016,0.003,0.026000000000000002,0.016,0.039,0.01,0.004,0.43799999999999994,0.06,0.063,0.027000000000000003,0.073,0.016,0.0
0.102,0.131,0.128,0.522,0.054000000000000006,0.35700000000000004,0.028999999999999998,0.061,0.027000000000000003,0.16699999999999998,0.002,0.01,0.067,0.045,0.027000000000000003,0.04,0.04,0.063,0.561,0.166,0.071,0.332,0.175,0.087,0.109,0.28,0.0
0.023,0.031,0.047,0.12300000000000001,0.017,0.011000000000000001,0.018000000000000002,0.001,0.044000000000000004,0.003,0.01,0.026000000000000002,0.08900000000000001,0.042,0.07400000000000001,0.04,0.009000000000000001,0.023,0.154,0.008,0.001,0.01,0.153,0.052000000000000005,0.006999999999999999,0.166,0.0
0.016,0.018000000000000002,0.015,0.027999999999999997,0.01,0.008,0.015,0.019,0.016,0.019,0.003,0.011000000000000001,0.034,0.012,0.019,0.018000000000000002,0.006999999999999999,0.026000000000000002,0.032,0.009000000000000001,0.01,0.026000000000000002,0.039,0.025,0.011000000000000001,0.053,0.0
0.7,0.743,0.757,0.774,0.6990000000000001,0.6859999999999999,0.698,0.6890000000000001,0.8059999999999999,0.8220000000000001,0.8370000000000001,0.755,0.77,0.799,0.8140000000000001,0.789,0.7070000000000001,0.72,0.774,0.6629999999999999,0.693,0.677,0.74,0.737,0.73,0.795,0.0
0.3,0.257,0.243,0.226,0.301,0.314,0.302,0.311,0.19399999999999998,0.17800000000000002,0.163,0.245,0.23,0.201,0.18600000000000003,0.21100000000000002,0.293,0.28,0.226,0.337,0.307,0.32299999999999995,0.26,0.263,0.27,0.205,0.0
0.5720000000000001,0.6,0.63,0.61,0.545,0.495,0.595,0.58,0.6459999999999999,0.6859999999999999,0.772,0.605,0.665,0.703,0.741,0.6559999999999999,0.5760000000000001,0.614,0.623,0.48,0.56,0.5,0.603,0.5920000000000001,0.596,0.6679999999999999,0.0
0.428,0.4,0.37,0.39,0.455,0.505,0.405,0.42,0.354,0.314,0.228,0.395,0.335,0.297,0.259,0.344,0.424,0.386,0.377,0.52,0.44,0.5,0.397,0.408,0.40399999999999997,0.332,0.0
0.335,0.376,0.349,0.057,0.239,0.109,0.35700000000000004,0.188,0.779,0.599,0.74,0.515,0.5760000000000001,0.645,0.765,0.654,0.563,0.35200000000000004,0.039,0.062,0.06,0.068,0.33,0.45299999999999996,0.359,0.198,0.0
0.152,0.159,0.131,0.079,0.225,0.13,0.13699999999999998,0.155,0.122,0.115,0.054000000000000006,0.139,0.146,0.21100000000000002,0.124,0.183,0.218,0.1,0.10099999999999999,0.157,0.15,0.073,0.136,0.251,0.147,0.061,0.0
0.273,0.278,0.27899999999999997,0.49200000000000005,0.409,0.5720000000000001,0.19,0.28300000000000003,0.027000000000000003,0.141,0.024,0.105,0.085,0.048,0.026000000000000002,0.071,0.08,0.098,0.494,0.584,0.474,0.461,0.263,0.152,0.287,0.293,0.0
0.24,0.187,0.24100000000000002,0.371,0.128,0.18899999999999997,0.315,0.374,0.07200000000000001,0.145,0.183,0.24100000000000002,0.193,0.096,0.085,0.092,0.139,0.451,0.36700000000000005,0.198,0.316,0.39799999999999996,0.27,0.145,0.207,0.44799999999999995,0.0
0.21100000000000002,0.237,0.248,0.32899999999999996,0.149,0.131,0.253,0.287,0.248,0.335,0.37799999999999995,0.225,0.263,0.204,0.256,0.24100000000000002,0.278,0.315,0.317,0.102,0.26899999999999996,0.312,0.255,0.16899999999999998,0.225,0.43799999999999994,0.0
0.789,0.763,0.752,0.6709999999999999,0.851,0.8690000000000001,0.747,0.713,0.752,0.665,0.622,0.775,0.737,0.7959999999999999,0.7440000000000001,0.759,0.722,0.685,0.6829999999999999,0.898,0.731,0.688,0.745,0.831,0.775,0.562,0.0
0.275,0.247,0.259,0.32799999999999996,0.235,0.218,0.297,0.38799999999999996,0.21600000000000003,0.34299999999999997,0.203,0.192,0.205,0.161,0.146,0.212,0.337,0.324,0.307,0.20800000000000002,0.397,0.408,0.185,0.19,0.271,0.39399999999999996,0.0
0.725,0.753,0.741,0.672,0.765,0.782,0.703,0.612,0.784,0.657,0.797,0.8079999999999999,0.795,0.8390000000000001,0.8540000000000001,0.7879999999999999,0.6629999999999999,0.6759999999999999,0.693,0.792,0.603,0.5920000000000001,0.815,0.81,0.7290000000000001,0.606,0.0
0.18600000000000003,0.125,0.15,0.18600000000000003,0.191,0.155,0.162,0.153,0.11199999999999999,0.126,0.091,0.095,0.12300000000000001,0.037000000000000005,0.067,0.094,0.163,0.18100000000000002,0.14300000000000002,0.16399999999999998,0.215,0.354,0.073,0.054000000000000006,0.168,0.247,0.0
0.8140000000000001,0.875,0.85,0.8140000000000001,0.809,0.845,0.838,0.847,0.888,0.8740000000000001,0.909,0.905,0.877,0.963,0.9329999999999999,0.9059999999999999,0.8370000000000001,0.8190000000000001,0.857,0.836,0.785,0.6459999999999999,0.927,0.946,0.8320000000000001,0.753,0.0
0.521,0.562,0.5760000000000001,0.515,0.537,0.495,0.521,0.44,0.69,0.578,0.7120000000000001,0.615,0.621,0.623,0.736,0.6659999999999999,0.479,0.498,0.49200000000000005,0.519,0.40700000000000003,0.41200000000000003,0.5589999999999999,0.634,0.545,0.583,0.0
0.479,0.43799999999999994,0.424,0.485,0.46299999999999997,0.505,0.479,0.56,0.31,0.42200000000000004,0.28800000000000003,0.385,0.379,0.377,0.264,0.33399999999999996,0.521,0.502,0.508,0.48100000000000004,0.593,0.588,0.441,0.366,0.455,0.41700000000000004,0.0
0.395,0.34700000000000003,0.389,0.49200000000000005,0.32899999999999996,0.301,0.511,0.5429999999999999,0.23399999999999999,0.275,0.379,0.289,0.317,0.21899999999999997,0.196,0.23600000000000002,0.446,0.579,0.43700000000000006,0.299,0.564,0.685,0.341,0.294,0.379,0.569,0.0
0.605,0.653,0.611,0.508,0.6709999999999999,0.6990000000000001,0.489,0.457,0.7659999999999999,0.725,0.621,0.711,0.6829999999999999,0.7809999999999999,0.804,0.764,0.5539999999999999,0.42100000000000004,0.563,0.701,0.436,0.315,0.659,0.706,0.621,0.431,0.0
0.273,0.302,0.37,0.41,0.308,0.32299999999999995,0.375,0.516,0.158,0.23600000000000002,0.138,0.23199999999999998,0.239,0.223,0.098,0.156,0.349,0.382,0.344,0.306,0.5489999999999999,0.579,0.29600000000000004,0.27899999999999997,0.313,0.395,0.0
0.727,0.698,0.63,0.59,0.6920000000000001,0.677,0.625,0.484,0.8420000000000001,0.764,0.862,0.768,0.7609999999999999,0.777,0.902,0.8440000000000001,0.6509999999999999,0.618,0.6559999999999999,0.6940000000000001,0.451,0.42100000000000004,0.7040000000000001,0.721,0.687,0.605,0.0
0.86,0.77,0.7959999999999999,0.856,0.8220000000000001,0.821,0.845,0.8320000000000001,0.708,0.8420000000000001,0.74,0.7759999999999999,0.759,0.594,0.7240000000000001,0.777,0.845,0.88,0.8220000000000001,0.8340000000000001,0.86,0.8959999999999999,-999.0,-999.0,-999.0,-999.0,0.0
0.14,0.23,0.204,0.14400000000000002,0.17800000000000002,0.179,0.155,0.168,0.292,0.158,0.26,0.22399999999999998,0.24100000000000002,0.406,0.276,0.223,0.155,0.12,0.17800000000000002,0.166,0.14,0.10400000000000001,-999.0,-999.0,-999.0,-999.0,0.0
0.27899999999999997,0.22399999999999998,0.22,0.138,0.32,0.226,0.239,0.44,0.163,0.244,0.062,0.192,0.158,0.042,0.066,0.18100000000000002,0.35,0.28,0.07200000000000001,0.264,0.45899999999999996,0.44,0.044000000000000004,0.038,0.28600000000000003,0.212,0.0
0.721,0.7759999999999999,0.78,0.862,0.68,0.774,0.7609999999999999,0.56,0.8370000000000001,0.7559999999999999,0.938,0.8079999999999999,0.8420000000000001,0.958,0.934,0.8190000000000001,0.65,0.72,0.9279999999999999,0.736,0.541,0.56,0.956,0.9620000000000001,0.7140000000000001,0.7879999999999999,0.0
0.613,0.642,0.6459999999999999,0.9059999999999999,0.84,0.774,0.445,0.505,0.525,0.6990000000000001,0.28800000000000003,0.319,0.583,0.508,0.507,0.611,0.649,0.34,0.907,0.802,0.655,0.72,0.506,0.44,0.664,0.711,0.0
0.387,0.358,0.354,0.094,0.16,0.226,0.555,0.495,0.475,0.301,0.7120000000000001,0.6809999999999999,0.41700000000000004,0.49200000000000005,0.493,0.389,0.35100000000000003,0.66,0.09300000000000001,0.198,0.345,0.28,0.494,0.56,0.336,0.289,0.0
0.94,0.932,0.9570000000000001,0.99,0.975,0.9670000000000001,0.922,0.888,0.92,0.8909999999999999,0.9570000000000001,0.877,0.941,0.925,0.946,0.927,0.92,0.879,0.993,0.9740000000000001,0.932,0.9640000000000001,0.93,0.9359999999999999,0.943,0.972,0.0
0.06,0.068,0.043,0.01,0.025,0.033,0.078,0.11199999999999999,0.08,0.109,0.043,0.12300000000000001,0.059000000000000004,0.075,0.054000000000000006,0.073,0.08,0.121,0.006999999999999999,0.026000000000000002,0.068,0.036000000000000004,0.07,0.064,0.057,0.027999999999999997,0.0
0.715,0.711,0.728,0.853,0.747,0.75,0.653,0.838,0.623,0.638,0.708,0.609,0.677,0.489,0.642,0.685,0.722,0.662,0.821,0.77,0.857,0.807,0.758,0.618,0.713,0.8220000000000001,0.0
0.161,0.141,0.138,0.08800000000000001,0.126,0.132,0.195,0.073,0.165,0.185,0.142,0.16899999999999998,0.175,0.276,0.146,0.161,0.14,0.217,0.10800000000000001,0.114,0.075,0.111,0.13699999999999998,0.22399999999999998,0.14400000000000002,0.122,0.0
0.124,0.149,0.134,0.057999999999999996,0.127,0.11800000000000001,0.151,0.08900000000000001,0.212,0.177,0.151,0.222,0.14800000000000002,0.235,0.212,0.154,0.139,0.121,0.07200000000000001,0.11599999999999999,0.068,0.08199999999999999,0.105,0.158,0.14300000000000002,0.055999999999999994,0.0
0.919,0.9440000000000001,0.953,0.935,0.9390000000000001,0.9329999999999999,0.9359999999999999,0.93,0.943,0.938,0.951,0.9540000000000001,0.94,0.972,0.9390000000000001,0.948,0.9209999999999999,0.946,0.9359999999999999,0.935,0.932,0.9129999999999999,0.965,0.9570000000000001,0.934,0.922,0.0
0.057,0.033,0.03,0.04,0.036000000000000004,0.051,0.046,0.04,0.037000000000000005,0.036000000000000004,0.035,0.037000000000000005,0.038,0.02,0.042,0.035,0.040999999999999995,0.035,0.046,0.043,0.046,0.055999999999999994,0.023,0.03,0.043,0.04,0.0
0.023,0.022000000000000002,0.018000000000000002,0.026000000000000002,0.025,0.016,0.018000000000000002,0.03,0.02,0.026000000000000002,0.013999999999999999,0.01,0.022000000000000002,0.008,0.019,0.018000000000000002,0.038,0.018000000000000002,0.018000000000000002,0.022000000000000002,0.021,0.031,0.012,0.013000000000000001,0.022000000000000002,0.038,0.0
0.087,0.094,0.09699999999999999,0.091,0.08,0.106,0.08900000000000001,0.08900000000000001,0.083,0.09300000000000001,0.085,0.11699999999999999,0.10300000000000001,0.085,0.087,0.085,0.114,0.10300000000000001,0.094,0.10400000000000001,0.084,0.08,0.127,0.125,0.085,0.1,0.0
0.10300000000000001,0.11199999999999999,0.094,0.046,0.085,0.085,0.092,0.11199999999999999,0.16899999999999998,0.18100000000000002,0.11800000000000001,0.177,0.10800000000000001,0.13,0.138,0.121,0.091,0.129,0.06,0.079,0.106,0.054000000000000006,0.08199999999999999,0.08800000000000001,0.11,0.043,0.0
0.81,0.795,0.809,0.863,0.8340000000000001,0.81,0.8190000000000001,0.799,0.748,0.726,0.7979999999999999,0.706,0.789,0.785,0.775,0.7929999999999999,0.795,0.768,0.845,0.8170000000000001,0.81,0.866,0.7909999999999999,0.7879999999999999,0.804,0.857,0.0
0.217,0.23199999999999998,0.239,0.11599999999999999,0.162,0.174,0.24100000000000002,0.237,0.32799999999999996,0.297,0.336,0.406,0.268,0.318,0.315,0.226,0.239,0.33,0.13699999999999998,0.151,0.21100000000000002,0.14,0.221,0.284,0.22899999999999998,0.184,0.0
0.205,0.20199999999999999,0.21100000000000002,0.102,0.166,0.177,0.235,0.22399999999999998,0.28,0.24100000000000002,0.28300000000000003,0.254,0.203,0.263,0.252,0.233,0.191,0.22899999999999998,0.1,0.184,0.175,0.154,0.207,0.287,0.201,0.14800000000000002,0.0
0.578,0.5660000000000001,0.55,0.782,0.6709999999999999,0.649,0.524,0.539,0.391,0.462,0.382,0.34,0.529,0.418,0.433,0.541,0.57,0.441,0.763,0.664,0.614,0.706,0.5720000000000001,0.429,0.57,0.6679999999999999,0.0
0.32799999999999996,0.41600000000000004,0.439,0.502,0.379,0.33399999999999996,0.37200000000000005,0.33299999999999996,0.35,0.364,0.59,0.531,0.4,0.49700000000000005,0.504,0.379,0.32,0.38,0.574,0.363,0.33799999999999997,0.26,0.539,0.557,0.36,0.408,0.0
0.222,0.212,0.203,0.171,0.191,0.196,0.198,0.215,0.32,0.23600000000000002,0.20600000000000002,0.268,0.243,0.23199999999999998,0.256,0.264,0.215,0.209,0.182,0.195,0.19,0.142,0.179,0.21,0.22,0.17800000000000002,0.0
0.45,0.37200000000000005,0.358,0.327,0.429,0.47,0.43,0.451,0.331,0.4,0.204,0.201,0.35700000000000004,0.271,0.24,0.35700000000000004,0.465,0.41,0.244,0.442,0.47100000000000003,0.598,0.282,0.233,0.42,0.414,0.0
0.233,0.27899999999999997,0.25,0.179,0.249,0.225,0.259,0.317,0.35600000000000004,0.245,0.215,0.36200000000000004,0.252,0.35600000000000004,0.275,0.26899999999999996,0.26,0.257,0.2,0.21600000000000003,0.303,0.16399999999999998,0.25,0.377,0.253,0.172,0.0
0.396,0.41600000000000004,0.381,0.345,0.405,0.415,0.408,0.405,0.434,0.365,0.436,0.335,0.406,0.42700000000000005,0.446,0.41,0.41600000000000004,0.371,0.369,0.41100000000000003,0.38,0.332,0.391,0.425,0.406,0.20600000000000002,0.0
0.371,0.305,0.368,0.47600000000000003,0.34600000000000003,0.36,0.33299999999999996,0.278,0.21,0.39,0.349,0.303,0.34299999999999997,0.21600000000000003,0.27899999999999997,0.321,0.324,0.37200000000000005,0.431,0.373,0.317,0.504,0.359,0.198,0.342,0.622,0.0
0.20600000000000002,0.235,0.205,0.159,0.221,0.309,0.14800000000000002,0.469,0.026000000000000002,0.21600000000000003,0.11,0.446,0.107,0.11800000000000001,0.159,0.15,0.075,0.18600000000000003,0.15,0.27399999999999997,0.47200000000000003,0.195,0.18600000000000003,0.183,0.22699999999999998,0.14300000000000002,0.0
0.168,0.159,0.154,0.23399999999999999,0.16899999999999998,0.237,0.161,0.14300000000000002,0.052000000000000005,0.132,0.114,0.22,0.102,0.132,0.1,0.096,0.099,0.151,0.23,0.23199999999999998,0.18100000000000002,0.198,0.14,0.151,0.16399999999999998,0.154,0.0
0.626,0.606,0.6409999999999999,0.607,0.611,0.45299999999999996,0.691,0.38799999999999996,0.922,0.6509999999999999,0.777,0.33399999999999996,0.7909999999999999,0.75,0.741,0.754,0.826,0.6629999999999999,0.62,0.494,0.34600000000000003,0.607,0.674,0.667,0.609,0.703,0.0
0.41,0.45899999999999996,0.413,0.381,0.513,0.46399999999999997,0.452,0.581,0.544,0.225,0.11800000000000001,0.287,0.385,0.555,0.33799999999999997,0.43200000000000005,0.35,0.337,0.431,0.48,0.583,0.273,0.514,0.578,0.41200000000000003,0.265,0.0
0.233,0.22,0.228,0.297,0.233,0.254,0.249,0.19699999999999998,0.22399999999999998,0.163,0.102,0.19699999999999998,0.23399999999999999,0.252,0.204,0.235,0.221,0.22,0.278,0.23399999999999999,0.203,0.22899999999999998,0.22399999999999998,0.212,0.23,0.175,0.0
0.358,0.321,0.359,0.322,0.253,0.282,0.3,0.222,0.23199999999999998,0.612,0.78,0.516,0.381,0.193,0.45799999999999996,0.33299999999999996,0.429,0.44299999999999995,0.29100000000000004,0.28600000000000003,0.214,0.498,0.262,0.21,0.358,0.56,0.0
0.106,0.091,0.084,0.1,0.083,0.08800000000000001,0.115,0.109,0.096,0.073,0.099,0.048,0.102,0.054000000000000006,0.08,0.069,0.106,0.11199999999999999,0.098,0.094,0.10800000000000001,0.149,0.096,0.037000000000000005,0.096,0.10800000000000001,0.0
0.894,0.909,0.9159999999999999,0.9,0.917,0.912,0.885,0.8909999999999999,0.904,0.927,0.9009999999999999,0.9520000000000001,0.898,0.946,0.92,0.9309999999999999,0.894,0.888,0.902,0.9059999999999999,0.892,0.851,0.904,0.963,0.904,0.892,0.0
0.735,0.6940000000000001,0.713,0.581,0.6859999999999999,0.581,0.807,0.5820000000000001,0.892,0.71,0.833,0.695,0.802,0.8340000000000001,0.825,0.799,0.8290000000000001,0.7759999999999999,0.519,0.602,0.545,0.716,0.645,0.787,0.716,0.8029999999999999,0.0
0.265,0.306,0.287,0.419,0.314,0.419,0.193,0.418,0.10800000000000001,0.29,0.16699999999999998,0.305,0.198,0.166,0.175,0.201,0.171,0.22399999999999998,0.48100000000000004,0.39799999999999996,0.455,0.284,0.355,0.213,0.284,0.19699999999999998,0.0
0.855,0.816,0.789,0.78,0.805,0.8220000000000001,0.836,0.7609999999999999,0.85,0.835,0.879,0.855,0.84,0.8540000000000001,0.88,0.825,0.8220000000000001,0.8170000000000001,0.775,0.8109999999999999,0.769,0.802,0.7929999999999999,0.858,0.8240000000000001,0.78,0.0
0.145,0.184,0.21100000000000002,0.22,0.195,0.17800000000000002,0.16399999999999998,0.239,0.15,0.165,0.121,0.145,0.16,0.146,0.12,0.175,0.17800000000000002,0.183,0.225,0.18899999999999997,0.231,0.198,0.207,0.142,0.17600000000000002,0.22,0.0
0.764,0.7070000000000001,0.71,0.599,0.682,0.617,0.795,0.649,0.8420000000000001,0.7609999999999999,0.82,0.735,0.818,0.7929999999999999,0.812,0.807,0.828,0.779,0.5429999999999999,0.629,0.598,0.753,0.688,0.748,0.728,0.8290000000000001,0.0
0.23600000000000002,0.293,0.29,0.401,0.318,0.38299999999999995,0.205,0.35100000000000003,0.158,0.239,0.18,0.265,0.182,0.207,0.188,0.193,0.172,0.221,0.457,0.371,0.402,0.247,0.312,0.252,0.272,0.171,0.0
0.897,0.807,0.6459999999999999,0.693,0.779,0.7609999999999999,0.831,0.742,0.8490000000000001,0.7879999999999999,0.8440000000000001,0.799,0.833,0.8540000000000001,0.86,0.838,0.792,0.812,0.657,0.7609999999999999,0.7040000000000001,0.7809999999999999,0.7509999999999999,0.7979999999999999,0.802,0.68,0.0
0.10300000000000001,0.193,0.354,0.307,0.221,0.239,0.16899999999999998,0.258,0.151,0.212,0.156,0.201,0.16699999999999998,0.146,0.14,0.162,0.20800000000000002,0.188,0.34299999999999997,0.239,0.29600000000000004,0.21899999999999997,0.249,0.20199999999999999,0.198,0.32,0.0
0.14400000000000002,0.19899999999999998,0.267,0.35200000000000004,0.182,0.32,0.19,0.221,0.063,0.172,0.11699999999999999,0.16399999999999998,0.141,0.132,0.10099999999999999,0.12300000000000001,0.162,0.162,0.381,0.282,0.25,0.26,0.275,0.159,0.18899999999999997,0.244,0.0
0.856,0.8009999999999999,0.733,0.648,0.818,0.68,0.81,0.779,0.937,0.828,0.883,0.836,0.8590000000000001,0.868,0.899,0.877,0.838,0.838,0.619,0.718,0.75,0.74,0.725,0.841,0.8109999999999999,0.7559999999999999,0.0
0.7120000000000001,0.6779999999999999,0.6729999999999999,0.782,0.631,0.68,0.7170000000000001,0.6559999999999999,0.669,0.638,0.705,0.7020000000000001,0.728,0.794,0.715,0.653,0.5920000000000001,0.7390000000000001,0.765,0.6509999999999999,0.6509999999999999,0.691,0.7759999999999999,0.8440000000000001,0.66,0.7759999999999999,0.0
0.28800000000000003,0.322,0.327,0.218,0.369,0.32,0.28300000000000003,0.344,0.331,0.36200000000000004,0.295,0.298,0.272,0.20600000000000002,0.285,0.34700000000000003,0.408,0.261,0.235,0.349,0.349,0.309,0.22399999999999998,0.156,0.34,0.22399999999999998,0.0
0.9329999999999999,0.929,0.9329999999999999,0.9390000000000001,0.922,0.914,0.9390000000000001,0.925,0.9390000000000001,0.9059999999999999,0.96,0.955,0.945,0.961,0.9620000000000001,0.9440000000000001,0.934,0.94,0.9309999999999999,0.9,0.9129999999999999,0.9209999999999999,0.9570000000000001,0.965,0.9229999999999999,0.982,0.0
0.067,0.071,0.067,0.061,0.078,0.086,0.061,0.075,0.061,0.094,0.04,0.045,0.055,0.039,0.038,0.055999999999999994,0.066,0.06,0.069,0.1,0.087,0.079,0.043,0.035,0.077,0.018000000000000002,0.0
0.631,0.604,0.638,0.634,0.648,0.672,0.617,0.618,0.5920000000000001,0.6829999999999999,0.5429999999999999,0.5770000000000001,0.562,0.43200000000000005,0.544,0.629,0.7020000000000001,0.6629999999999999,0.618,0.6859999999999999,0.629,0.665,0.5329999999999999,0.44799999999999995,0.642,0.762,0.0
0.369,0.396,0.36200000000000004,0.366,0.35200000000000004,0.32799999999999996,0.38299999999999995,0.382,0.408,0.317,0.457,0.423,0.43799999999999994,0.568,0.456,0.371,0.298,0.337,0.382,0.314,0.371,0.335,0.467,0.552,0.358,0.23800000000000002,0.0
2.19,3.06,3.15,3.38,2.51,2.5,2.72,2.54,2.15,1.87,3.64,5.81,2.91,3.81,3.77,2.6,2.65,2.13,4.05,2.25,2.96,2.03,3.74,3.75,2.61,2.05,0.0
0.491,0.594,0.728,0.581,0.575,0.46399999999999997,0.5529999999999999,0.5479999999999999,0.752,0.599,0.722,0.685,0.675,0.748,0.78,0.693,0.66,0.539,0.532,0.489,0.473,0.414,0.674,0.7509999999999999,0.5720000000000001,0.456,0.0
0.306,0.27399999999999997,0.158,0.307,0.27899999999999997,0.36200000000000004,0.245,0.29100000000000004,0.151,0.244,0.152,0.18899999999999997,0.192,0.158,0.126,0.192,0.184,0.231,0.34299999999999997,0.354,0.33399999999999996,0.361,0.205,0.175,0.268,0.306,0.0
0.203,0.133,0.115,0.11199999999999999,0.146,0.174,0.20199999999999999,0.161,0.096,0.156,0.126,0.126,0.133,0.094,0.094,0.115,0.156,0.23,0.125,0.157,0.193,0.225,0.121,0.07400000000000001,0.16,0.23800000000000002,0.0
2.08,2.59,2.98,3.11,2.51,2.86,2.33,2.82,2.0,2.41,2.41,2.64,2.31,2.35,2.28,2.26,2.4,2.29,3.29,2.78,2.91,2.49,3.0,2.46,2.46,2.56,0.0
4.0,6.0,7.0,5.0,6.0,6.0,4.0,6.0,5.0,8.0,5.0,5.0,4.0,3.0,4.0,5.0,9.0,5.0,6.0,6.0,7.0,5.0,4.0,2.0,6.0,2.0,0.0
0.5710000000000001,0.664,0.7609999999999999,0.836,0.6679999999999999,0.674,0.698,0.78,0.442,0.56,0.675,0.629,0.547,0.493,0.523,0.528,0.652,0.696,0.813,0.718,0.8220000000000001,0.807,0.6779999999999999,0.53,0.6609999999999999,0.764,0.0
0.429,0.336,0.239,0.16399999999999998,0.332,0.326,0.302,0.22,0.5579999999999999,0.44,0.325,0.371,0.45299999999999996,0.507,0.47700000000000004,0.47200000000000003,0.348,0.304,0.187,0.282,0.17800000000000002,0.193,0.322,0.47,0.33899999999999997,0.23600000000000002,0.0
0.654,0.626,0.703,0.866,0.648,0.752,0.742,0.679,0.475,0.515,0.457,0.47700000000000004,0.616,0.588,0.47700000000000004,0.51,0.657,0.703,0.86,0.743,0.7170000000000001,0.825,0.7829999999999999,0.745,0.625,0.858,0.0
0.34600000000000003,0.374,0.297,0.134,0.35200000000000004,0.248,0.258,0.321,0.525,0.485,0.5429999999999999,0.523,0.384,0.41200000000000003,0.523,0.49,0.34299999999999997,0.297,0.14,0.257,0.28300000000000003,0.175,0.217,0.255,0.375,0.142,0.0
0.902,0.914,0.917,0.9229999999999999,0.9440000000000001,0.924,0.9359999999999999,0.945,0.865,0.9279999999999999,0.861,0.762,0.86,0.878,0.795,0.8909999999999999,0.946,0.927,0.919,0.9520000000000001,0.9540000000000001,0.96,0.79,0.759,0.941,0.9,0.0
0.098,0.086,0.083,0.077,0.055999999999999994,0.076,0.064,0.055,0.135,0.07200000000000001,0.139,0.23800000000000002,0.14,0.122,0.205,0.109,0.054000000000000006,0.073,0.081,0.048,0.046,0.04,0.21,0.24100000000000002,0.059000000000000004,0.1,0.0
0.611,0.688,0.7490000000000001,0.902,0.628,0.754,0.7240000000000001,0.7140000000000001,0.564,0.5479999999999999,0.664,0.535,0.657,0.66,0.588,0.5710000000000001,0.616,0.7,0.922,0.725,0.7140000000000001,0.779,0.892,0.8590000000000001,0.631,0.792,0.0
0.389,0.312,0.251,0.098,0.37200000000000005,0.24600000000000002,0.276,0.28600000000000003,0.436,0.452,0.336,0.465,0.34299999999999997,0.34,0.41200000000000003,0.429,0.384,0.3,0.078,0.275,0.28600000000000003,0.221,0.10800000000000001,0.141,0.369,0.20800000000000002,0.0
0.897,0.9059999999999999,0.934,0.9359999999999999,0.914,0.961,0.917,0.919,0.812,0.885,0.9,0.816,0.882,0.867,0.833,0.855,0.91,0.905,0.951,0.9229999999999999,0.9570000000000001,0.96,-999.0,-999.0,-999.0,-999.0,0.0
0.10300000000000001,0.094,0.066,0.064,0.086,0.039,0.083,0.081,0.188,0.115,0.1,0.184,0.11800000000000001,0.133,0.16699999999999998,0.145,0.09,0.095,0.049,0.077,0.043,0.04,-999.0,-999.0,-999.0,-999.0,0.0
0.168,0.114,0.102,0.065,0.13,0.106,0.106,0.075,0.21100000000000002,0.14300000000000002,0.163,0.275,0.14,0.095,0.201,0.184,0.139,0.111,0.076,0.134,0.068,0.055999999999999994,0.134,0.11,0.128,0.165,0.0
0.515,0.5589999999999999,0.581,0.605,0.555,0.59,0.547,0.591,0.51,0.5539999999999999,0.5489999999999999,0.46,0.511,0.5,0.507,0.521,0.531,0.55,0.573,0.5760000000000001,0.5920000000000001,0.615,0.515,0.564,0.557,0.5,0.0
0.316,0.327,0.317,0.33,0.315,0.304,0.34700000000000003,0.33399999999999996,0.27899999999999997,0.303,0.28800000000000003,0.265,0.349,0.405,0.29100000000000004,0.295,0.33,0.33899999999999997,0.35100000000000003,0.29,0.34,0.32899999999999996,0.35100000000000003,0.326,0.316,0.335,0.0
0.09300000000000001,0.113,0.10099999999999999,0.136,0.106,0.09300000000000001,0.098,0.162,0.10800000000000001,0.102,0.07400000000000001,0.08,0.10300000000000001,0.052000000000000005,0.09,0.11,0.115,0.08800000000000001,0.11800000000000001,0.094,0.18,0.139,0.081,0.057999999999999996,0.10800000000000001,0.057999999999999996,0.0
0.907,0.887,0.899,0.8640000000000001,0.894,0.907,0.902,0.838,0.892,0.898,0.9259999999999999,0.92,0.897,0.948,0.91,0.89,0.885,0.912,0.882,0.9059999999999999,0.82,0.861,0.919,0.9420000000000001,0.892,0.9420000000000001,0.0
0.249,0.33,0.32899999999999996,0.272,0.272,0.223,0.22399999999999998,0.29,0.449,0.33,0.45399999999999996,0.308,0.308,0.355,0.397,0.298,0.256,0.23,0.268,0.23399999999999999,0.282,0.25,0.266,0.301,0.308,0.13699999999999998,0.0
0.7509999999999999,0.67,0.6709999999999999,0.728,0.728,0.777,0.7759999999999999,0.71,0.551,0.67,0.546,0.6920000000000001,0.6920000000000001,0.645,0.603,0.7020000000000001,0.7440000000000001,0.77,0.732,0.7659999999999999,0.718,0.75,0.7340000000000001,0.6990000000000001,0.6920000000000001,0.863,0.0
0.19399999999999998,0.292,0.385,0.406,0.264,0.23199999999999998,0.213,0.34299999999999997,0.31,0.302,0.385,0.278,0.265,0.325,0.27399999999999997,0.278,0.255,0.266,0.442,0.247,0.332,0.237,0.278,0.43799999999999994,0.276,0.196,0.0
0.8059999999999999,0.708,0.615,0.594,0.736,0.768,0.787,0.657,0.69,0.698,0.615,0.722,0.735,0.675,0.726,0.722,0.745,0.7340000000000001,0.5579999999999999,0.753,0.6679999999999999,0.763,0.722,0.562,0.7240000000000001,0.804,0.0
0.395,0.326,0.32299999999999995,0.26899999999999996,0.43,0.395,0.318,0.557,0.187,0.359,0.19899999999999998,0.302,0.23199999999999998,0.08199999999999999,0.17300000000000001,0.265,0.375,0.376,0.20199999999999999,0.44,0.602,0.489,0.11900000000000001,0.11599999999999999,0.4,0.311,0.0
0.605,0.674,0.677,0.731,0.57,0.605,0.682,0.44299999999999995,0.813,0.6409999999999999,0.8009999999999999,0.698,0.768,0.9179999999999999,0.8270000000000001,0.735,0.625,0.624,0.7979999999999999,0.56,0.39799999999999996,0.511,0.8809999999999999,0.884,0.6,0.6890000000000001,0.0
0.371,0.299,0.299,0.23199999999999998,0.4,0.355,0.312,0.504,0.221,0.331,0.128,0.262,0.228,0.13,0.12300000000000001,0.27,0.389,0.373,0.14800000000000002,0.381,0.55,0.47,0.09699999999999999,0.10099999999999999,0.374,0.292,0.0
0.629,0.701,0.701,0.768,0.6,0.645,0.688,0.496,0.779,0.669,0.872,0.738,0.772,0.87,0.877,0.73,0.611,0.627,0.852,0.619,0.45,0.53,0.903,0.899,0.626,0.708,0.0
0.344,0.284,0.284,0.205,0.364,0.307,0.31,0.455,0.20199999999999999,0.261,0.19399999999999998,0.33399999999999996,0.21899999999999997,0.128,0.183,0.253,0.33799999999999997,0.35,0.15,0.34700000000000003,0.48,0.415,0.084,0.1,0.353,0.245,0.0
0.6559999999999999,0.716,0.716,0.795,0.636,0.693,0.69,0.545,0.7979999999999999,0.7390000000000001,0.8059999999999999,0.6659999999999999,0.7809999999999999,0.872,0.8170000000000001,0.747,0.662,0.65,0.85,0.653,0.52,0.585,0.9159999999999999,0.9,0.647,0.755,0.0
0.42100000000000004,0.506,0.515,0.58,0.431,0.42700000000000005,0.47700000000000004,0.32799999999999996,0.5660000000000001,0.519,0.636,0.5760000000000001,0.5579999999999999,0.8490000000000001,0.66,0.546,0.406,0.45799999999999996,0.6629999999999999,0.377,0.275,0.263,0.8320000000000001,0.9129999999999999,0.43200000000000005,0.366,0.0
0.19399999999999998,0.184,0.168,0.1,0.192,0.17800000000000002,0.18899999999999997,0.153,0.20600000000000002,0.226,0.215,0.17600000000000002,0.17300000000000001,0.098,0.2,0.212,0.207,0.16899999999999998,0.109,0.217,0.188,0.13,0.043,0.032,0.204,0.147,0.0
0.385,0.31,0.317,0.32,0.377,0.395,0.335,0.519,0.22699999999999998,0.255,0.149,0.248,0.26899999999999996,0.053,0.14,0.242,0.387,0.373,0.228,0.406,0.537,0.607,0.125,0.055,0.364,0.48700000000000004,0.0
0.24100000000000002,0.337,0.35600000000000004,0.516,0.258,0.341,0.319,0.212,0.297,0.245,0.28300000000000003,0.364,0.37799999999999995,0.7090000000000001,0.381,0.289,0.19399999999999998,0.253,0.608,0.257,0.16899999999999998,0.165,0.763,0.9209999999999999,0.233,0.25,0.0
0.141,0.145,0.115,0.085,0.127,0.152,0.122,0.08800000000000001,0.19399999999999998,0.154,0.11800000000000001,0.155,0.17600000000000002,0.11,0.171,0.16699999999999998,0.125,0.128,0.062,0.135,0.128,0.10800000000000001,0.06,0.02,0.15,0.114,0.0
0.618,0.518,0.529,0.39899999999999997,0.616,0.508,0.5589999999999999,0.7,0.51,0.601,0.599,0.48100000000000004,0.446,0.18100000000000002,0.447,0.5429999999999999,0.6809999999999999,0.619,0.33,0.608,0.703,0.727,0.177,0.059000000000000004,0.617,0.636,0.0
0.45299999999999996,0.53,0.552,0.7140000000000001,0.441,0.484,0.49200000000000005,0.39299999999999996,0.6990000000000001,0.513,0.36200000000000004,0.457,0.6629999999999999,0.795,0.604,0.5760000000000001,0.466,0.41,0.7859999999999999,0.419,0.361,0.40399999999999997,0.8320000000000001,0.7559999999999999,0.442,0.629,0.0
0.20800000000000002,0.192,0.175,0.14800000000000002,0.18600000000000003,0.218,0.22699999999999998,0.20600000000000002,0.14800000000000002,0.223,0.14800000000000002,0.22,0.155,0.115,0.142,0.213,0.222,0.23600000000000002,0.122,0.226,0.192,0.204,0.114,0.162,0.209,0.131,0.0
0.33899999999999997,0.278,0.272,0.138,0.374,0.299,0.28,0.401,0.152,0.265,0.49,0.32299999999999995,0.18100000000000002,0.09,0.254,0.21100000000000002,0.312,0.354,0.092,0.355,0.447,0.39299999999999996,0.054000000000000006,0.08199999999999999,0.349,0.24,0.0
0.336,0.457,0.503,0.607,0.36,0.41600000000000004,0.43799999999999994,0.299,0.478,0.36700000000000005,0.5329999999999999,0.473,0.512,0.818,0.585,0.45,0.272,0.354,0.721,0.353,0.256,0.20600000000000002,0.845,0.9179999999999999,0.335,0.42200000000000004,0.0
0.273,0.243,0.198,0.159,0.24600000000000002,0.22399999999999998,0.233,0.203,0.322,0.314,0.249,0.282,0.244,0.134,0.273,0.313,0.271,0.265,0.125,0.251,0.213,0.21,0.10099999999999999,0.052000000000000005,0.276,0.177,0.0
0.391,0.301,0.3,0.23399999999999999,0.39399999999999996,0.36,0.32899999999999996,0.498,0.2,0.319,0.218,0.245,0.244,0.048,0.142,0.23600000000000002,0.456,0.38,0.154,0.396,0.531,0.584,0.055,0.03,0.389,0.401,0.0
0.5589999999999999,0.5720000000000001,0.597,0.743,0.5760000000000001,0.7040000000000001,0.613,0.585,0.366,0.452,0.513,0.506,0.537,0.381,0.45399999999999996,0.485,0.527,0.594,0.708,0.665,0.647,0.7340000000000001,-999.0,-999.0,-999.0,-999.0,0.0
0.441,0.428,0.40299999999999997,0.257,0.424,0.29600000000000004,0.387,0.415,0.634,0.5479999999999999,0.48700000000000004,0.494,0.46299999999999997,0.619,0.546,0.515,0.473,0.406,0.292,0.335,0.353,0.266,-999.0,-999.0,-999.0,-999.0,0.0
0.5,0.447,0.409,0.6559999999999999,0.358,0.611,0.633,0.322,0.456,0.292,0.319,0.335,0.519,0.384,0.37,0.39299999999999996,0.401,0.5329999999999999,0.5820000000000001,0.529,0.40299999999999997,0.574,-999.0,-999.0,-999.0,-999.0,0.0
0.5,0.5529999999999999,0.591,0.344,0.642,0.389,0.36700000000000005,0.6779999999999999,0.544,0.708,0.6809999999999999,0.665,0.48100000000000004,0.616,0.63,0.607,0.599,0.467,0.418,0.47100000000000003,0.597,0.426,-999.0,-999.0,-999.0,-999.0,0.0
0.322,0.35,0.377,0.313,0.308,0.28300000000000003,0.4,0.518,0.365,0.253,0.42100000000000004,0.24,0.35200000000000004,0.273,0.31,0.34,0.39799999999999996,0.35600000000000004,0.253,0.299,0.48700000000000004,0.364,-999.0,-999.0,-999.0,-999.0,0.0
0.285,0.262,0.261,0.276,0.317,0.28,0.278,0.27399999999999997,0.21899999999999997,0.31,0.134,0.282,0.20800000000000002,0.316,0.185,0.249,0.25,0.284,0.247,0.28600000000000003,0.281,0.331,-999.0,-999.0,-999.0,-999.0,0.0
0.19899999999999998,0.19399999999999998,0.177,0.20199999999999999,0.191,0.218,0.166,0.124,0.213,0.22899999999999998,0.188,0.193,0.217,0.187,0.233,0.185,0.183,0.20600000000000002,0.23399999999999999,0.215,0.12,0.18600000000000003,-999.0,-999.0,-999.0,-999.0,0.0
0.19399999999999998,0.19399999999999998,0.185,0.21,0.184,0.21899999999999997,0.156,0.084,0.203,0.20800000000000002,0.258,0.28600000000000003,0.223,0.22399999999999998,0.273,0.226,0.16899999999999998,0.154,0.265,0.201,0.11199999999999999,0.12,-999.0,-999.0,-999.0,-999.0,0.0
0.7559999999999999,0.672,0.7020000000000001,0.8640000000000001,0.804,0.7659999999999999,0.7959999999999999,0.81,0.405,0.638,0.5429999999999999,0.67,0.49200000000000005,0.47,0.444,0.562,0.816,0.802,0.857,0.87,0.897,0.922,0.534,0.509,0.7440000000000001,0.7659999999999999,0.0
0.244,0.32799999999999996,0.298,0.136,0.196,0.23399999999999999,0.204,0.19,0.595,0.36200000000000004,0.457,0.33,0.508,0.53,0.556,0.43799999999999994,0.184,0.198,0.14300000000000002,0.13,0.10300000000000001,0.078,0.466,0.491,0.256,0.23399999999999999,0.0
2.98,3.24,3.26,3.34,3.0,3.08,3.17,2.71,3.44,3.21,3.53,3.43,3.42,4.25,3.69,3.37,2.85,3.03,3.63,2.96,2.61,2.37,4.19,4.47,3.02,2.96,0.0
0.368,0.41,0.47,0.603,0.33,0.37,0.47200000000000003,0.5429999999999999,0.442,0.26,0.45,0.285,0.433,0.392,0.382,0.382,0.397,0.42,0.628,0.368,0.509,0.42700000000000005,0.784,0.447,0.345,0.612,0.0
0.632,0.59,0.53,0.397,0.67,0.63,0.528,0.457,0.5579999999999999,0.74,0.55,0.715,0.5670000000000001,0.608,0.618,0.618,0.603,0.58,0.37200000000000005,0.632,0.491,0.573,0.21600000000000003,0.5529999999999999,0.655,0.38799999999999996,0.0
0.75,0.7140000000000001,0.6809999999999999,0.6679999999999999,0.716,0.77,0.722,0.62,0.7020000000000001,0.765,0.695,0.7929999999999999,0.7040000000000001,0.79,0.736,0.6970000000000001,0.675,0.721,0.6859999999999999,0.76,0.631,0.6920000000000001,0.532,0.8,0.7290000000000001,0.608,0.0
0.171,0.17600000000000002,0.191,0.172,0.17800000000000002,0.162,0.192,0.2,0.16899999999999998,0.156,0.212,0.152,0.18,0.133,0.171,0.187,0.222,0.182,0.165,0.162,0.222,0.175,0.166,0.14,0.18100000000000002,0.20199999999999999,0.0
0.079,0.11,0.128,0.16,0.106,0.069,0.087,0.18100000000000002,0.129,0.079,0.092,0.055,0.11599999999999999,0.077,0.092,0.11599999999999999,0.10300000000000001,0.09699999999999999,0.149,0.078,0.147,0.133,0.302,0.061,0.09,0.19,0.0
0.601,0.578,0.537,0.5820000000000001,0.546,0.594,0.581,0.514,0.589,0.584,0.59,0.597,0.649,0.6809999999999999,0.606,0.59,0.5489999999999999,0.613,0.5670000000000001,0.589,0.48700000000000004,0.52,-999.0,-999.0,-999.0,-999.0,0.0
0.23199999999999998,0.23199999999999998,0.221,0.267,0.22399999999999998,0.225,0.235,0.23399999999999999,0.28800000000000003,0.264,0.21,0.21,0.198,0.196,0.228,0.25,0.24,0.221,0.263,0.21100000000000002,0.24,0.231,-999.0,-999.0,-999.0,-999.0,0.0
0.16699999999999998,0.19,0.242,0.151,0.23,0.18100000000000002,0.184,0.253,0.12300000000000001,0.152,0.201,0.193,0.152,0.12300000000000001,0.166,0.16,0.21100000000000002,0.166,0.17,0.19899999999999998,0.273,0.248,-999.0,-999.0,-999.0,-999.0,0.0
0.444,0.499,0.494,0.447,0.465,0.466,0.46,0.389,0.562,0.491,0.5479999999999999,0.5670000000000001,0.5379999999999999,0.737,0.601,0.521,0.40299999999999997,0.433,0.455,0.457,0.368,0.316,0.613,0.722,0.46399999999999997,0.45299999999999996,0.0
0.20600000000000002,0.201,0.175,0.16899999999999998,0.18899999999999997,0.21600000000000003,0.20199999999999999,0.175,0.203,0.207,0.23,0.155,0.195,0.14300000000000002,0.2,0.23,0.231,0.17800000000000002,0.155,0.21100000000000002,0.179,0.172,0.115,0.084,0.205,0.158,0.0
0.35,0.3,0.331,0.384,0.34600000000000003,0.318,0.33799999999999997,0.43700000000000006,0.235,0.302,0.222,0.278,0.267,0.12,0.198,0.25,0.366,0.389,0.39,0.332,0.45299999999999996,0.512,0.272,0.19399999999999998,0.331,0.389,0.0
0.21100000000000002,0.239,0.28,0.249,0.23800000000000002,0.21899999999999997,0.259,0.309,0.151,0.21600000000000003,0.311,0.2,0.212,0.205,0.198,0.195,0.256,0.258,0.174,0.223,0.294,0.34600000000000003,-999.0,-999.0,-999.0,-999.0,0.0
0.789,0.7609999999999999,0.72,0.7509999999999999,0.762,0.7809999999999999,0.741,0.691,0.8490000000000001,0.784,0.6890000000000001,0.8,0.7879999999999999,0.795,0.802,0.805,0.7440000000000001,0.742,0.826,0.777,0.706,0.654,-999.0,-999.0,-999.0,-999.0,0.0
0.055,0.049,0.051,0.008,0.073,0.047,0.055999999999999994,0.064,0.045,0.03,0.024,0.027999999999999997,0.040999999999999995,0.047,0.03,0.036000000000000004,0.055999999999999994,0.047,0.01,0.053,0.071,0.091,-999.0,-999.0,-999.0,-999.0,0.0
0.945,0.951,0.9490000000000001,0.992,0.927,0.953,0.9440000000000001,0.9359999999999999,0.955,0.97,0.976,0.972,0.9590000000000001,0.953,0.97,0.9640000000000001,0.9440000000000001,0.953,0.99,0.9470000000000001,0.929,0.909,-999.0,-999.0,-999.0,-999.0,0.0
0.16899999999999998,0.2,0.19699999999999998,0.078,0.23,0.14300000000000002,0.183,0.228,0.228,0.157,0.166,0.201,0.16399999999999998,0.20199999999999999,0.19399999999999998,0.191,0.228,0.179,0.105,0.17600000000000002,0.198,0.17800000000000002,-999.0,-999.0,-999.0,-999.0,0.0
0.831,0.8,0.8029999999999999,0.922,0.77,0.857,0.8170000000000001,0.772,0.772,0.843,0.8340000000000001,0.799,0.836,0.7979999999999999,0.8059999999999999,0.809,0.772,0.821,0.895,0.8240000000000001,0.802,0.8220000000000001,-999.0,-999.0,-999.0,-999.0,0.0
0.139,0.17800000000000002,0.20199999999999999,0.067,0.193,0.125,0.16899999999999998,0.17800000000000002,0.174,0.168,0.182,0.20800000000000002,0.16899999999999998,0.21899999999999997,0.215,0.185,0.19,0.146,0.071,0.139,0.16899999999999998,0.152,-999.0,-999.0,-999.0,-999.0,0.0
0.861,0.8220000000000001,0.7979999999999999,0.9329999999999999,0.807,0.875,0.831,0.8220000000000001,0.826,0.8320000000000001,0.818,0.792,0.831,0.7809999999999999,0.785,0.815,0.81,0.8540000000000001,0.929,0.861,0.831,0.848,-999.0,-999.0,-999.0,-999.0,0.0
0.389,0.341,0.361,0.361,0.386,0.366,0.40299999999999997,0.515,0.24,0.27399999999999997,0.265,0.312,0.299,0.162,0.23600000000000002,0.253,0.38799999999999996,0.41100000000000003,0.287,0.39399999999999996,0.505,0.5589999999999999,-999.0,-999.0,-999.0,-999.0,0.0
0.611,0.659,0.639,0.639,0.614,0.634,0.597,0.485,0.76,0.726,0.735,0.688,0.701,0.838,0.764,0.747,0.612,0.589,0.713,0.606,0.495,0.441,-999.0,-999.0,-999.0,-999.0,0.0
0.802,0.843,0.847,0.856,0.84,0.868,0.797,0.759,0.8420000000000001,0.787,0.853,0.8809999999999999,0.8490000000000001,0.88,0.8809999999999999,0.857,0.795,0.785,0.873,0.8740000000000001,0.746,0.727,0.904,0.9059999999999999,0.815,0.836,0.0
0.13,0.11599999999999999,0.111,0.115,0.10300000000000001,0.1,0.138,0.165,0.13,0.149,0.10800000000000001,0.083,0.113,0.09699999999999999,0.092,0.109,0.139,0.145,0.115,0.09300000000000001,0.16899999999999998,0.161,0.075,0.08,0.129,0.102,0.0
0.068,0.04,0.042,0.028999999999999998,0.057,0.032,0.065,0.076,0.027000000000000003,0.064,0.039,0.036000000000000004,0.039,0.022000000000000002,0.027000000000000003,0.035,0.066,0.07,0.011000000000000001,0.033,0.085,0.11199999999999999,0.021,0.013999999999999999,0.055999999999999994,0.062,0.0
0.794,0.8490000000000001,0.877,0.9109999999999999,0.82,0.875,0.7979999999999999,0.775,0.797,0.846,0.905,0.924,0.853,0.9179999999999999,0.9,0.8490000000000001,0.759,0.8009999999999999,0.932,0.861,0.772,0.727,0.927,0.91,0.8220000000000001,0.809,0.0
0.133,0.10800000000000001,0.084,0.069,0.115,0.09300000000000001,0.131,0.163,0.155,0.094,0.075,0.049,0.099,0.063,0.08199999999999999,0.11199999999999999,0.159,0.11699999999999999,0.054000000000000006,0.102,0.149,0.157,0.055999999999999994,0.068,0.12,0.131,0.0
0.07400000000000001,0.042,0.039,0.02,0.065,0.032,0.07,0.062,0.048,0.059000000000000004,0.02,0.027000000000000003,0.049,0.018000000000000002,0.019,0.039,0.08199999999999999,0.08199999999999999,0.013000000000000001,0.037000000000000005,0.079,0.11599999999999999,0.018000000000000002,0.022000000000000002,0.057999999999999996,0.061,0.0
0.583,0.563,0.55,0.787,0.5529999999999999,0.56,0.613,0.622,0.40700000000000003,0.537,0.522,0.544,0.503,0.442,0.43799999999999994,0.49200000000000005,0.5670000000000001,0.644,0.779,0.598,0.622,0.688,0.611,0.457,0.562,0.7040000000000001,0.0
0.41700000000000004,0.43700000000000006,0.45,0.213,0.447,0.44,0.387,0.37799999999999995,0.593,0.46299999999999997,0.478,0.456,0.49700000000000005,0.5579999999999999,0.562,0.508,0.433,0.35600000000000004,0.221,0.402,0.37799999999999995,0.312,0.389,0.5429999999999999,0.43799999999999994,0.29600000000000004,0.0
0.331,0.304,0.278,0.226,0.348,0.32,0.294,0.361,0.264,0.327,0.268,0.278,0.259,0.14400000000000002,0.23800000000000002,0.282,0.381,0.322,0.204,0.331,0.41100000000000003,0.38799999999999996,0.179,0.091,0.336,0.33799999999999997,0.0
0.669,0.696,0.722,0.774,0.652,0.68,0.706,0.639,0.736,0.6729999999999999,0.732,0.722,0.741,0.856,0.762,0.718,0.619,0.6779999999999999,0.7959999999999999,0.669,0.589,0.612,0.821,0.909,0.664,0.662,0.0
0.255,0.254,0.262,0.31,0.245,0.218,0.263,0.28600000000000003,0.3,0.21899999999999997,0.248,0.26899999999999996,0.264,0.27,0.24600000000000002,0.276,0.262,0.247,0.3,0.22399999999999998,0.262,0.294,0.341,0.251,0.244,0.39,0.0
0.745,0.746,0.738,0.69,0.755,0.782,0.737,0.7140000000000001,0.7,0.7809999999999999,0.752,0.731,0.736,0.73,0.754,0.7240000000000001,0.738,0.753,0.7,0.7759999999999999,0.738,0.706,0.659,0.7490000000000001,0.7559999999999999,0.61,0.0
0.379,0.391,0.373,0.36200000000000004,0.41,0.348,0.365,0.506,0.327,0.40700000000000003,0.37799999999999995,0.337,0.33899999999999997,0.225,0.311,0.344,0.48,0.41700000000000004,0.313,0.385,0.47600000000000003,0.503,0.26,0.11699999999999999,0.409,0.39399999999999996,0.0
0.621,0.609,0.627,0.638,0.59,0.652,0.635,0.494,0.6729999999999999,0.593,0.622,0.6629999999999999,0.6609999999999999,0.775,0.6890000000000001,0.6559999999999999,0.52,0.583,0.687,0.615,0.524,0.49700000000000005,0.74,0.883,0.591,0.606,0.0
0.153,0.157,0.161,0.257,0.16699999999999998,0.16399999999999998,0.154,0.22399999999999998,0.067,0.10800000000000001,0.111,0.125,0.126,0.083,0.091,0.10099999999999999,0.155,0.16399999999999998,0.276,0.16,0.254,0.22399999999999998,0.16399999999999998,0.084,0.158,0.235,0.0
0.847,0.843,0.8390000000000001,0.743,0.833,0.836,0.846,0.7759999999999999,0.9329999999999999,0.892,0.889,0.875,0.8740000000000001,0.917,0.909,0.899,0.845,0.836,0.7240000000000001,0.84,0.746,0.7759999999999999,0.836,0.9159999999999999,0.8420000000000001,0.765,0.0
0.278,0.264,0.318,0.397,0.304,0.344,0.289,0.292,0.20600000000000002,0.28,0.147,0.22,0.239,0.285,0.207,0.24600000000000002,0.24600000000000002,0.259,0.37,0.326,0.33399999999999996,0.322,0.33899999999999997,0.281,0.27899999999999997,0.217,0.0
0.14800000000000002,0.23199999999999998,0.19399999999999998,0.14,0.217,0.18899999999999997,0.196,0.18600000000000003,0.28300000000000003,0.23,0.128,0.191,0.22699999999999998,0.233,0.207,0.23399999999999999,0.205,0.161,0.166,0.191,0.20600000000000002,0.16699999999999998,0.13699999999999998,0.222,0.21100000000000002,0.11,0.0
0.489,0.449,0.364,0.353,0.44299999999999995,0.40700000000000003,0.44,0.47100000000000003,0.441,0.433,0.395,0.46299999999999997,0.41600000000000004,0.44,0.415,0.45399999999999996,0.49,0.45799999999999996,0.355,0.435,0.415,0.36,0.37,0.455,0.442,0.19,0.0
0.052000000000000005,0.027000000000000003,0.08900000000000001,0.083,0.027000000000000003,0.036000000000000004,0.054000000000000006,0.032,0.040999999999999995,0.032,0.133,0.083,0.085,0.027000000000000003,0.08,0.038,0.043,0.08,0.08,0.028999999999999998,0.033,0.131,0.105,0.027000000000000003,0.039,0.39799999999999996,0.0
0.03,0.024,0.031,0.019,0.006999999999999999,0.024,0.017,0.019,0.028999999999999998,0.021,0.185,0.043,0.022000000000000002,0.013000000000000001,0.084,0.021,0.016,0.038,0.02,0.015,0.011000000000000001,0.017,0.040999999999999995,0.015,0.026000000000000002,0.07,0.0
0.003,0.004,0.005,0.006999999999999999,0.002,0.0,0.005,0.001,0.0,0.004,0.012,0.0,0.011000000000000001,0.001,0.008,0.006,0.0,0.003,0.009000000000000001,0.004,0.001,0.003,0.006999999999999999,0.0,0.004,0.015,0.0
0.655,0.5760000000000001,0.52,0.316,0.7040000000000001,0.66,0.578,0.6990000000000001,0.365,0.634,0.637,0.539,0.424,0.28800000000000003,0.431,0.498,0.7170000000000001,0.621,0.223,0.7340000000000001,0.755,0.736,0.086,0.09300000000000001,0.703,0.34299999999999997,0.0
0.071,0.067,0.057,0.027999999999999997,0.046,0.043,0.081,0.085,0.086,0.10099999999999999,0.08900000000000001,0.11699999999999999,0.064,0.071,0.076,0.063,0.079,0.111,0.033,0.04,0.073,0.057,0.024,0.044000000000000004,0.075,0.024,0.0
0.14800000000000002,0.154,0.154,0.102,0.147,0.08199999999999999,0.10800000000000001,0.11199999999999999,0.298,0.218,0.179,0.185,0.22699999999999998,0.233,0.264,0.25,0.16399999999999998,0.09699999999999999,0.091,0.076,0.095,0.078,0.102,0.122,0.161,0.171,0.0
0.127,0.203,0.26899999999999996,0.5529999999999999,0.10300000000000001,0.215,0.233,0.10400000000000001,0.251,0.047,0.095,0.159,0.285,0.408,0.22899999999999998,0.18899999999999997,0.039,0.171,0.652,0.15,0.077,0.128,0.7879999999999999,0.741,0.061,0.46299999999999997,0.0
0.5920000000000001,0.65,0.675,0.687,0.698,0.591,0.648,0.516,0.649,0.684,0.67,0.48,0.6,0.596,0.627,0.669,0.764,0.544,0.665,0.677,0.541,0.653,0.71,0.391,0.636,0.6809999999999999,0.0
0.10300000000000001,0.10400000000000001,0.092,0.10400000000000001,0.073,0.14400000000000002,0.08,0.139,0.11599999999999999,0.10300000000000001,0.07,0.11800000000000001,0.113,0.128,0.098,0.09699999999999999,0.053,0.077,0.115,0.099,0.133,0.10300000000000001,0.08,0.34700000000000003,0.09699999999999999,0.18600000000000003,0.0
0.122,0.092,0.091,0.096,0.081,0.134,0.109,0.13,0.068,0.067,0.125,0.083,0.11199999999999999,0.08800000000000001,0.115,0.078,0.066,0.11900000000000001,0.099,0.092,0.126,0.128,0.12,0.10300000000000001,0.102,0.069,0.0
0.146,0.121,0.10099999999999999,0.10400000000000001,0.113,0.109,0.13,0.159,0.102,0.10099999999999999,0.092,0.245,0.146,0.13,0.115,0.125,0.091,0.20199999999999999,0.111,0.10800000000000001,0.151,0.087,0.07400000000000001,0.065,0.128,0.057999999999999996,0.0
0.037000000000000005,0.033,0.04,0.008,0.035,0.022000000000000002,0.034,0.057,0.064,0.045,0.044000000000000004,0.07400000000000001,0.028999999999999998,0.057,0.046,0.03,0.026000000000000002,0.057,0.01,0.024,0.049,0.028999999999999998,0.017,0.094,0.037000000000000005,0.006,0.0
0.809,0.762,0.82,0.782,0.807,0.799,0.78,0.655,0.856,0.8340000000000001,0.872,0.731,0.813,0.765,0.8109999999999999,0.836,0.833,0.747,0.774,0.8170000000000001,0.68,0.851,0.76,0.6990000000000001,0.804,0.835,0.0
0.191,0.23800000000000002,0.18,0.218,0.193,0.201,0.22,0.345,0.14400000000000002,0.166,0.128,0.26899999999999996,0.187,0.235,0.18899999999999997,0.16399999999999998,0.16699999999999998,0.253,0.226,0.183,0.32,0.149,0.24,0.301,0.196,0.165,0.0
0.7090000000000001,0.635,0.645,0.539,0.74,0.71,0.6829999999999999,0.6990000000000001,0.597,0.73,0.451,0.57,0.5710000000000001,0.424,0.46299999999999997,0.639,0.8140000000000001,0.698,0.46299999999999997,0.765,0.7559999999999999,0.818,0.39899999999999997,0.33299999999999996,0.718,0.703,0.0
0.29100000000000004,0.365,0.355,0.461,0.26,0.29,0.317,0.301,0.40299999999999997,0.27,0.5489999999999999,0.43,0.429,0.5760000000000001,0.537,0.361,0.18600000000000003,0.302,0.537,0.235,0.244,0.182,0.601,0.667,0.282,0.297,0.0
0.6509999999999999,0.6559999999999999,0.706,0.8190000000000001,0.6759999999999999,0.654,0.643,0.496,0.779,0.723,0.601,0.563,0.74,0.8,0.664,0.7290000000000001,0.669,0.607,0.8320000000000001,0.64,0.541,0.6579999999999999,0.826,0.7709999999999999,0.634,0.762,0.0
0.349,0.344,0.294,0.18100000000000002,0.324,0.34600000000000003,0.35700000000000004,0.504,0.221,0.27699999999999997,0.39899999999999997,0.43700000000000006,0.26,0.2,0.336,0.271,0.331,0.39299999999999996,0.168,0.36,0.45899999999999996,0.342,0.174,0.22899999999999998,0.366,0.23800000000000002,0.0
50.37,57.65,50.76,55.58,53.45,52.96,51.66,55.09,53.79,53.37,52.18,56.38,53.03,58.95,55.18,52.58,52.21,51.79,57.0,52.13,54.22,47.9,56.91,59.49,52.82,41.52,0.0
0.32,0.3,0.35,0.159,0.292,0.255,0.297,0.299,0.505,0.40700000000000003,0.436,0.391,0.386,0.495,0.501,0.36200000000000004,0.35200000000000004,0.287,0.168,0.23399999999999999,0.24,0.196,0.305,0.478,0.317,0.217,0.0
0.313,0.302,0.304,0.209,0.32,0.309,0.315,0.321,0.31,0.29100000000000004,0.289,0.28800000000000003,0.315,0.282,0.309,0.35100000000000003,0.32,0.29,0.221,0.33899999999999997,0.305,0.23600000000000002,0.289,0.272,0.315,0.2,0.0
0.249,0.27899999999999997,0.235,0.341,0.273,0.311,0.273,0.253,0.15,0.203,0.218,0.231,0.21100000000000002,0.172,0.154,0.225,0.237,0.281,0.325,0.297,0.303,0.35200000000000004,0.271,0.195,0.258,0.264,0.0
0.11800000000000001,0.11800000000000001,0.111,0.29100000000000004,0.115,0.125,0.115,0.127,0.035,0.098,0.057,0.08900000000000001,0.08800000000000001,0.051,0.036000000000000004,0.062,0.09,0.141,0.28600000000000003,0.13,0.153,0.21600000000000003,0.135,0.055999999999999994,0.11,0.319,0.0
0.046,0.040999999999999995,0.043,0.08,0.036000000000000004,0.06,0.054000000000000006,0.040999999999999995,0.018000000000000002,0.036000000000000004,0.046,0.024,0.042,0.02,0.037000000000000005,0.033,0.040999999999999995,0.040999999999999995,0.08199999999999999,0.051,0.051,0.06,-999.0,-999.0,-999.0,-999.0,0.0
0.9540000000000001,0.9590000000000001,0.9570000000000001,0.92,0.9640000000000001,0.94,0.946,0.9590000000000001,0.982,0.9640000000000001,0.9540000000000001,0.976,0.958,0.98,0.963,0.9670000000000001,0.9590000000000001,0.9590000000000001,0.9179999999999999,0.9490000000000001,0.9490000000000001,0.94,-999.0,-999.0,-999.0,-999.0,0.0
0.856,0.845,0.8590000000000001,0.799,0.7959999999999999,0.835,0.868,0.866,0.773,0.917,0.975,0.917,0.87,0.8440000000000001,0.9009999999999999,0.8170000000000001,0.8690000000000001,0.91,0.7659999999999999,0.8190000000000001,0.8190000000000001,0.905,-999.0,-999.0,-999.0,-999.0,0.0
0.14400000000000002,0.155,0.141,0.201,0.204,0.165,0.132,0.134,0.22699999999999998,0.083,0.025,0.083,0.13,0.156,0.099,0.183,0.131,0.09,0.23399999999999999,0.18100000000000002,0.18100000000000002,0.095,-999.0,-999.0,-999.0,-999.0,0.0
0.588,0.598,0.625,0.687,0.5489999999999999,0.52,0.618,0.5,0.746,0.66,0.726,0.541,0.69,0.763,0.7140000000000001,0.627,0.624,0.603,0.625,0.518,0.473,0.633,-999.0,-999.0,-999.0,-999.0,0.0
0.41200000000000003,0.402,0.375,0.313,0.451,0.48,0.382,0.5,0.254,0.34,0.27399999999999997,0.45899999999999996,0.31,0.237,0.28600000000000003,0.373,0.376,0.397,0.375,0.48200000000000004,0.527,0.36700000000000005,-999.0,-999.0,-999.0,-999.0,0.0
0.898,0.8809999999999999,0.8959999999999999,0.912,0.865,0.8420000000000001,0.9590000000000001,0.8490000000000001,0.9590000000000001,0.7859999999999999,0.97,0.887,0.938,0.9570000000000001,0.943,0.893,0.946,0.875,0.871,0.857,0.8370000000000001,0.9229999999999999,-999.0,-999.0,-999.0,-999.0,0.0
0.102,0.11900000000000001,0.10400000000000001,0.08800000000000001,0.135,0.158,0.040999999999999995,0.151,0.040999999999999995,0.214,0.03,0.113,0.062,0.043,0.057,0.107,0.054000000000000006,0.125,0.129,0.14300000000000002,0.163,0.077,-999.0,-999.0,-999.0,-999.0,0.0
0.835,0.823,0.8490000000000001,0.8909999999999999,0.816,0.902,0.848,0.7509999999999999,0.909,0.769,0.965,0.633,0.855,0.907,0.888,0.852,0.878,0.715,0.89,0.858,0.736,0.853,-999.0,-999.0,-999.0,-999.0,0.0
0.165,0.177,0.151,0.109,0.184,0.098,0.152,0.249,0.091,0.231,0.035,0.36700000000000005,0.145,0.09300000000000001,0.11199999999999999,0.14800000000000002,0.122,0.285,0.11,0.142,0.264,0.147,-999.0,-999.0,-999.0,-999.0,0.0
0.848,0.8240000000000001,0.8540000000000001,0.9179999999999999,0.7829999999999999,0.883,0.8420000000000001,0.857,0.608,0.961,0.9790000000000001,0.9159999999999999,0.795,0.607,0.807,0.748,0.879,0.9179999999999999,0.903,0.893,0.856,0.9309999999999999,-999.0,-999.0,-999.0,-999.0,0.0
0.152,0.17600000000000002,0.146,0.08199999999999999,0.217,0.11699999999999999,0.158,0.14300000000000002,0.392,0.039,0.021,0.084,0.205,0.39299999999999996,0.193,0.252,0.121,0.08199999999999999,0.09699999999999999,0.107,0.14400000000000002,0.069,-999.0,-999.0,-999.0,-999.0,0.0
0.97,0.953,0.953,0.995,0.9470000000000001,0.977,0.9670000000000001,0.972,0.861,0.9890000000000001,0.991,0.993,0.927,0.885,0.929,0.9420000000000001,0.953,0.9790000000000001,1.0,0.975,0.982,0.987,-999.0,-999.0,-999.0,-999.0,0.0
0.03,0.047,0.047,0.005,0.053,0.023,0.033,0.027999999999999997,0.139,0.011000000000000001,0.009000000000000001,0.006999999999999999,0.073,0.115,0.071,0.057999999999999996,0.047,0.021,0.0,0.025,0.018000000000000002,0.013000000000000001,-999.0,-999.0,-999.0,-999.0,0.0
0.823,0.805,0.8270000000000001,0.899,0.794,0.884,0.826,0.8059999999999999,0.696,0.826,0.862,0.8270000000000001,0.78,0.7090000000000001,0.8029999999999999,0.758,0.8059999999999999,0.8340000000000001,0.853,0.86,0.8290000000000001,0.884,-999.0,-999.0,-999.0,-999.0,0.0
0.177,0.195,0.17300000000000001,0.10099999999999999,0.20600000000000002,0.11599999999999999,0.174,0.19399999999999998,0.304,0.174,0.138,0.17300000000000001,0.22,0.29100000000000004,0.19699999999999998,0.242,0.19399999999999998,0.166,0.147,0.14,0.171,0.11599999999999999,-999.0,-999.0,-999.0,-999.0,0.0
0.852,0.868,0.88,0.956,0.902,0.903,0.8590000000000001,0.8,0.8640000000000001,0.8079999999999999,0.792,0.7120000000000001,0.8809999999999999,0.871,0.84,0.873,0.8640000000000001,0.804,0.935,0.907,0.833,0.87,0.899,0.9059999999999999,0.858,0.878,0.0
0.14800000000000002,0.132,0.12,0.044000000000000004,0.098,0.09699999999999999,0.141,0.2,0.136,0.192,0.20800000000000002,0.28800000000000003,0.11900000000000001,0.129,0.16,0.127,0.136,0.196,0.065,0.09300000000000001,0.16699999999999998,0.13,0.10099999999999999,0.094,0.142,0.122,0.0
0.875,0.892,0.9109999999999999,0.966,0.929,0.9129999999999999,0.8859999999999999,0.825,0.883,0.845,0.828,0.768,0.907,0.899,0.88,0.902,0.9009999999999999,0.8340000000000001,0.9540000000000001,0.922,0.855,0.888,0.917,0.9229999999999999,0.885,0.903,0.0
0.125,0.10800000000000001,0.08900000000000001,0.034,0.071,0.087,0.114,0.175,0.11699999999999999,0.155,0.172,0.23199999999999998,0.09300000000000001,0.10099999999999999,0.12,0.098,0.099,0.166,0.046,0.078,0.145,0.11199999999999999,0.083,0.077,0.115,0.09699999999999999,0.0
0.982,0.992,0.995,0.997,0.993,0.998,0.983,0.991,1.0,0.992,0.985,0.9640000000000001,0.985,0.995,0.9840000000000001,0.986,0.987,0.976,0.997,0.996,0.991,0.991,0.976,0.9990000000000001,0.991,0.9840000000000001,0.0
0.018000000000000002,0.008,0.005,0.003,0.006999999999999999,0.002,0.017,0.009000000000000001,0.0,0.008,0.015,0.036000000000000004,0.015,0.005,0.016,0.013999999999999999,0.013000000000000001,0.024,0.003,0.004,0.009000000000000001,0.009000000000000001,0.024,0.001,0.009000000000000001,0.016,0.0
0.941,0.9520000000000001,0.96,0.983,0.968,0.971,0.9520000000000001,0.9179999999999999,0.95,0.897,0.977,0.841,0.956,0.955,0.9440000000000001,0.955,0.948,0.9229999999999999,0.982,0.9670000000000001,0.937,0.946,0.946,0.983,0.9490000000000001,0.95,0.0
0.059000000000000004,0.048,0.04,0.017,0.032,0.028999999999999998,0.048,0.08199999999999999,0.05,0.10300000000000001,0.023,0.159,0.044000000000000004,0.045,0.055999999999999994,0.045,0.052000000000000005,0.077,0.018000000000000002,0.033,0.063,0.054000000000000006,0.054000000000000006,0.017,0.051,0.05,0.0
0.977,0.9790000000000001,0.985,0.996,0.996,0.9940000000000001,0.983,0.971,0.992,0.9420000000000001,0.9690000000000001,0.897,0.981,0.9840000000000001,0.971,0.981,0.98,0.951,0.991,0.992,0.985,0.987,0.973,0.987,0.98,0.983,0.0
0.023,0.021,0.015,0.004,0.004,0.006,0.017,0.028999999999999998,0.008,0.057999999999999996,0.031,0.10300000000000001,0.019,0.016,0.028999999999999998,0.019,0.02,0.049,0.009000000000000001,0.008,0.015,0.013000000000000001,0.027000000000000003,0.013000000000000001,0.02,0.017,0.0
0.961,0.96,0.9620000000000001,0.9840000000000001,0.961,0.973,0.961,0.938,0.9690000000000001,0.95,0.961,0.922,0.965,0.968,0.9620000000000001,0.9640000000000001,0.9329999999999999,0.9520000000000001,0.9790000000000001,0.971,0.945,0.9620000000000001,0.963,0.977,0.9590000000000001,0.961,0.0
0.039,0.04,0.038,0.016,0.039,0.027000000000000003,0.039,0.062,0.031,0.05,0.039,0.078,0.035,0.032,0.038,0.036000000000000004,0.067,0.048,0.021,0.028999999999999998,0.055,0.038,0.037000000000000005,0.023,0.040999999999999995,0.039,0.0
0.991,0.9940000000000001,0.997,0.9990000000000001,0.997,0.996,0.987,0.993,1.0,0.998,0.991,0.9890000000000001,0.9940000000000001,0.9940000000000001,0.992,0.997,0.987,0.987,0.9990000000000001,0.997,0.995,0.997,0.9790000000000001,0.995,0.996,0.998,0.0
0.009000000000000001,0.006,0.003,0.001,0.003,0.004,0.013000000000000001,0.006999999999999999,0.0,0.002,0.009000000000000001,0.011000000000000001,0.006,0.006,0.008,0.003,0.013000000000000001,0.013000000000000001,0.001,0.003,0.005,0.003,0.021,0.005,0.004,0.002,0.0
0.93,0.9520000000000001,0.9490000000000001,0.971,0.941,0.9520000000000001,0.9229999999999999,0.9470000000000001,0.95,0.9590000000000001,0.956,0.938,0.945,0.966,0.956,0.95,0.925,0.9179999999999999,0.9670000000000001,0.9420000000000001,0.9440000000000001,0.934,0.95,0.9540000000000001,0.943,0.9390000000000001,0.0
0.07,0.048,0.051,0.028999999999999998,0.059000000000000004,0.048,0.077,0.053,0.05,0.040999999999999995,0.044000000000000004,0.062,0.055,0.034,0.044000000000000004,0.05,0.075,0.08199999999999999,0.033,0.057999999999999996,0.055999999999999994,0.066,0.05,0.046,0.057,0.061,0.0
