REF_DATE1,REF_DATE2,DGUID1,DGUID2,DGUID3,AGE2,UOM2,SCALAR_FACTOR,SCALAR_ID,VECTOR,COORDINATE1,COORDINATE2,COORDINATE3,COORDINATE4,VALUE,STATUS,SYMBOL,TERMINATED,DECIMALS,GEO_Canada,GEO_nan,AGE1_0,AGE1_15,AGE1_18,AGE1_20,AGE1_25,AGE1_30,AGE1_35,AGE1_40,AGE1_Age unknown,AGE1_All ages,AGE1_nan,Characteristics_Number of induced abortions,Characteristics_Proportion of induced abortions across age groups,Characteristics_Rate of induced abortions per 1000 females of same age group,Characteristics_Ratio of induced abortions per 100 live births,Characteristics_nan,UOM1_Number,UOM1_Percentage,UOM1_Rates per 1000 females,UOM1_Ratio,UOM1_nan,UOM_ID_units,UOM_ID_nan,clazz
1987,-1,-1,-1,-1,15,223,0,-1,19650495,1,3,1,-1,433.0,0,0,0,0,1,0,1,0,0,0,0,0,0,0,0,0,0,1,0,0,0,0,1,0,0,0,0,1,0,0.0
1987,-1,-1,-1,-1,15,242,0,-1,19650497,1,3,3,-1,0.6,0,0,0,1,1,0,1,0,0,0,0,0,0,0,0,0,0,0,1,0,0,0,0,1,0,0,0,1,0,0.0
1987,-1,-1,-1,-1,15,266,0,-1,19650496,1,3,2,-1,2.4,0,0,0,1,1,0,1,0,0,0,0,0,0,0,0,0,0,0,0,1,0,0,0,0,1,0,0,1,0,0.0
1987,-1,-1,-1,-1,15,270,0,-1,19650498,1,3,4,-1,184.3,0,0,0,1,1,0,1,0,0,0,0,0,0,0,0,0,0,0,0,0,1,0,0,0,0,1,0,1,0,0.0
1987,-1,-1,-1,-1,17,223,0,-1,19650503,1,5,1,-1,6411.0,0,0,0,0,1,0,0,1,0,0,0,0,0,0,0,0,0,1,0,0,0,0,1,0,0,0,0,1,0,0.0
1987,-1,-1,-1,-1,17,242,0,-1,19650505,1,5,3,-1,9.2,0,0,0,1,1,0,0,1,0,0,0,0,0,0,0,0,0,0,1,0,0,0,0,1,0,0,0,1,0,0.0
1987,-1,-1,-1,-1,17,266,0,-1,19650504,1,5,2,-1,11.3,0,0,0,1,1,0,0,1,0,0,0,0,0,0,0,0,0,0,0,1,0,0,0,0,1,0,0,1,0,0.0
1987,-1,-1,-1,-1,17,270,0,-1,19650506,1,5,4,-1,94.4,0,0,0,1,1,0,0,1,0,0,0,0,0,0,0,0,0,0,0,0,1,0,0,0,0,1,0,1,0,0.0
1987,-1,-1,-1,-1,19,223,0,-1,19650499,1,4,1,-1,14998.0,0,0,0,0,1,0,0,1,0,0,0,0,0,0,0,0,0,1,0,0,0,0,1,0,0,0,0,1,0,0.0
1987,-1,-1,-1,-1,19,242,0,-1,19650501,1,4,3,-1,21.4,0,0,0,1,1,0,0,1,0,0,0,0,0,0,0,0,0,0,1,0,0,0,0,1,0,0,0,1,0,0.0
1987,-1,-1,-1,-1,19,266,0,-1,19650500,1,4,2,-1,15.7,0,0,0,1,1,0,0,1,0,0,0,0,0,0,0,0,0,0,0,1,0,0,0,0,1,0,0,1,0,0.0
1987,-1,-1,-1,-1,19,270,0,-1,19650502,1,4,4,-1,71.5,0,0,0,1,1,0,0,1,0,0,0,0,0,0,0,0,0,0,0,0,1,0,0,0,0,1,0,1,0,0.0
1987,-1,-1,-1,-1,19,223,0,-1,19650507,1,6,1,-1,8587.0,0,0,0,0,1,0,0,0,1,0,0,0,0,0,0,0,0,1,0,0,0,0,1,0,0,0,0,1,0,0.0
1987,-1,-1,-1,-1,19,242,0,-1,19650509,1,6,3,-1,12.3,0,0,0,1,1,0,0,0,1,0,0,0,0,0,0,0,0,0,1,0,0,0,0,1,0,0,0,1,0,0.0
1987,-1,-1,-1,-1,19,266,0,-1,19650508,1,6,2,-1,22.3,0,0,0,1,1,0,0,0,1,0,0,0,0,0,0,0,0,0,0,1,0,0,0,0,1,0,0,1,0,0.0
1987,-1,-1,-1,-1,19,270,0,-1,19650510,1,6,4,-1,60.5,0,0,0,1,1,0,0,0,1,0,0,0,0,0,0,0,0,0,0,0,1,0,0,0,0,1,0,1,0,0.0
1987,-1,-1,-1,-1,24,223,0,-1,19650511,1,7,1,-1,22441.0,0,0,0,0,1,0,0,0,0,1,0,0,0,0,0,0,0,1,0,0,0,0,1,0,0,0,0,1,0,0.0
1987,-1,-1,-1,-1,24,242,0,-1,19650513,1,7,3,-1,32.0,0,0,0,1,1,0,0,0,0,1,0,0,0,0,0,0,0,0,1,0,0,0,0,1,0,0,0,1,0,0.0
1987,-1,-1,-1,-1,24,266,0,-1,19650512,1,7,2,-1,19.4,0,0,0,1,1,0,0,0,0,1,0,0,0,0,0,0,0,0,0,1,0,0,0,0,1,0,0,1,0,0.0
1987,-1,-1,-1,-1,24,270,0,-1,19650514,1,7,4,-1,25.9,0,0,0,1,1,0,0,0,0,1,0,0,0,0,0,0,0,0,0,0,1,0,0,0,0,1,0,1,0,0.0
1987,-1,-1,-1,-1,29,223,0,-1,19650515,1,8,1,-1,15627.0,0,0,0,0,1,0,0,0,0,0,1,0,0,0,0,0,0,1,0,0,0,0,1,0,0,0,0,1,0,0.0
1987,-1,-1,-1,-1,29,242,0,-1,19650517,1,8,3,-1,22.3,0,0,0,1,1,0,0,0,0,0,1,0,0,0,0,0,0,0,1,0,0,0,0,1,0,0,0,1,0,0.0
1987,-1,-1,-1,-1,29,266,0,-1,19650516,1,8,2,-1,12.6,0,0,0,1,1,0,0,0,0,0,1,0,0,0,0,0,0,0,0,1,0,0,0,0,1,0,0,1,0,0.0
1987,-1,-1,-1,-1,29,270,0,-1,19650518,1,8,4,-1,10.9,0,0,0,1,1,0,0,0,0,0,1,0,0,0,0,0,0,0,0,0,1,0,0,0,0,1,0,1,0,0.0
1987,-1,-1,-1,-1,34,223,0,-1,19650519,1,9,1,-1,9783.0,0,0,0,0,1,0,0,0,0,0,0,1,0,0,0,0,0,1,0,0,0,0,1,0,0,0,0,1,0,0.0
1987,-1,-1,-1,-1,34,242,0,-1,19650521,1,9,3,-1,14.0,0,0,0,1,1,0,0,0,0,0,0,1,0,0,0,0,0,0,1,0,0,0,0,1,0,0,0,1,0,0.0
1987,-1,-1,-1,-1,34,266,0,-1,19650520,1,9,2,-1,8.3,0,0,0,1,1,0,0,0,0,0,0,1,0,0,0,0,0,0,0,1,0,0,0,0,1,0,0,1,0,0.0
1987,-1,-1,-1,-1,34,270,0,-1,19650522,1,9,4,-1,11.6,0,0,0,1,1,0,0,0,0,0,0,1,0,0,0,0,0,0,0,0,1,0,0,0,0,1,0,1,0,0.0
1987,-1,-1,-1,-1,39,223,0,-1,19650523,1,10,1,-1,5165.0,0,0,0,0,1,0,0,0,0,0,0,0,1,0,0,0,0,1,0,0,0,0,1,0,0,0,0,1,0,0.0
1987,-1,-1,-1,-1,39,242,0,-1,19650525,1,10,3,-1,7.4,0,0,0,1,1,0,0,0,0,0,0,0,1,0,0,0,0,0,1,0,0,0,0,1,0,0,0,1,0,0.0
1987,-1,-1,-1,-1,39,266,0,-1,19650524,1,10,2,-1,5.0,0,0,0,1,1,0,0,0,0,0,0,0,1,0,0,0,0,0,0,1,0,0,0,0,1,0,0,1,0,0.0
1987,-1,-1,-1,-1,39,270,0,-1,19650526,1,10,4,-1,21.8,0,0,0,1,1,0,0,0,0,0,0,0,1,0,0,0,0,0,0,0,1,0,0,0,0,1,0,1,0,0.0
1987,-1,-1,-1,-1,999,223,0,-1,19650527,1,11,1,-1,1576.0,0,0,0,0,1,0,0,0,0,0,0,0,0,1,0,0,0,1,0,0,0,0,1,0,0,0,0,1,0,0.0
1987,-1,-1,-1,-1,999,242,0,-1,19650529,1,11,3,-1,2.3,0,0,0,1,1,0,0,0,0,0,0,0,0,1,0,0,0,0,1,0,0,0,0,1,0,0,0,1,0,0.0
1987,-1,-1,-1,-1,999,266,0,-1,19650528,1,11,2,-1,1.8,0,0,0,1,1,0,0,0,0,0,0,0,0,1,0,0,0,0,0,1,0,0,0,0,1,0,0,1,0,0.0
1987,-1,-1,-1,-1,999,270,0,-1,19650530,1,11,4,-1,53.1,0,0,0,1,1,0,0,0,0,0,0,0,0,1,0,0,0,0,0,0,1,0,0,0,0,1,0,1,0,0.0
1987,-1,-1,-1,-1,-1,223,0,-1,19650491,1,2,1,-1,0.0,0,0,0,0,1,0,0,0,0,0,0,0,0,0,1,0,0,1,0,0,0,0,1,0,0,0,0,1,0,0.0
1987,-1,-1,-1,-1,-1,223,0,-1,19650487,1,1,1,-1,70023.0,0,0,0,0,1,0,0,0,0,0,0,0,0,0,0,1,0,1,0,0,0,0,1,0,0,0,0,1,0,0.0
1987,-1,-1,-1,-1,-1,266,0,-1,19650488,1,1,2,-1,10.6,0,0,0,1,1,0,0,0,0,0,0,0,0,0,0,1,0,0,0,1,0,0,0,0,1,0,0,1,0,0.0
1987,-1,-1,-1,-1,-1,270,0,-1,19650490,1,1,4,-1,19.0,0,0,0,1,1,0,0,0,0,0,0,0,0,0,0,1,0,0,0,0,1,0,0,0,0,1,0,1,0,0.0
1988,-1,-1,-1,-1,15,223,0,-1,19650495,1,3,1,-1,424.0,0,0,0,0,1,0,1,0,0,0,0,0,0,0,0,0,0,1,0,0,0,0,1,0,0,0,0,1,0,0.0
1988,-1,-1,-1,-1,15,242,0,-1,19650497,1,3,3,-1,0.6,0,0,0,1,1,0,1,0,0,0,0,0,0,0,0,0,0,0,1,0,0,0,0,1,0,0,0,1,0,0.0
1988,-1,-1,-1,-1,15,266,0,-1,19650496,1,3,2,-1,2.4,0,0,0,1,1,0,1,0,0,0,0,0,0,0,0,0,0,0,0,1,0,0,0,0,1,0,0,1,0,0.0
1988,-1,-1,-1,-1,15,270,0,-1,19650498,1,3,4,-1,189.3,0,0,0,1,1,0,1,0,0,0,0,0,0,0,0,0,0,0,0,0,1,0,0,0,0,1,0,1,0,0.0
1988,-1,-1,-1,-1,17,223,0,-1,19650503,1,5,1,-1,6361.0,0,0,0,0,1,0,0,1,0,0,0,0,0,0,0,0,0,1,0,0,0,0,1,0,0,0,0,1,0,0.0
1988,-1,-1,-1,-1,17,242,0,-1,19650505,1,5,3,-1,8.8,0,0,0,1,1,0,0,1,0,0,0,0,0,0,0,0,0,0,1,0,0,0,0,1,0,0,0,1,0,0.0
1988,-1,-1,-1,-1,17,266,0,-1,19650504,1,5,2,-1,11.4,0,0,0,1,1,0,0,1,0,0,0,0,0,0,0,0,0,0,0,1,0,0,0,0,1,0,0,1,0,0.0
1988,-1,-1,-1,-1,17,270,0,-1,19650506,1,5,4,-1,93.3,0,0,0,1,1,0,0,1,0,0,0,0,0,0,0,0,0,0,0,0,1,0,0,0,0,1,0,1,0,0.0
1988,-1,-1,-1,-1,19,223,0,-1,19650499,1,4,1,-1,15277.0,0,0,0,0,1,0,0,1,0,0,0,0,0,0,0,0,0,1,0,0,0,0,1,0,0,0,0,1,0,0.0
1988,-1,-1,-1,-1,19,242,0,-1,19650501,1,4,3,-1,21.0,0,0,0,1,1,0,0,1,0,0,0,0,0,0,0,0,0,0,1,0,0,0,0,1,0,0,0,1,0,0.0
1988,-1,-1,-1,-1,19,266,0,-1,19650500,1,4,2,-1,16.1,0,0,0,1,1,0,0,1,0,0,0,0,0,0,0,0,0,0,0,1,0,0,0,0,1,0,0,1,0,0.0
1988,-1,-1,-1,-1,19,270,0,-1,19650502,1,4,4,-1,72.5,0,0,0,1,1,0,0,1,0,0,0,0,0,0,0,0,0,0,0,0,1,0,0,0,0,1,0,1,0,0.0
1988,-1,-1,-1,-1,19,223,0,-1,19650507,1,6,1,-1,8916.0,0,0,0,0,1,0,0,0,1,0,0,0,0,0,0,0,0,1,0,0,0,0,1,0,0,0,0,1,0,0.0
1988,-1,-1,-1,-1,19,242,0,-1,19650509,1,6,3,-1,12.3,0,0,0,1,1,0,0,0,1,0,0,0,0,0,0,0,0,0,1,0,0,0,0,1,0,0,0,1,0,0.0
1988,-1,-1,-1,-1,19,266,0,-1,19650508,1,6,2,-1,22.9,0,0,0,1,1,0,0,0,1,0,0,0,0,0,0,0,0,0,0,1,0,0,0,0,1,0,0,1,0,0.0
1988,-1,-1,-1,-1,19,270,0,-1,19650510,1,6,4,-1,62.5,0,0,0,1,1,0,0,0,1,0,0,0,0,0,0,0,0,0,0,0,1,0,0,0,0,1,0,1,0,0.0
1988,-1,-1,-1,-1,24,223,0,-1,19650511,1,7,1,-1,23019.0,0,0,0,0,1,0,0,0,0,1,0,0,0,0,0,0,0,1,0,0,0,0,1,0,0,0,0,1,0,0.0
1988,-1,-1,-1,-1,24,242,0,-1,19650513,1,7,3,-1,31.7,0,0,0,1,1,0,0,0,0,1,0,0,0,0,0,0,0,0,1,0,0,0,0,1,0,0,0,1,0,0.0
1988,-1,-1,-1,-1,24,266,0,-1,19650512,1,7,2,-1,20.8,0,0,0,1,1,0,0,0,0,1,0,0,0,0,0,0,0,0,0,1,0,0,0,0,1,0,0,1,0,0.0
1988,-1,-1,-1,-1,24,270,0,-1,19650514,1,7,4,-1,27.6,0,0,0,1,1,0,0,0,0,1,0,0,0,0,0,0,0,0,0,0,1,0,0,0,0,1,0,1,0,0.0
1988,-1,-1,-1,-1,29,223,0,-1,19650515,1,8,1,-1,16515.0,0,0,0,0,1,0,0,0,0,0,1,0,0,0,0,0,0,1,0,0,0,0,1,0,0,0,0,1,0,0.0
1988,-1,-1,-1,-1,29,242,0,-1,19650517,1,8,3,-1,22.7,0,0,0,1,1,0,0,0,0,0,1,0,0,0,0,0,0,0,1,0,0,0,0,1,0,0,0,1,0,0.0
1988,-1,-1,-1,-1,29,266,0,-1,19650516,1,8,2,-1,13.1,0,0,0,1,1,0,0,0,0,0,1,0,0,0,0,0,0,0,0,1,0,0,0,0,1,0,0,1,0,0.0
1988,-1,-1,-1,-1,29,270,0,-1,19650518,1,8,4,-1,11.3,0,0,0,1,1,0,0,0,0,0,1,0,0,0,0,0,0,0,0,0,1,0,0,0,0,1,0,1,0,0.0
1988,-1,-1,-1,-1,34,223,0,-1,19650519,1,9,1,-1,10361.0,0,0,0,0,1,0,0,0,0,0,0,1,0,0,0,0,0,1,0,0,0,0,1,0,0,0,0,1,0,0.0
1988,-1,-1,-1,-1,34,242,0,-1,19650521,1,9,3,-1,14.3,0,0,0,1,1,0,0,0,0,0,0,1,0,0,0,0,0,0,1,0,0,0,0,1,0,0,0,1,0,0.0
1988,-1,-1,-1,-1,34,266,0,-1,19650520,1,9,2,-1,8.6,0,0,0,1,1,0,0,0,0,0,0,1,0,0,0,0,0,0,0,1,0,0,0,0,1,0,0,1,0,0.0
1988,-1,-1,-1,-1,34,270,0,-1,19650522,1,9,4,-1,11.6,0,0,0,1,1,0,0,0,0,0,0,1,0,0,0,0,0,0,0,0,1,0,0,0,0,1,0,1,0,0.0
1988,-1,-1,-1,-1,39,223,0,-1,19650523,1,10,1,-1,5445.0,0,0,0,0,1,0,0,0,0,0,0,0,1,0,0,0,0,1,0,0,0,0,1,0,0,0,0,1,0,0.0
1988,-1,-1,-1,-1,39,242,0,-1,19650525,1,10,3,-1,7.5,0,0,0,1,1,0,0,0,0,0,0,0,1,0,0,0,0,0,1,0,0,0,0,1,0,0,0,1,0,0.0
1988,-1,-1,-1,-1,39,266,0,-1,19650524,1,10,2,-1,5.1,0,0,0,1,1,0,0,0,0,0,0,0,1,0,0,0,0,0,0,1,0,0,0,0,1,0,0,1,0,0.0
1988,-1,-1,-1,-1,39,270,0,-1,19650526,1,10,4,-1,21.1,0,0,0,1,1,0,0,0,0,0,0,0,1,0,0,0,0,0,0,0,1,0,0,0,0,1,0,1,0,0.0
1988,-1,-1,-1,-1,999,223,0,-1,19650527,1,11,1,-1,1652.0,0,0,0,0,1,0,0,0,0,0,0,0,0,1,0,0,0,1,0,0,0,0,1,0,0,0,0,1,0,0.0
1988,-1,-1,-1,-1,999,242,0,-1,19650529,1,11,3,-1,2.3,0,0,0,1,1,0,0,0,0,0,0,0,0,1,0,0,0,0,1,0,0,0,0,1,0,0,0,1,0,0.0
1988,-1,-1,-1,-1,999,266,0,-1,19650528,1,11,2,-1,1.8,0,0,0,1,1,0,0,0,0,0,0,0,0,1,0,0,0,0,0,1,0,0,0,0,1,0,0,1,0,0.0
1988,-1,-1,-1,-1,999,270,0,-1,19650530,1,11,4,-1,48.7,0,0,0,1,1,0,0,0,0,0,0,0,0,1,0,0,0,0,0,0,1,0,0,0,0,1,0,1,0,0.0
1988,-1,-1,-1,-1,-1,223,0,-1,19650491,1,2,1,-1,0.0,0,0,0,0,1,0,0,0,0,0,0,0,0,0,1,0,0,1,0,0,0,0,1,0,0,0,0,1,0,0.0
1988,-1,-1,-1,-1,-1,223,0,-1,19650487,1,1,1,-1,72693.0,0,0,0,0,1,0,0,0,0,0,0,0,0,0,0,1,0,1,0,0,0,0,1,0,0,0,0,1,0,0.0
1988,-1,-1,-1,-1,-1,266,0,-1,19650488,1,1,2,-1,10.9,0,0,0,1,1,0,0,0,0,0,0,0,0,0,0,1,0,0,0,1,0,0,0,0,1,0,0,1,0,0.0
1988,-1,-1,-1,-1,-1,270,0,-1,19650490,1,1,4,-1,19.3,0,0,0,1,1,0,0,0,0,0,0,0,0,0,0,1,0,0,0,0,1,0,0,0,0,1,0,1,0,0.0
1989,-1,-1,-1,-1,15,223,0,-1,19650495,1,3,1,-1,452.0,0,0,0,0,1,0,1,0,0,0,0,0,0,0,0,0,0,1,0,0,0,0,1,0,0,0,0,1,0,0.0
1989,-1,-1,-1,-1,15,242,0,-1,19650497,1,3,3,-1,0.6,0,0,0,1,1,0,1,0,0,0,0,0,0,0,0,0,0,0,1,0,0,0,0,1,0,0,0,1,0,0.0
1989,-1,-1,-1,-1,15,266,0,-1,19650496,1,3,2,-1,2.5,0,0,0,1,1,0,1,0,0,0,0,0,0,0,0,0,0,0,0,1,0,0,0,0,1,0,0,1,0,0.0
1989,-1,-1,-1,-1,15,270,0,-1,19650498,1,3,4,-1,211.2,0,0,0,1,1,0,1,0,0,0,0,0,0,0,0,0,0,0,0,0,1,0,0,0,0,1,0,1,0,0.0
1989,-1,-1,-1,-1,17,223,0,-1,19650503,1,5,1,-1,6446.0,0,0,0,0,1,0,0,1,0,0,0,0,0,0,0,0,0,1,0,0,0,0,1,0,0,0,0,1,0,0.0
1989,-1,-1,-1,-1,17,242,0,-1,19650505,1,5,3,-1,8.1,0,0,0,1,1,0,0,1,0,0,0,0,0,0,0,0,0,0,1,0,0,0,0,1,0,0,0,1,0,0.0
1989,-1,-1,-1,-1,17,266,0,-1,19650504,1,5,2,-1,11.8,0,0,0,1,1,0,0,1,0,0,0,0,0,0,0,0,0,0,0,1,0,0,0,0,1,0,0,1,0,0.0
1989,-1,-1,-1,-1,17,270,0,-1,19650506,1,5,4,-1,91.6,0,0,0,1,1,0,0,1,0,0,0,0,0,0,0,0,0,0,0,0,1,0,0,0,0,1,0,1,0,0.0
1989,-1,-1,-1,-1,19,223,0,-1,19650499,1,4,1,-1,16201.0,0,0,0,0,1,0,0,1,0,0,0,0,0,0,0,0,0,1,0,0,0,0,1,0,0,0,0,1,0,0.0
1989,-1,-1,-1,-1,19,242,0,-1,19650501,1,4,3,-1,20.4,0,0,0,1,1,0,0,1,0,0,0,0,0,0,0,0,0,0,1,0,0,0,0,1,0,0,0,1,0,0.0
1989,-1,-1,-1,-1,19,266,0,-1,19650500,1,4,2,-1,17.1,0,0,0,1,1,0,0,1,0,0,0,0,0,0,0,0,0,0,0,1,0,0,0,0,1,0,0,1,0,0.0
1989,-1,-1,-1,-1,19,270,0,-1,19650502,1,4,4,-1,72.0,0,0,0,1,1,0,0,1,0,0,0,0,0,0,0,0,0,0,0,0,1,0,0,0,0,1,0,1,0,0.0
1989,-1,-1,-1,-1,19,223,0,-1,19650507,1,6,1,-1,9755.0,0,0,0,0,1,0,0,0,1,0,0,0,0,0,0,0,0,1,0,0,0,0,1,0,0,0,0,1,0,0.0
1989,-1,-1,-1,-1,19,242,0,-1,19650509,1,6,3,-1,12.3,0,0,0,1,1,0,0,0,1,0,0,0,0,0,0,0,0,0,1,0,0,0,0,1,0,0,0,1,0,0.0
1989,-1,-1,-1,-1,19,266,0,-1,19650508,1,6,2,-1,24.5,0,0,0,1,1,0,0,0,1,0,0,0,0,0,0,0,0,0,0,1,0,0,0,0,1,0,0,1,0,0.0
1989,-1,-1,-1,-1,19,270,0,-1,19650510,1,6,4,-1,63.1,0,0,0,1,1,0,0,0,1,0,0,0,0,0,0,0,0,0,0,0,1,0,0,0,0,1,0,1,0,0.0
1989,-1,-1,-1,-1,24,223,0,-1,19650511,1,7,1,-1,24199.0,0,0,0,0,1,0,0,0,0,1,0,0,0,0,0,0,0,1,0,0,0,0,1,0,0,0,0,1,0,0.0
1989,-1,-1,-1,-1,24,242,0,-1,19650513,1,7,3,-1,30.5,0,0,0,1,1,0,0,0,0,1,0,0,0,0,0,0,0,0,1,0,0,0,0,1,0,0,0,1,0,0.0
1989,-1,-1,-1,-1,24,266,0,-1,19650512,1,7,2,-1,22.6,0,0,0,1,1,0,0,0,0,1,0,0,0,0,0,0,0,0,0,1,0,0,0,0,1,0,0,1,0,0.0
1989,-1,-1,-1,-1,24,270,0,-1,19650514,1,7,4,-1,29.1,0,0,0,1,1,0,0,0,0,1,0,0,0,0,0,0,0,0,0,0,1,0,0,0,0,1,0,1,0,0.0
1989,-1,-1,-1,-1,29,223,0,-1,19650515,1,8,1,-1,18533.0,0,0,0,0,1,0,0,0,0,0,1,0,0,0,0,0,0,1,0,0,0,0,1,0,0,0,0,1,0,0.0
1989,-1,-1,-1,-1,29,242,0,-1,19650517,1,8,3,-1,23.4,0,0,0,1,1,0,0,0,0,0,1,0,0,0,0,0,0,0,1,0,0,0,0,1,0,0,0,1,0,0.0
1989,-1,-1,-1,-1,29,266,0,-1,19650516,1,8,2,-1,14.5,0,0,0,1,1,0,0,0,0,0,1,0,0,0,0,0,0,0,0,1,0,0,0,0,1,0,0,1,0,0.0
1989,-1,-1,-1,-1,29,270,0,-1,19650518,1,8,4,-1,12.3,0,0,0,1,1,0,0,0,0,0,1,0,0,0,0,0,0,0,0,0,1,0,0,0,0,1,0,1,0,0.0
1989,-1,-1,-1,-1,34,223,0,-1,19650519,1,9,1,-1,11583.0,0,0,0,0,1,0,0,0,0,0,0,1,0,0,0,0,0,1,0,0,0,0,1,0,0,0,0,1,0,0.0
1989,-1,-1,-1,-1,34,242,0,-1,19650521,1,9,3,-1,14.6,0,0,0,1,1,0,0,0,0,0,0,1,0,0,0,0,0,0,1,0,0,0,0,1,0,0,0,1,0,0.0
1989,-1,-1,-1,-1,34,266,0,-1,19650520,1,9,2,-1,9.4,0,0,0,1,1,0,0,0,0,0,0,1,0,0,0,0,0,0,0,1,0,0,0,0,1,0,0,1,0,0.0
1989,-1,-1,-1,-1,34,270,0,-1,19650522,1,9,4,-1,12.0,0,0,0,1,1,0,0,0,0,0,0,1,0,0,0,0,0,0,0,0,1,0,0,0,0,1,0,1,0,0.0
1989,-1,-1,-1,-1,39,223,0,-1,19650523,1,10,1,-1,6444.0,0,0,0,0,1,0,0,0,0,0,0,0,1,0,0,0,0,1,0,0,0,0,1,0,0,0,0,1,0,0.0
1989,-1,-1,-1,-1,39,242,0,-1,19650525,1,10,3,-1,8.1,0,0,0,1,1,0,0,0,0,0,0,0,1,0,0,0,0,0,1,0,0,0,0,1,0,0,0,1,0,0.0
1989,-1,-1,-1,-1,39,266,0,-1,19650524,1,10,2,-1,5.8,0,0,0,1,1,0,0,0,0,0,0,0,1,0,0,0,0,0,0,1,0,0,0,0,1,0,0,1,0,0.0
1989,-1,-1,-1,-1,39,270,0,-1,19650526,1,10,4,-1,22.9,0,0,0,1,1,0,0,0,0,0,0,0,1,0,0,0,0,0,0,0,1,0,0,0,0,1,0,1,0,0.0
1989,-1,-1,-1,-1,999,223,0,-1,19650527,1,11,1,-1,1903.0,0,0,0,0,1,0,0,0,0,0,0,0,0,1,0,0,0,1,0,0,0,0,1,0,0,0,0,1,0,0.0
1989,-1,-1,-1,-1,999,242,0,-1,19650529,1,11,3,-1,2.4,0,0,0,1,1,0,0,0,0,0,0,0,0,1,0,0,0,0,1,0,0,0,0,1,0,0,0,1,0,0.0
1989,-1,-1,-1,-1,999,266,0,-1,19650528,1,11,2,-1,2.0,0,0,0,1,1,0,0,0,0,0,0,0,0,1,0,0,0,0,0,1,0,0,0,0,1,0,0,1,0,0.0
1989,-1,-1,-1,-1,999,270,0,-1,19650530,1,11,4,-1,51.9,0,0,0,1,1,0,0,0,0,0,0,0,0,1,0,0,0,0,0,0,1,0,0,0,0,1,0,1,0,0.0
1989,-1,-1,-1,-1,-1,223,0,-1,19650491,1,2,1,-1,0.0,0,0,0,0,1,0,0,0,0,0,0,0,0,0,1,0,0,1,0,0,0,0,1,0,0,0,0,1,0,0.0
1989,-1,-1,-1,-1,-1,223,0,-1,19650487,1,1,1,-1,79315.0,0,0,0,0,1,0,0,0,0,0,0,0,0,0,0,1,0,1,0,0,0,0,1,0,0,0,0,1,0,0.0
1989,-1,-1,-1,-1,-1,266,0,-1,19650488,1,1,2,-1,11.7,0,0,0,1,1,0,0,0,0,0,0,0,0,0,0,1,0,0,0,1,0,0,0,0,1,0,0,1,0,0.0
1989,-1,-1,-1,-1,-1,270,0,-1,19650490,1,1,4,-1,20.2,0,0,0,1,1,0,0,0,0,0,0,0,0,0,0,1,0,0,0,0,1,0,0,0,0,1,0,1,0,0.0
1990,-1,-1,-1,-1,15,223,0,-1,19650495,1,3,1,-1,597.0,0,0,0,0,1,0,1,0,0,0,0,0,0,0,0,0,0,1,0,0,0,0,1,0,0,0,0,1,0,0.0
1990,-1,-1,-1,-1,15,242,0,-1,19650497,1,3,3,-1,0.6,0,0,0,1,1,0,1,0,0,0,0,0,0,0,0,0,0,0,1,0,0,0,0,1,0,0,0,1,0,0.0
1990,-1,-1,-1,-1,15,266,0,-1,19650496,1,3,2,-1,3.2,0,0,0,1,1,0,1,0,0,0,0,0,0,0,0,0,0,0,0,1,0,0,0,0,1,0,0,1,0,0.0
1990,-1,-1,-1,-1,15,270,0,-1,19650498,1,3,4,-1,249.8,0,0,0,1,1,0,1,0,0,0,0,0,0,0,0,0,0,0,0,0,1,0,0,0,0,1,0,1,0,0.0
1990,-1,-1,-1,-1,17,223,0,-1,19650503,1,5,1,-1,7635.0,0,0,0,0,1,0,0,1,0,0,0,0,0,0,0,0,0,1,0,0,0,0,1,0,0,0,0,1,0,0.0
1990,-1,-1,-1,-1,17,242,0,-1,19650505,1,5,3,-1,8.2,0,0,0,1,1,0,0,1,0,0,0,0,0,0,0,0,0,0,1,0,0,0,0,1,0,0,0,1,0,0.0
1990,-1,-1,-1,-1,17,266,0,-1,19650504,1,5,2,-1,13.8,0,0,0,1,1,0,0,1,0,0,0,0,0,0,0,0,0,0,0,1,0,0,0,0,1,0,0,1,0,0.0
1990,-1,-1,-1,-1,17,270,0,-1,19650506,1,5,4,-1,102.1,0,0,0,1,1,0,0,1,0,0,0,0,0,0,0,0,0,0,0,0,1,0,0,0,0,1,0,1,0,0.0
1990,-1,-1,-1,-1,19,223,0,-1,19650499,1,4,1,-1,18274.0,0,0,0,0,1,0,0,1,0,0,0,0,0,0,0,0,0,1,0,0,0,0,1,0,0,0,0,1,0,0.0
1990,-1,-1,-1,-1,19,242,0,-1,19650501,1,4,3,-1,19.7,0,0,0,1,1,0,0,1,0,0,0,0,0,0,0,0,0,0,1,0,0,0,0,1,0,0,0,1,0,0.0
1990,-1,-1,-1,-1,19,266,0,-1,19650500,1,4,2,-1,19.4,0,0,0,1,1,0,0,1,0,0,0,0,0,0,0,0,0,0,0,1,0,0,0,0,1,0,0,1,0,0.0
1990,-1,-1,-1,-1,19,270,0,-1,19650502,1,4,4,-1,78.8,0,0,0,1,1,0,0,1,0,0,0,0,0,0,0,0,0,0,0,0,1,0,0,0,0,1,0,1,0,0.0
1990,-1,-1,-1,-1,19,223,0,-1,19650507,1,6,1,-1,10639.0,0,0,0,0,1,0,0,0,1,0,0,0,0,0,0,0,0,1,0,0,0,0,1,0,0,0,0,1,0,0.0
1990,-1,-1,-1,-1,19,242,0,-1,19650509,1,6,3,-1,11.5,0,0,0,1,1,0,0,0,1,0,0,0,0,0,0,0,0,0,1,0,0,0,0,1,0,0,0,1,0,0.0
1990,-1,-1,-1,-1,19,266,0,-1,19650508,1,6,2,-1,27.1,0,0,0,1,1,0,0,0,1,0,0,0,0,0,0,0,0,0,0,1,0,0,0,0,1,0,0,1,0,0.0
1990,-1,-1,-1,-1,19,270,0,-1,19650510,1,6,4,-1,67.7,0,0,0,1,1,0,0,0,1,0,0,0,0,0,0,0,0,0,0,0,1,0,0,0,0,1,0,1,0,0.0
1990,-1,-1,-1,-1,24,223,0,-1,19650511,1,7,1,-1,28056.0,0,0,0,0,1,0,0,0,0,1,0,0,0,0,0,0,0,1,0,0,0,0,1,0,0,0,0,1,0,0.0
1990,-1,-1,-1,-1,24,242,0,-1,19650513,1,7,3,-1,30.2,0,0,0,1,1,0,0,0,0,1,0,0,0,0,0,0,0,0,1,0,0,0,0,1,0,0,0,1,0,0.0
1990,-1,-1,-1,-1,24,266,0,-1,19650512,1,7,2,-1,26.9,0,0,0,1,1,0,0,0,0,1,0,0,0,0,0,0,0,0,0,1,0,0,0,0,1,0,0,1,0,0.0
1990,-1,-1,-1,-1,24,270,0,-1,19650514,1,7,4,-1,34.3,0,0,0,1,1,0,0,0,0,1,0,0,0,0,0,0,0,0,0,0,1,0,0,0,0,1,0,1,0,0.0
1990,-1,-1,-1,-1,29,223,0,-1,19650515,1,8,1,-1,21762.0,0,0,0,0,1,0,0,0,0,0,1,0,0,0,0,0,0,1,0,0,0,0,1,0,0,0,0,1,0,0.0
1990,-1,-1,-1,-1,29,242,0,-1,19650517,1,8,3,-1,23.4,0,0,0,1,1,0,0,0,0,0,1,0,0,0,0,0,0,0,1,0,0,0,0,1,0,0,0,1,0,0.0
1990,-1,-1,-1,-1,29,266,0,-1,19650516,1,8,2,-1,17.1,0,0,0,1,1,0,0,0,0,0,1,0,0,0,0,0,0,0,0,1,0,0,0,0,1,0,0,1,0,0.0
1990,-1,-1,-1,-1,29,270,0,-1,19650518,1,8,4,-1,14.1,0,0,0,1,1,0,0,0,0,0,1,0,0,0,0,0,0,0,0,0,1,0,0,0,0,1,0,1,0,0.0
1990,-1,-1,-1,-1,34,223,0,-1,19650519,1,9,1,-1,14252.0,0,0,0,0,1,0,0,0,0,0,0,1,0,0,0,0,0,1,0,0,0,0,1,0,0,0,0,1,0,0.0
1990,-1,-1,-1,-1,34,242,0,-1,19650521,1,9,3,-1,15.3,0,0,0,1,1,0,0,0,0,0,0,1,0,0,0,0,0,0,1,0,0,0,0,1,0,0,0,1,0,0.0
1990,-1,-1,-1,-1,34,266,0,-1,19650520,1,9,2,-1,11.3,0,0,0,1,1,0,0,0,0,0,0,1,0,0,0,0,0,0,0,1,0,0,0,0,1,0,0,1,0,0.0
1990,-1,-1,-1,-1,34,270,0,-1,19650522,1,9,4,-1,13.8,0,0,0,1,1,0,0,0,0,0,0,1,0,0,0,0,0,0,0,0,1,0,0,0,0,1,0,1,0,0.0
1990,-1,-1,-1,-1,39,223,0,-1,19650523,1,10,1,-1,7791.0,0,0,0,0,1,0,0,0,0,0,0,0,1,0,0,0,0,1,0,0,0,0,1,0,0,0,0,1,0,0.0
1990,-1,-1,-1,-1,39,242,0,-1,19650525,1,10,3,-1,8.4,0,0,0,1,1,0,0,0,0,0,0,0,1,0,0,0,0,0,1,0,0,0,0,1,0,0,0,1,0,0.0
1990,-1,-1,-1,-1,39,266,0,-1,19650524,1,10,2,-1,6.8,0,0,0,1,1,0,0,0,0,0,0,0,1,0,0,0,0,0,0,1,0,0,0,0,1,0,0,1,0,0.0
1990,-1,-1,-1,-1,39,270,0,-1,19650526,1,10,4,-1,25.1,0,0,0,1,1,0,0,0,0,0,0,0,1,0,0,0,0,0,0,0,1,0,0,0,0,1,0,1,0,0.0
1990,-1,-1,-1,-1,999,223,0,-1,19650527,1,11,1,-1,2169.0,0,0,0,0,1,0,0,0,0,0,0,0,0,1,0,0,0,1,0,0,0,0,1,0,0,0,0,1,0,0.0
1990,-1,-1,-1,-1,999,242,0,-1,19650529,1,11,3,-1,2.3,0,0,0,1,1,0,0,0,0,0,0,0,0,1,0,0,0,0,1,0,0,0,0,1,0,0,0,1,0,0.0
1990,-1,-1,-1,-1,999,266,0,-1,19650528,1,11,2,-1,2.1,0,0,0,1,1,0,0,0,0,0,0,0,0,1,0,0,0,0,0,1,0,0,0,0,1,0,0,1,0,0.0
1990,-1,-1,-1,-1,999,270,0,-1,19650530,1,11,4,-1,54.8,0,0,0,1,1,0,0,0,0,0,0,0,0,1,0,0,0,0,0,0,1,0,0,0,0,1,0,1,0,0.0
1990,-1,-1,-1,-1,-1,223,0,-1,19650491,1,2,1,-1,0.0,0,0,0,0,1,0,0,0,0,0,0,0,0,0,1,0,0,1,0,0,0,0,1,0,0,0,0,1,0,0.0
1990,-1,-1,-1,-1,-1,223,0,-1,19650487,1,1,1,-1,92901.0,0,0,0,0,1,0,0,0,0,0,0,0,0,0,0,1,0,1,0,0,0,0,1,0,0,0,0,1,0,0.0
1990,-1,-1,-1,-1,-1,266,0,-1,19650488,1,1,2,-1,13.5,0,0,0,1,1,0,0,0,0,0,0,0,0,0,0,1,0,0,0,1,0,0,0,0,1,0,0,1,0,0.0
1990,-1,-1,-1,-1,-1,270,0,-1,19650490,1,1,4,-1,23.0,0,0,0,1,1,0,0,0,0,0,0,0,0,0,0,1,0,0,0,0,1,0,0,0,0,1,0,1,0,0.0
1991,-1,-1,-1,-1,15,223,0,-1,19650495,1,3,1,-1,495.0,0,0,0,0,1,0,1,0,0,0,0,0,0,0,0,0,0,1,0,0,0,0,1,0,0,0,0,1,0,0.0
1991,-1,-1,-1,-1,15,242,0,-1,19650497,1,3,3,-1,0.5,0,0,0,1,1,0,1,0,0,0,0,0,0,0,0,0,0,0,1,0,0,0,0,1,0,0,0,1,0,0.0
1991,-1,-1,-1,-1,15,266,0,-1,19650496,1,3,2,-1,2.7,0,0,0,1,1,0,1,0,0,0,0,0,0,0,0,0,0,0,0,1,0,0,0,0,1,0,0,1,0,0.0
1991,-1,-1,-1,-1,15,270,0,-1,19650498,1,3,4,-1,186.8,0,0,0,1,1,0,1,0,0,0,0,0,0,0,0,0,0,0,0,0,1,0,0,0,0,1,0,1,0,0.0
1991,-1,-1,-1,-1,17,223,0,-1,19650503,1,5,1,-1,7722.0,0,0,0,0,1,0,0,1,0,0,0,0,0,0,0,0,0,1,0,0,0,0,1,0,0,0,0,1,0,0.0
1991,-1,-1,-1,-1,17,242,0,-1,19650505,1,5,3,-1,8.1,0,0,0,1,1,0,0,1,0,0,0,0,0,0,0,0,0,0,1,0,0,0,0,1,0,0,0,1,0,0.0
1991,-1,-1,-1,-1,17,266,0,-1,19650504,1,5,2,-1,13.9,0,0,0,1,1,0,0,1,0,0,0,0,0,0,0,0,0,0,0,1,0,0,0,0,1,0,0,1,0,0.0
1991,-1,-1,-1,-1,17,270,0,-1,19650506,1,5,4,-1,95.8,0,0,0,1,1,0,0,1,0,0,0,0,0,0,0,0,0,0,0,0,1,0,0,0,0,1,0,1,0,0.0
1991,-1,-1,-1,-1,19,223,0,-1,19650499,1,4,1,-1,18214.0,0,0,0,0,1,0,0,1,0,0,0,0,0,0,0,0,0,1,0,0,0,0,1,0,0,0,0,1,0,0.0
1991,-1,-1,-1,-1,19,242,0,-1,19650501,1,4,3,-1,19.2,0,0,0,1,1,0,0,1,0,0,0,0,0,0,0,0,0,0,1,0,0,0,0,1,0,0,0,1,0,0.0
1991,-1,-1,-1,-1,19,266,0,-1,19650500,1,4,2,-1,19.4,0,0,0,1,1,0,0,1,0,0,0,0,0,0,0,0,0,0,0,1,0,0,0,0,1,0,0,1,0,0.0
1991,-1,-1,-1,-1,19,270,0,-1,19650502,1,4,4,-1,75.3,0,0,0,1,1,0,0,1,0,0,0,0,0,0,0,0,0,0,0,0,1,0,0,0,0,1,0,1,0,0.0
1991,-1,-1,-1,-1,19,223,0,-1,19650507,1,6,1,-1,10492.0,0,0,0,0,1,0,0,0,1,0,0,0,0,0,0,0,0,1,0,0,0,0,1,0,0,0,0,1,0,0.0
1991,-1,-1,-1,-1,19,242,0,-1,19650509,1,6,3,-1,11.0,0,0,0,1,1,0,0,0,1,0,0,0,0,0,0,0,0,0,1,0,0,0,0,1,0,0,0,1,0,0.0
1991,-1,-1,-1,-1,19,266,0,-1,19650508,1,6,2,-1,27.6,0,0,0,1,1,0,0,0,1,0,0,0,0,0,0,0,0,0,0,1,0,0,0,0,1,0,0,1,0,0.0
1991,-1,-1,-1,-1,19,270,0,-1,19650510,1,6,4,-1,65.1,0,0,0,1,1,0,0,0,1,0,0,0,0,0,0,0,0,0,0,0,1,0,0,0,0,1,0,1,0,0.0
1991,-1,-1,-1,-1,24,223,0,-1,19650511,1,7,1,-1,28522.0,0,0,0,0,1,0,0,0,0,1,0,0,0,0,0,0,0,1,0,0,0,0,1,0,0,0,0,1,0,0.0
1991,-1,-1,-1,-1,24,242,0,-1,19650513,1,7,3,-1,30.0,0,0,0,1,1,0,0,0,0,1,0,0,0,0,0,0,0,0,1,0,0,0,0,1,0,0,0,1,0,0.0
1991,-1,-1,-1,-1,24,266,0,-1,19650512,1,7,2,-1,27.8,0,0,0,1,1,0,0,0,0,1,0,0,0,0,0,0,0,0,0,1,0,0,0,0,1,0,0,1,0,0.0
1991,-1,-1,-1,-1,24,270,0,-1,19650514,1,7,4,-1,35.3,0,0,0,1,1,0,0,0,0,1,0,0,0,0,0,0,0,0,0,0,1,0,0,0,0,1,0,1,0,0.0
1991,-1,-1,-1,-1,29,223,0,-1,19650515,1,8,1,-1,22019.0,0,0,0,0,1,0,0,0,0,0,1,0,0,0,0,0,0,1,0,0,0,0,1,0,0,0,0,1,0,0.0
1991,-1,-1,-1,-1,29,242,0,-1,19650517,1,8,3,-1,23.2,0,0,0,1,1,0,0,0,0,0,1,0,0,0,0,0,0,0,1,0,0,0,0,1,0,0,0,1,0,0.0
1991,-1,-1,-1,-1,29,266,0,-1,19650516,1,8,2,-1,17.8,0,0,0,1,1,0,0,0,0,0,1,0,0,0,0,0,0,0,0,1,0,0,0,0,1,0,0,1,0,0.0
1991,-1,-1,-1,-1,29,270,0,-1,19650518,1,8,4,-1,14.7,0,0,0,1,1,0,0,0,0,0,1,0,0,0,0,0,0,0,0,0,1,0,0,0,0,1,0,1,0,0.0
1991,-1,-1,-1,-1,34,223,0,-1,19650519,1,9,1,-1,15004.0,0,0,0,0,1,0,0,0,0,0,0,1,0,0,0,0,0,1,0,0,0,0,1,0,0,0,0,1,0,0.0
1991,-1,-1,-1,-1,34,242,0,-1,19650521,1,9,3,-1,15.8,0,0,0,1,1,0,0,0,0,0,0,1,0,0,0,0,0,0,1,0,0,0,0,1,0,0,0,1,0,0.0
1991,-1,-1,-1,-1,34,266,0,-1,19650520,1,9,2,-1,11.7,0,0,0,1,1,0,0,0,0,0,0,1,0,0,0,0,0,0,0,1,0,0,0,0,1,0,0,1,0,0.0
1991,-1,-1,-1,-1,34,270,0,-1,19650522,1,9,4,-1,13.9,0,0,0,1,1,0,0,0,0,0,0,1,0,0,0,0,0,0,0,0,1,0,0,0,0,1,0,1,0,0.0
1991,-1,-1,-1,-1,39,223,0,-1,19650523,1,10,1,-1,8394.0,0,0,0,0,1,0,0,0,0,0,0,0,1,0,0,0,0,1,0,0,0,0,1,0,0,0,0,1,0,0.0
1991,-1,-1,-1,-1,39,242,0,-1,19650525,1,10,3,-1,8.8,0,0,0,1,1,0,0,0,0,0,0,0,1,0,0,0,0,0,1,0,0,0,0,1,0,0,0,1,0,0.0
1991,-1,-1,-1,-1,39,266,0,-1,19650524,1,10,2,-1,7.2,0,0,0,1,1,0,0,0,0,0,0,0,1,0,0,0,0,0,0,1,0,0,0,0,1,0,0,1,0,0.0
1991,-1,-1,-1,-1,39,270,0,-1,19650526,1,10,4,-1,25.4,0,0,0,1,1,0,0,0,0,0,0,0,1,0,0,0,0,0,0,0,1,0,0,0,0,1,0,1,0,0.0
1991,-1,-1,-1,-1,999,223,0,-1,19650527,1,11,1,-1,2411.0,0,0,0,0,1,0,0,0,0,0,0,0,0,1,0,0,0,1,0,0,0,0,1,0,0,0,0,1,0,0.0
1991,-1,-1,-1,-1,999,242,0,-1,19650529,1,11,3,-1,2.5,0,0,0,1,1,0,0,0,0,0,0,0,0,1,0,0,0,0,1,0,0,0,0,1,0,0,0,1,0,0.0
1991,-1,-1,-1,-1,999,266,0,-1,19650528,1,11,2,-1,2.3,0,0,0,1,1,0,0,0,0,0,0,0,0,1,0,0,0,0,0,1,0,0,0,0,1,0,0,1,0,0.0
1991,-1,-1,-1,-1,999,270,0,-1,19650530,1,11,4,-1,56.6,0,0,0,1,1,0,0,0,0,0,0,0,0,1,0,0,0,0,0,0,1,0,0,0,0,1,0,1,0,0.0
1991,-1,-1,-1,-1,-1,223,0,-1,19650491,1,2,1,-1,0.0,0,0,0,0,1,0,0,0,0,0,0,0,0,0,1,0,0,1,0,0,0,0,1,0,0,0,0,1,0,0.0
1991,-1,-1,-1,-1,-1,223,0,-1,19650487,1,1,1,-1,95059.0,0,0,0,0,1,0,0,0,0,0,0,0,0,0,0,1,0,1,0,0,0,0,1,0,0,0,0,1,0,0.0
1991,-1,-1,-1,-1,-1,266,0,-1,19650488,1,1,2,-1,13.8,0,0,0,1,1,0,0,0,0,0,0,0,0,0,0,1,0,0,0,1,0,0,0,0,1,0,0,1,0,0.0
1991,-1,-1,-1,-1,-1,270,0,-1,19650490,1,1,4,-1,23.6,0,0,0,1,1,0,0,0,0,0,0,0,0,0,0,1,0,0,0,0,1,0,0,0,0,1,0,1,0,0.0
1992,-1,-1,-1,-1,15,223,0,-1,19650495,1,3,1,-1,580.0,0,0,0,0,1,0,1,0,0,0,0,0,0,0,0,0,0,1,0,0,0,0,1,0,0,0,0,1,0,0.0
1992,-1,-1,-1,-1,15,242,0,-1,19650497,1,3,3,-1,0.6,0,0,0,1,1,0,1,0,0,0,0,0,0,0,0,0,0,0,1,0,0,0,0,1,0,0,0,1,0,0.0
1992,-1,-1,-1,-1,15,266,0,-1,19650496,1,3,2,-1,3.2,0,0,0,1,1,0,1,0,0,0,0,0,0,0,0,0,0,0,0,1,0,0,0,0,1,0,0,1,0,0.0
1992,-1,-1,-1,-1,15,270,0,-1,19650498,1,3,4,-1,220.5,0,0,0,1,1,0,1,0,0,0,0,0,0,0,0,0,0,0,0,0,1,0,0,0,0,1,0,1,0,0.0
1992,-1,-1,-1,-1,17,223,0,-1,19650503,1,5,1,-1,8153.0,0,0,0,0,1,0,0,1,0,0,0,0,0,0,0,0,0,1,0,0,0,0,1,0,0,0,0,1,0,0.0
1992,-1,-1,-1,-1,17,242,0,-1,19650505,1,5,3,-1,8.0,0,0,0,1,1,0,0,1,0,0,0,0,0,0,0,0,0,0,1,0,0,0,0,1,0,0,0,1,0,0.0
1992,-1,-1,-1,-1,17,266,0,-1,19650504,1,5,2,-1,14.5,0,0,0,1,1,0,0,1,0,0,0,0,0,0,0,0,0,0,0,1,0,0,0,0,1,0,0,1,0,0.0
1992,-1,-1,-1,-1,17,270,0,-1,19650506,1,5,4,-1,99.4,0,0,0,1,1,0,0,1,0,0,0,0,0,0,0,0,0,0,0,0,1,0,0,0,0,1,0,1,0,0.0
1992,-1,-1,-1,-1,19,223,0,-1,19650499,1,4,1,-1,19190.0,0,0,0,0,1,0,0,1,0,0,0,0,0,0,0,0,0,1,0,0,0,0,1,0,0,0,0,1,0,0.0
1992,-1,-1,-1,-1,19,242,0,-1,19650501,1,4,3,-1,18.8,0,0,0,1,1,0,0,1,0,0,0,0,0,0,0,0,0,0,1,0,0,0,0,1,0,0,0,1,0,0.0
1992,-1,-1,-1,-1,19,266,0,-1,19650500,1,4,2,-1,20.5,0,0,0,1,1,0,0,1,0,0,0,0,0,0,0,0,0,0,0,1,0,0,0,0,1,0,0,1,0,0.0
1992,-1,-1,-1,-1,19,270,0,-1,19650502,1,4,4,-1,80.0,0,0,0,1,1,0,0,1,0,0,0,0,0,0,0,0,0,0,0,0,1,0,0,0,0,1,0,1,0,0.0
1992,-1,-1,-1,-1,19,223,0,-1,19650507,1,6,1,-1,11037.0,0,0,0,0,1,0,0,0,1,0,0,0,0,0,0,0,0,1,0,0,0,0,1,0,0,0,0,1,0,0.0
1992,-1,-1,-1,-1,19,242,0,-1,19650509,1,6,3,-1,10.8,0,0,0,1,1,0,0,0,1,0,0,0,0,0,0,0,0,0,1,0,0,0,0,1,0,0,0,1,0,0.0
1992,-1,-1,-1,-1,19,266,0,-1,19650508,1,6,2,-1,29.4,0,0,0,1,1,0,0,0,1,0,0,0,0,0,0,0,0,0,0,1,0,0,0,0,1,0,0,1,0,0.0
1992,-1,-1,-1,-1,19,270,0,-1,19650510,1,6,4,-1,69.9,0,0,0,1,1,0,0,0,1,0,0,0,0,0,0,0,0,0,0,0,1,0,0,0,0,1,0,1,0,0.0
1992,-1,-1,-1,-1,24,223,0,-1,19650511,1,7,1,-1,30659.0,0,0,0,0,1,0,0,0,0,1,0,0,0,0,0,0,0,1,0,0,0,0,1,0,0,0,0,1,0,0.0
1992,-1,-1,-1,-1,24,242,0,-1,19650513,1,7,3,-1,30.0,0,0,0,1,1,0,0,0,0,1,0,0,0,0,0,0,0,0,1,0,0,0,0,1,0,0,0,1,0,0.0
1992,-1,-1,-1,-1,24,266,0,-1,19650512,1,7,2,-1,30.1,0,0,0,1,1,0,0,0,0,1,0,0,0,0,0,0,0,0,0,1,0,0,0,0,1,0,0,1,0,0.0
1992,-1,-1,-1,-1,24,270,0,-1,19650514,1,7,4,-1,39.5,0,0,0,1,1,0,0,0,0,1,0,0,0,0,0,0,0,0,0,0,1,0,0,0,0,1,0,1,0,0.0
1992,-1,-1,-1,-1,29,223,0,-1,19650515,1,8,1,-1,23242.0,0,0,0,0,1,0,0,0,0,0,1,0,0,0,0,0,0,1,0,0,0,0,1,0,0,0,0,1,0,0.0
1992,-1,-1,-1,-1,29,242,0,-1,19650517,1,8,3,-1,22.8,0,0,0,1,1,0,0,0,0,0,1,0,0,0,0,0,0,0,1,0,0,0,0,1,0,0,0,1,0,0.0
1992,-1,-1,-1,-1,29,266,0,-1,19650516,1,8,2,-1,19.3,0,0,0,1,1,0,0,0,0,0,1,0,0,0,0,0,0,0,0,1,0,0,0,0,1,0,0,1,0,0.0
1992,-1,-1,-1,-1,29,270,0,-1,19650518,1,8,4,-1,16.0,0,0,0,1,1,0,0,0,0,0,1,0,0,0,0,0,0,0,0,0,1,0,0,0,0,1,0,1,0,0.0
1992,-1,-1,-1,-1,34,223,0,-1,19650519,1,9,1,-1,16333.0,0,0,0,0,1,0,0,0,0,0,0,1,0,0,0,0,0,1,0,0,0,0,1,0,0,0,0,1,0,0.0
1992,-1,-1,-1,-1,34,242,0,-1,19650521,1,9,3,-1,16.0,0,0,0,1,1,0,0,0,0,0,0,1,0,0,0,0,0,0,1,0,0,0,0,1,0,0,0,1,0,0.0
1992,-1,-1,-1,-1,34,266,0,-1,19650520,1,9,2,-1,12.6,0,0,0,1,1,0,0,0,0,0,0,1,0,0,0,0,0,0,0,1,0,0,0,0,1,0,0,1,0,0.0
1992,-1,-1,-1,-1,34,270,0,-1,19650522,1,9,4,-1,14.7,0,0,0,1,1,0,0,0,0,0,0,1,0,0,0,0,0,0,0,0,1,0,0,0,0,1,0,1,0,0.0
1992,-1,-1,-1,-1,39,223,0,-1,19650523,1,10,1,-1,9239.0,0,0,0,0,1,0,0,0,0,0,0,0,1,0,0,0,0,1,0,0,0,0,1,0,0,0,0,1,0,0.0
1992,-1,-1,-1,-1,39,242,0,-1,19650525,1,10,3,-1,9.1,0,0,0,1,1,0,0,0,0,0,0,0,1,0,0,0,0,0,1,0,0,0,0,1,0,0,0,1,0,0.0
1992,-1,-1,-1,-1,39,266,0,-1,19650524,1,10,2,-1,7.7,0,0,0,1,1,0,0,0,0,0,0,0,1,0,0,0,0,0,0,1,0,0,0,0,1,0,0,1,0,0.0
1992,-1,-1,-1,-1,39,270,0,-1,19650526,1,10,4,-1,26.4,0,0,0,1,1,0,0,0,0,0,0,0,1,0,0,0,0,0,0,0,1,0,0,0,0,1,0,1,0,0.0
1992,-1,-1,-1,-1,999,223,0,-1,19650527,1,11,1,-1,2842.0,0,0,0,0,1,0,0,0,0,0,0,0,0,1,0,0,0,1,0,0,0,0,1,0,0,0,0,1,0,0.0
1992,-1,-1,-1,-1,999,242,0,-1,19650529,1,11,3,-1,2.8,0,0,0,1,1,0,0,0,0,0,0,0,0,1,0,0,0,0,1,0,0,0,0,1,0,0,0,1,0,0.0
1992,-1,-1,-1,-1,999,266,0,-1,19650528,1,11,2,-1,2.7,0,0,0,1,1,0,0,0,0,0,0,0,0,1,0,0,0,0,0,1,0,0,0,0,1,0,0,1,0,0.0
1992,-1,-1,-1,-1,999,270,0,-1,19650530,1,11,4,-1,61.2,0,0,0,1,1,0,0,0,0,0,0,0,0,1,0,0,0,0,0,0,1,0,0,0,0,1,0,1,0,0.0
1992,-1,-1,-1,-1,-1,223,0,-1,19650491,1,2,1,-1,0.0,0,0,0,0,1,0,0,0,0,0,0,0,0,0,1,0,0,1,0,0,0,0,1,0,0,0,0,1,0,0.0
1992,-1,-1,-1,-1,-1,223,0,-1,19650487,1,1,1,-1,102085.0,0,0,0,0,1,0,0,0,0,0,0,0,0,0,0,1,0,1,0,0,0,0,1,0,0,0,0,1,0,0.0
1992,-1,-1,-1,-1,-1,266,0,-1,19650488,1,1,2,-1,14.8,0,0,0,1,1,0,0,0,0,0,0,0,0,0,0,1,0,0,0,1,0,0,0,0,1,0,0,1,0,0.0
1992,-1,-1,-1,-1,-1,270,0,-1,19650490,1,1,4,-1,25.6,0,0,0,1,1,0,0,0,0,0,0,0,0,0,0,1,0,0,0,0,1,0,0,0,0,1,0,1,0,0.0
1993,-1,-1,-1,-1,15,223,0,-1,19650495,1,3,1,-1,659.0,0,0,0,0,1,0,1,0,0,0,0,0,0,0,0,0,0,1,0,0,0,0,1,0,0,0,0,1,0,0.0
1993,-1,-1,-1,-1,15,242,0,-1,19650497,1,3,3,-1,0.6,0,0,0,1,1,0,1,0,0,0,0,0,0,0,0,0,0,0,1,0,0,0,0,1,0,0,0,1,0,0.0
1993,-1,-1,-1,-1,15,266,0,-1,19650496,1,3,2,-1,3.5,0,0,0,1,1,0,1,0,0,0,0,0,0,0,0,0,0,0,0,1,0,0,0,0,1,0,0,1,0,0.0
1993,-1,-1,-1,-1,15,270,0,-1,19650498,1,3,4,-1,257.4,0,0,0,1,1,0,1,0,0,0,0,0,0,0,0,0,0,0,0,0,1,0,0,0,0,1,0,1,0,0.0
1993,-1,-1,-1,-1,17,223,0,-1,19650503,1,5,1,-1,8249.0,0,0,0,0,1,0,0,1,0,0,0,0,0,0,0,0,0,1,0,0,0,0,1,0,0,0,0,1,0,0.0
1993,-1,-1,-1,-1,17,242,0,-1,19650505,1,5,3,-1,7.9,0,0,0,1,1,0,0,1,0,0,0,0,0,0,0,0,0,0,1,0,0,0,0,1,0,0,0,1,0,0.0
1993,-1,-1,-1,-1,17,266,0,-1,19650504,1,5,2,-1,14.7,0,0,0,1,1,0,0,1,0,0,0,0,0,0,0,0,0,0,0,1,0,0,0,0,1,0,0,1,0,0.0
1993,-1,-1,-1,-1,17,270,0,-1,19650506,1,5,4,-1,103.4,0,0,0,1,1,0,0,1,0,0,0,0,0,0,0,0,0,0,0,0,1,0,0,0,0,1,0,1,0,0.0
1993,-1,-1,-1,-1,19,223,0,-1,19650499,1,4,1,-1,19989.0,0,0,0,0,1,0,0,1,0,0,0,0,0,0,0,0,0,1,0,0,0,0,1,0,0,0,0,1,0,0.0
1993,-1,-1,-1,-1,19,242,0,-1,19650501,1,4,3,-1,19.1,0,0,0,1,1,0,0,1,0,0,0,0,0,0,0,0,0,0,1,0,0,0,0,1,0,0,0,1,0,0.0
1993,-1,-1,-1,-1,19,266,0,-1,19650500,1,4,2,-1,21.3,0,0,0,1,1,0,0,1,0,0,0,0,0,0,0,0,0,0,0,1,0,0,0,0,1,0,0,1,0,0.0
1993,-1,-1,-1,-1,19,270,0,-1,19650502,1,4,4,-1,85.3,0,0,0,1,1,0,0,1,0,0,0,0,0,0,0,0,0,0,0,0,1,0,0,0,0,1,0,1,0,0.0
1993,-1,-1,-1,-1,19,223,0,-1,19650507,1,6,1,-1,11740.0,0,0,0,0,1,0,0,0,1,0,0,0,0,0,0,0,0,1,0,0,0,0,1,0,0,0,0,1,0,0.0
1993,-1,-1,-1,-1,19,242,0,-1,19650509,1,6,3,-1,11.2,0,0,0,1,1,0,0,0,1,0,0,0,0,0,0,0,0,0,1,0,0,0,0,1,0,0,0,1,0,0.0
1993,-1,-1,-1,-1,19,266,0,-1,19650508,1,6,2,-1,31.0,0,0,0,1,1,0,0,0,1,0,0,0,0,0,0,0,0,0,0,1,0,0,0,0,1,0,0,1,0,0.0
1993,-1,-1,-1,-1,19,270,0,-1,19650510,1,6,4,-1,75.9,0,0,0,1,1,0,0,0,1,0,0,0,0,0,0,0,0,0,0,0,1,0,0,0,0,1,0,1,0,0.0
1993,-1,-1,-1,-1,24,223,0,-1,19650511,1,7,1,-1,31227.0,0,0,0,0,1,0,0,0,0,1,0,0,0,0,0,0,0,1,0,0,0,0,1,0,0,0,0,1,0,0.0
1993,-1,-1,-1,-1,24,242,0,-1,19650513,1,7,3,-1,29.9,0,0,0,1,1,0,0,0,0,1,0,0,0,0,0,0,0,0,1,0,0,0,0,1,0,0,0,1,0,0.0
1993,-1,-1,-1,-1,24,266,0,-1,19650512,1,7,2,-1,31.0,0,0,0,1,1,0,0,0,0,1,0,0,0,0,0,0,0,0,0,1,0,0,0,0,1,0,0,1,0,0.0
1993,-1,-1,-1,-1,24,270,0,-1,19650514,1,7,4,-1,41.6,0,0,0,1,1,0,0,0,0,1,0,0,0,0,0,0,0,0,0,0,1,0,0,0,0,1,0,1,0,0.0
1993,-1,-1,-1,-1,29,223,0,-1,19650515,1,8,1,-1,23295.0,0,0,0,0,1,0,0,0,0,0,1,0,0,0,0,0,0,1,0,0,0,0,1,0,0,0,0,1,0,0.0
1993,-1,-1,-1,-1,29,242,0,-1,19650517,1,8,3,-1,22.3,0,0,0,1,1,0,0,0,0,0,1,0,0,0,0,0,0,0,1,0,0,0,0,1,0,0,0,1,0,0.0
1993,-1,-1,-1,-1,29,266,0,-1,19650516,1,8,2,-1,20.2,0,0,0,1,1,0,0,0,0,0,1,0,0,0,0,0,0,0,0,1,0,0,0,0,1,0,0,1,0,0.0
1993,-1,-1,-1,-1,29,270,0,-1,19650518,1,8,4,-1,17.2,0,0,0,1,1,0,0,0,0,0,1,0,0,0,0,0,0,0,0,0,1,0,0,0,0,1,0,1,0,0.0
1993,-1,-1,-1,-1,34,223,0,-1,19650519,1,9,1,-1,16929.0,0,0,0,0,1,0,0,0,0,0,0,1,0,0,0,0,0,1,0,0,0,0,1,0,0,0,0,1,0,0.0
1993,-1,-1,-1,-1,34,242,0,-1,19650521,1,9,3,-1,16.2,0,0,0,1,1,0,0,0,0,0,0,1,0,0,0,0,0,0,1,0,0,0,0,1,0,0,0,1,0,0.0
1993,-1,-1,-1,-1,34,266,0,-1,19650520,1,9,2,-1,13.0,0,0,0,1,1,0,0,0,0,0,0,1,0,0,0,0,0,0,0,1,0,0,0,0,1,0,0,1,0,0.0
1993,-1,-1,-1,-1,34,270,0,-1,19650522,1,9,4,-1,15.1,0,0,0,1,1,0,0,0,0,0,0,1,0,0,0,0,0,0,0,0,1,0,0,0,0,1,0,1,0,0.0
1993,-1,-1,-1,-1,39,223,0,-1,19650523,1,10,1,-1,9411.0,0,0,0,0,1,0,0,0,0,0,0,0,1,0,0,0,0,1,0,0,0,0,1,0,0,0,0,1,0,0.0
1993,-1,-1,-1,-1,39,242,0,-1,19650525,1,10,3,-1,9.0,0,0,0,1,1,0,0,0,0,0,0,0,1,0,0,0,0,0,1,0,0,0,0,1,0,0,0,1,0,0.0
1993,-1,-1,-1,-1,39,266,0,-1,19650524,1,10,2,-1,7.6,0,0,0,1,1,0,0,0,0,0,0,0,1,0,0,0,0,0,0,1,0,0,0,0,1,0,0,1,0,0.0
1993,-1,-1,-1,-1,39,270,0,-1,19650526,1,10,4,-1,25.6,0,0,0,1,1,0,0,0,0,0,0,0,1,0,0,0,0,0,0,0,1,0,0,0,0,1,0,1,0,0.0
1993,-1,-1,-1,-1,999,223,0,-1,19650527,1,11,1,-1,2892.0,0,0,0,0,1,0,0,0,0,0,0,0,0,1,0,0,0,1,0,0,0,0,1,0,0,0,0,1,0,0.0
1993,-1,-1,-1,-1,999,242,0,-1,19650529,1,11,3,-1,2.8,0,0,0,1,1,0,0,0,0,0,0,0,0,1,0,0,0,0,1,0,0,0,0,1,0,0,0,1,0,0.0
1993,-1,-1,-1,-1,999,266,0,-1,19650528,1,11,2,-1,2.6,0,0,0,1,1,0,0,0,0,0,0,0,0,1,0,0,0,0,0,1,0,0,0,0,1,0,0,1,0,0.0
1993,-1,-1,-1,-1,999,270,0,-1,19650530,1,11,4,-1,57.8,0,0,0,1,1,0,0,0,0,0,0,0,0,1,0,0,0,0,0,0,1,0,0,0,0,1,0,1,0,0.0
1993,-1,-1,-1,-1,-1,223,0,-1,19650491,1,2,1,-1,1.0,0,0,0,0,1,0,0,0,0,0,0,0,0,0,1,0,0,1,0,0,0,0,1,0,0,0,0,1,0,0.0
1993,-1,-1,-1,-1,-1,223,0,-1,19650487,1,1,1,-1,104403.0,0,0,0,0,1,0,0,0,0,0,0,0,0,0,0,1,0,1,0,0,0,0,1,0,0,0,0,1,0,0.0
1993,-1,-1,-1,-1,-1,266,0,-1,19650488,1,1,2,-1,15.1,0,0,0,1,1,0,0,0,0,0,0,0,0,0,0,1,0,0,0,1,0,0,0,0,1,0,0,1,0,0.0
1993,-1,-1,-1,-1,-1,270,0,-1,19650490,1,1,4,-1,26.9,0,0,0,1,1,0,0,0,0,0,0,0,0,0,0,1,0,0,0,0,1,0,0,0,0,1,0,1,0,0.0
1994,-1,-1,-1,-1,15,223,0,-1,19650495,1,3,1,-1,526.0,0,0,0,0,1,0,1,0,0,0,0,0,0,0,0,0,0,1,0,0,0,0,1,0,0,0,0,1,0,0.0
1994,-1,-1,-1,-1,15,242,0,-1,19650497,1,3,3,-1,0.5,0,0,0,1,1,0,1,0,0,0,0,0,0,0,0,0,0,0,1,0,0,0,0,1,0,0,0,1,0,0.0
1994,-1,-1,-1,-1,15,266,0,-1,19650496,1,3,2,-1,2.7,0,0,0,1,1,0,1,0,0,0,0,0,0,0,0,0,0,0,0,1,0,0,0,0,1,0,0,1,0,0.0
1994,-1,-1,-1,-1,15,270,0,-1,19650498,1,3,4,-1,208.7,0,0,0,1,1,0,1,0,0,0,0,0,0,0,0,0,0,0,0,0,1,0,0,0,0,1,0,1,0,0.0
1994,-1,-1,-1,-1,17,223,0,-1,19650503,1,5,1,-1,8386.0,0,0,0,0,1,0,0,1,0,0,0,0,0,0,0,0,0,1,0,0,0,0,1,0,0,0,0,1,0,0.0
1994,-1,-1,-1,-1,17,242,0,-1,19650505,1,5,3,-1,7.9,0,0,0,1,1,0,0,1,0,0,0,0,0,0,0,0,0,0,1,0,0,0,0,1,0,0,0,1,0,0.0
1994,-1,-1,-1,-1,17,266,0,-1,19650504,1,5,2,-1,14.8,0,0,0,1,1,0,0,1,0,0,0,0,0,0,0,0,0,0,0,1,0,0,0,0,1,0,0,1,0,0.0
1994,-1,-1,-1,-1,17,270,0,-1,19650506,1,5,4,-1,106.1,0,0,0,1,1,0,0,1,0,0,0,0,0,0,0,0,0,0,0,0,1,0,0,0,0,1,0,1,0,0.0
1994,-1,-1,-1,-1,19,223,0,-1,19650499,1,4,1,-1,20757.0,0,0,0,0,1,0,0,1,0,0,0,0,0,0,0,0,0,1,0,0,0,0,1,0,0,0,0,1,0,0.0
1994,-1,-1,-1,-1,19,242,0,-1,19650501,1,4,3,-1,19.6,0,0,0,1,1,0,0,1,0,0,0,0,0,0,0,0,0,0,1,0,0,0,0,1,0,0,0,1,0,0.0
1994,-1,-1,-1,-1,19,266,0,-1,19650500,1,4,2,-1,21.8,0,0,0,1,1,0,0,1,0,0,0,0,0,0,0,0,0,0,0,1,0,0,0,0,1,0,0,1,0,0.0
1994,-1,-1,-1,-1,19,270,0,-1,19650502,1,4,4,-1,87.5,0,0,0,1,1,0,0,1,0,0,0,0,0,0,0,0,0,0,0,0,1,0,0,0,0,1,0,1,0,0.0
1994,-1,-1,-1,-1,19,223,0,-1,19650507,1,6,1,-1,12371.0,0,0,0,0,1,0,0,0,1,0,0,0,0,0,0,0,0,1,0,0,0,0,1,0,0,0,0,1,0,0.0
1994,-1,-1,-1,-1,19,242,0,-1,19650509,1,6,3,-1,11.7,0,0,0,1,1,0,0,0,1,0,0,0,0,0,0,0,0,0,1,0,0,0,0,1,0,0,0,1,0,0.0
1994,-1,-1,-1,-1,19,266,0,-1,19650508,1,6,2,-1,32.2,0,0,0,1,1,0,0,0,1,0,0,0,0,0,0,0,0,0,0,1,0,0,0,0,1,0,0,1,0,0.0
1994,-1,-1,-1,-1,19,270,0,-1,19650510,1,6,4,-1,78.2,0,0,0,1,1,0,0,0,1,0,0,0,0,0,0,0,0,0,0,0,1,0,0,0,0,1,0,1,0,0.0
1994,-1,-1,-1,-1,24,223,0,-1,19650511,1,7,1,-1,31439.0,0,0,0,0,1,0,0,0,0,1,0,0,0,0,0,0,0,1,0,0,0,0,1,0,0,0,0,1,0,0.0
1994,-1,-1,-1,-1,24,242,0,-1,19650513,1,7,3,-1,29.7,0,0,0,1,1,0,0,0,0,1,0,0,0,0,0,0,0,0,1,0,0,0,0,1,0,0,0,1,0,0.0
1994,-1,-1,-1,-1,24,266,0,-1,19650512,1,7,2,-1,31.5,0,0,0,1,1,0,0,0,0,1,0,0,0,0,0,0,0,0,0,1,0,0,0,0,1,0,0,1,0,0.0
1994,-1,-1,-1,-1,24,270,0,-1,19650514,1,7,4,-1,42.9,0,0,0,1,1,0,0,0,0,1,0,0,0,0,0,0,0,0,0,0,1,0,0,0,0,1,0,1,0,0.0
1994,-1,-1,-1,-1,29,223,0,-1,19650515,1,8,1,-1,23486.0,0,0,0,0,1,0,0,0,0,0,1,0,0,0,0,0,0,1,0,0,0,0,1,0,0,0,0,1,0,0.0
1994,-1,-1,-1,-1,29,242,0,-1,19650517,1,8,3,-1,22.2,0,0,0,1,1,0,0,0,0,0,1,0,0,0,0,0,0,0,1,0,0,0,0,1,0,0,0,1,0,0.0
1994,-1,-1,-1,-1,29,266,0,-1,19650516,1,8,2,-1,21.1,0,0,0,1,1,0,0,0,0,0,1,0,0,0,0,0,0,0,0,1,0,0,0,0,1,0,0,1,0,0.0
1994,-1,-1,-1,-1,29,270,0,-1,19650518,1,8,4,-1,18.1,0,0,0,1,1,0,0,0,0,0,1,0,0,0,0,0,0,0,0,0,1,0,0,0,0,1,0,1,0,0.0
1994,-1,-1,-1,-1,34,223,0,-1,19650519,1,9,1,-1,16581.0,0,0,0,0,1,0,0,0,0,0,0,1,0,0,0,0,0,1,0,0,0,0,1,0,0,0,0,1,0,0.0
1994,-1,-1,-1,-1,34,242,0,-1,19650521,1,9,3,-1,15.7,0,0,0,1,1,0,0,0,0,0,0,1,0,0,0,0,0,0,1,0,0,0,0,1,0,0,0,1,0,0.0
1994,-1,-1,-1,-1,34,266,0,-1,19650520,1,9,2,-1,12.7,0,0,0,1,1,0,0,0,0,0,0,1,0,0,0,0,0,0,0,1,0,0,0,0,1,0,0,1,0,0.0
1994,-1,-1,-1,-1,34,270,0,-1,19650522,1,9,4,-1,14.6,0,0,0,1,1,0,0,0,0,0,0,1,0,0,0,0,0,0,0,0,1,0,0,0,0,1,0,1,0,0.0
1994,-1,-1,-1,-1,39,223,0,-1,19650523,1,10,1,-1,10142.0,0,0,0,0,1,0,0,0,0,0,0,0,1,0,0,0,0,1,0,0,0,0,1,0,0,0,0,1,0,0.0
1994,-1,-1,-1,-1,39,242,0,-1,19650525,1,10,3,-1,9.6,0,0,0,1,1,0,0,0,0,0,0,0,1,0,0,0,0,0,1,0,0,0,0,1,0,0,0,1,0,0.0
1994,-1,-1,-1,-1,39,266,0,-1,19650524,1,10,2,-1,8.0,0,0,0,1,1,0,0,0,0,0,0,0,1,0,0,0,0,0,0,1,0,0,0,0,1,0,0,1,0,0.0
1994,-1,-1,-1,-1,39,270,0,-1,19650526,1,10,4,-1,26.4,0,0,0,1,1,0,0,0,0,0,0,0,1,0,0,0,0,0,0,0,1,0,0,0,0,1,0,1,0,0.0
1994,-1,-1,-1,-1,999,223,0,-1,19650527,1,11,1,-1,2986.0,0,0,0,0,1,0,0,0,0,0,0,0,0,1,0,0,0,1,0,0,0,0,1,0,0,0,0,1,0,0.0
1994,-1,-1,-1,-1,999,242,0,-1,19650529,1,11,3,-1,2.8,0,0,0,1,1,0,0,0,0,0,0,0,0,1,0,0,0,0,1,0,0,0,0,1,0,0,0,1,0,0.0
1994,-1,-1,-1,-1,999,266,0,-1,19650528,1,11,2,-1,2.7,0,0,0,1,1,0,0,0,0,0,0,0,0,1,0,0,0,0,0,1,0,0,0,0,1,0,0,1,0,0.0
1994,-1,-1,-1,-1,999,270,0,-1,19650530,1,11,4,-1,55.1,0,0,0,1,1,0,0,0,0,0,0,0,0,1,0,0,0,0,0,0,1,0,0,0,0,1,0,1,0,0.0
1994,-1,-1,-1,-1,-1,223,0,-1,19650491,1,2,1,-1,338.0,0,0,0,0,1,0,0,0,0,0,0,0,0,0,1,0,0,1,0,0,0,0,1,0,0,0,0,1,0,0.0
1994,-1,-1,-1,-1,-1,223,0,-1,19650487,1,1,1,-1,106255.0,0,0,0,0,1,0,0,0,0,0,0,0,0,0,0,1,0,1,0,0,0,0,1,0,0,0,0,1,0,0.0
1994,-1,-1,-1,-1,-1,266,0,-1,19650488,1,1,2,-1,15.3,0,0,0,1,1,0,0,0,0,0,0,0,0,0,0,1,0,0,0,1,0,0,0,0,1,0,0,1,0,0.0
1994,-1,-1,-1,-1,-1,270,0,-1,19650490,1,1,4,-1,27.6,0,0,0,1,1,0,0,0,0,0,0,0,0,0,0,1,0,0,0,0,1,0,0,0,0,1,0,1,0,0.0
1995,-1,-1,-1,-1,15,223,0,-1,19650495,1,3,1,-1,545.0,0,0,0,0,1,0,1,0,0,0,0,0,0,0,0,0,0,1,0,0,0,0,1,0,0,0,0,1,0,0.0
1995,-1,-1,-1,-1,15,242,0,-1,19650497,1,3,3,-1,0.5,0,0,0,1,1,0,1,0,0,0,0,0,0,0,0,0,0,0,1,0,0,0,0,1,0,0,0,1,0,0.0
1995,-1,-1,-1,-1,15,266,0,-1,19650496,1,3,2,-1,2.8,0,0,0,1,1,0,1,0,0,0,0,0,0,0,0,0,0,0,0,1,0,0,0,0,1,0,0,1,0,0.0
1995,-1,-1,-1,-1,15,270,0,-1,19650498,1,3,4,-1,226.1,0,0,0,1,1,0,1,0,0,0,0,0,0,0,0,0,0,0,0,0,1,0,0,0,0,1,0,1,0,0.0
1995,-1,-1,-1,-1,17,223,0,-1,19650503,1,5,1,-1,7887.0,0,0,0,0,1,0,0,1,0,0,0,0,0,0,0,0,0,1,0,0,0,0,1,0,0,0,0,1,0,0.0
1995,-1,-1,-1,-1,17,242,0,-1,19650505,1,5,3,-1,7.4,0,0,0,1,1,0,0,1,0,0,0,0,0,0,0,0,0,0,1,0,0,0,0,1,0,0,0,1,0,0.0
1995,-1,-1,-1,-1,17,266,0,-1,19650504,1,5,2,-1,13.7,0,0,0,1,1,0,0,1,0,0,0,0,0,0,0,0,0,0,0,1,0,0,0,0,1,0,0,1,0,0.0
1995,-1,-1,-1,-1,17,270,0,-1,19650506,1,5,4,-1,100.5,0,0,0,1,1,0,0,1,0,0,0,0,0,0,0,0,0,0,0,0,1,0,0,0,0,1,0,1,0,0.0
1995,-1,-1,-1,-1,19,223,0,-1,19650499,1,4,1,-1,20275.0,0,0,0,0,1,0,0,1,0,0,0,0,0,0,0,0,0,1,0,0,0,0,1,0,0,0,0,1,0,0.0
1995,-1,-1,-1,-1,19,242,0,-1,19650501,1,4,3,-1,19.1,0,0,0,1,1,0,0,1,0,0,0,0,0,0,0,0,0,0,1,0,0,0,0,1,0,0,0,1,0,0.0
1995,-1,-1,-1,-1,19,266,0,-1,19650500,1,4,2,-1,21.0,0,0,0,1,1,0,0,1,0,0,0,0,0,0,0,0,0,0,0,1,0,0,0,0,1,0,0,1,0,0.0
1995,-1,-1,-1,-1,19,270,0,-1,19650502,1,4,4,-1,86.6,0,0,0,1,1,0,0,1,0,0,0,0,0,0,0,0,0,0,0,0,1,0,0,0,0,1,0,1,0,0.0
1995,-1,-1,-1,-1,19,223,0,-1,19650507,1,6,1,-1,12388.0,0,0,0,0,1,0,0,0,1,0,0,0,0,0,0,0,0,1,0,0,0,0,1,0,0,0,0,1,0,0.0
1995,-1,-1,-1,-1,19,242,0,-1,19650509,1,6,3,-1,11.7,0,0,0,1,1,0,0,0,1,0,0,0,0,0,0,0,0,0,1,0,0,0,0,1,0,0,0,1,0,0.0
1995,-1,-1,-1,-1,19,266,0,-1,19650508,1,6,2,-1,32.1,0,0,0,1,1,0,0,0,1,0,0,0,0,0,0,0,0,0,0,1,0,0,0,0,1,0,0,1,0,0.0
1995,-1,-1,-1,-1,19,270,0,-1,19650510,1,6,4,-1,79.6,0,0,0,1,1,0,0,0,1,0,0,0,0,0,0,0,0,0,0,0,1,0,0,0,0,1,0,1,0,0.0
1995,-1,-1,-1,-1,24,223,0,-1,19650511,1,7,1,-1,31607.0,0,0,0,0,1,0,0,0,0,1,0,0,0,0,0,0,0,1,0,0,0,0,1,0,0,0,0,1,0,0.0
1995,-1,-1,-1,-1,24,242,0,-1,19650513,1,7,3,-1,29.8,0,0,0,1,1,0,0,0,0,1,0,0,0,0,0,0,0,0,1,0,0,0,0,1,0,0,0,1,0,0.0
1995,-1,-1,-1,-1,24,266,0,-1,19650512,1,7,2,-1,31.9,0,0,0,1,1,0,0,0,0,1,0,0,0,0,0,0,0,0,0,1,0,0,0,0,1,0,0,1,0,0.0
1995,-1,-1,-1,-1,24,270,0,-1,19650514,1,7,4,-1,44.4,0,0,0,1,1,0,0,0,0,1,0,0,0,0,0,0,0,0,0,0,1,0,0,0,0,1,0,1,0,0.0
1995,-1,-1,-1,-1,29,223,0,-1,19650515,1,8,1,-1,23010.0,0,0,0,0,1,0,0,0,0,0,1,0,0,0,0,0,0,1,0,0,0,0,1,0,0,0,0,1,0,0.0
1995,-1,-1,-1,-1,29,242,0,-1,19650517,1,8,3,-1,21.7,0,0,0,1,1,0,0,0,0,0,1,0,0,0,0,0,0,0,1,0,0,0,0,1,0,0,0,1,0,0.0
1995,-1,-1,-1,-1,29,266,0,-1,19650516,1,8,2,-1,21.2,0,0,0,1,1,0,0,0,0,0,1,0,0,0,0,0,0,0,0,1,0,0,0,0,1,0,0,1,0,0.0
1995,-1,-1,-1,-1,29,270,0,-1,19650518,1,8,4,-1,18.9,0,0,0,1,1,0,0,0,0,0,1,0,0,0,0,0,0,0,0,0,1,0,0,0,0,1,0,1,0,0.0
1995,-1,-1,-1,-1,34,223,0,-1,19650519,1,9,1,-1,17178.0,0,0,0,0,1,0,0,0,0,0,0,1,0,0,0,0,0,1,0,0,0,0,1,0,0,0,0,1,0,0.0
1995,-1,-1,-1,-1,34,242,0,-1,19650521,1,9,3,-1,16.2,0,0,0,1,1,0,0,0,0,0,0,1,0,0,0,0,0,0,1,0,0,0,0,1,0,0,0,1,0,0.0
1995,-1,-1,-1,-1,34,266,0,-1,19650520,1,9,2,-1,13.2,0,0,0,1,1,0,0,0,0,0,0,1,0,0,0,0,0,0,0,1,0,0,0,0,1,0,0,1,0,0.0
1995,-1,-1,-1,-1,34,270,0,-1,19650522,1,9,4,-1,15.0,0,0,0,1,1,0,0,0,0,0,0,1,0,0,0,0,0,0,0,0,1,0,0,0,0,1,0,1,0,0.0
1995,-1,-1,-1,-1,39,223,0,-1,19650523,1,10,1,-1,10226.0,0,0,0,0,1,0,0,0,0,0,0,0,1,0,0,0,0,1,0,0,0,0,1,0,0,0,0,1,0,0.0
1995,-1,-1,-1,-1,39,242,0,-1,19650525,1,10,3,-1,9.6,0,0,0,1,1,0,0,0,0,0,0,0,1,0,0,0,0,0,1,0,0,0,0,1,0,0,0,1,0,0.0
1995,-1,-1,-1,-1,39,266,0,-1,19650524,1,10,2,-1,8.0,0,0,0,1,1,0,0,0,0,0,0,0,1,0,0,0,0,0,0,1,0,0,0,0,1,0,0,1,0,0.0
1995,-1,-1,-1,-1,39,270,0,-1,19650526,1,10,4,-1,25.3,0,0,0,1,1,0,0,0,0,0,0,0,1,0,0,0,0,0,0,0,1,0,0,0,0,1,0,1,0,0.0
1995,-1,-1,-1,-1,999,223,0,-1,19650527,1,11,1,-1,3165.0,0,0,0,0,1,0,0,0,0,0,0,0,0,1,0,0,0,1,0,0,0,0,1,0,0,0,0,1,0,0.0
1995,-1,-1,-1,-1,999,242,0,-1,19650529,1,11,3,-1,3.0,0,0,0,1,1,0,0,0,0,0,0,0,0,1,0,0,0,0,1,0,0,0,0,1,0,0,0,1,0,0.0
1995,-1,-1,-1,-1,999,266,0,-1,19650528,1,11,2,-1,2.7,0,0,0,1,1,0,0,0,0,0,0,0,0,1,0,0,0,0,0,1,0,0,0,0,1,0,0,1,0,0.0
1995,-1,-1,-1,-1,999,270,0,-1,19650530,1,11,4,-1,54.4,0,0,0,1,1,0,0,0,0,0,0,0,0,1,0,0,0,0,0,0,1,0,0,0,0,1,0,1,0,0.0
1995,-1,-1,-1,-1,-1,223,0,-1,19650491,1,2,1,-1,2242.0,0,0,0,0,1,0,0,0,0,0,0,0,0,0,1,0,0,1,0,0,0,0,1,0,0,0,0,1,0,0.0
1995,-1,-1,-1,-1,-1,223,0,-1,19650487,1,1,1,-1,108248.0,0,0,0,0,1,0,0,0,0,0,0,0,0,0,0,1,0,1,0,0,0,0,1,0,0,0,0,1,0,0.0
1995,-1,-1,-1,-1,-1,266,0,-1,19650488,1,1,2,-1,15.5,0,0,0,1,1,0,0,0,0,0,0,0,0,0,0,1,0,0,0,1,0,0,0,0,1,0,0,1,0,0.0
1995,-1,-1,-1,-1,-1,270,0,-1,19650490,1,1,4,-1,28.6,0,0,0,1,1,0,0,0,0,0,0,0,0,0,0,1,0,0,0,0,1,0,0,0,0,1,0,1,0,0.0
1996,-1,-1,-1,-1,15,223,0,-1,19650495,1,3,1,-1,532.0,0,0,0,0,1,0,1,0,0,0,0,0,0,0,0,0,0,1,0,0,0,0,1,0,0,0,0,1,0,0.0
1996,-1,-1,-1,-1,15,242,0,-1,19650497,1,3,3,-1,0.5,0,0,0,1,1,0,1,0,0,0,0,0,0,0,0,0,0,0,1,0,0,0,0,1,0,0,0,1,0,0.0
1996,-1,-1,-1,-1,15,266,0,-1,19650496,1,3,2,-1,2.7,0,0,0,1,1,0,1,0,0,0,0,0,0,0,0,0,0,0,0,1,0,0,0,0,1,0,0,1,0,0.0
1996,-1,-1,-1,-1,15,270,0,-1,19650498,1,3,4,-1,234.4,0,0,0,1,1,0,1,0,0,0,0,0,0,0,0,0,0,0,0,0,1,0,0,0,0,1,0,1,0,0.0
1996,-1,-1,-1,-1,17,223,0,-1,19650503,1,5,1,-1,8117.0,0,0,0,0,1,0,0,1,0,0,0,0,0,0,0,0,0,1,0,0,0,0,1,0,0,0,0,1,0,0.0
1996,-1,-1,-1,-1,17,242,0,-1,19650505,1,5,3,-1,7.4,0,0,0,1,1,0,0,1,0,0,0,0,0,0,0,0,0,0,1,0,0,0,0,1,0,0,0,1,0,0.0
1996,-1,-1,-1,-1,17,266,0,-1,19650504,1,5,2,-1,13.8,0,0,0,1,1,0,0,1,0,0,0,0,0,0,0,0,0,0,0,1,0,0,0,0,1,0,0,1,0,0.0
1996,-1,-1,-1,-1,17,270,0,-1,19650506,1,5,4,-1,113.2,0,0,0,1,1,0,0,1,0,0,0,0,0,0,0,0,0,0,0,0,1,0,0,0,0,1,0,1,0,0.0
1996,-1,-1,-1,-1,19,223,0,-1,19650499,1,4,1,-1,21138.0,0,0,0,0,1,0,0,1,0,0,0,0,0,0,0,0,0,1,0,0,0,0,1,0,0,0,0,1,0,0.0
1996,-1,-1,-1,-1,19,242,0,-1,19650501,1,4,3,-1,19.4,0,0,0,1,1,0,0,1,0,0,0,0,0,0,0,0,0,0,1,0,0,0,0,1,0,0,0,1,0,0.0
1996,-1,-1,-1,-1,19,266,0,-1,19650500,1,4,2,-1,21.6,0,0,0,1,1,0,0,1,0,0,0,0,0,0,0,0,0,0,0,1,0,0,0,0,1,0,0,1,0,0.0
1996,-1,-1,-1,-1,19,270,0,-1,19650502,1,4,4,-1,97.9,0,0,0,1,1,0,0,1,0,0,0,0,0,0,0,0,0,0,0,0,1,0,0,0,0,1,0,1,0,0.0
1996,-1,-1,-1,-1,19,223,0,-1,19650507,1,6,1,-1,13021.0,0,0,0,0,1,0,0,0,1,0,0,0,0,0,0,0,0,1,0,0,0,0,1,0,0,0,0,1,0,0.0
1996,-1,-1,-1,-1,19,242,0,-1,19650509,1,6,3,-1,11.9,0,0,0,1,1,0,0,0,1,0,0,0,0,0,0,0,0,0,1,0,0,0,0,1,0,0,0,1,0,0.0
1996,-1,-1,-1,-1,19,266,0,-1,19650508,1,6,2,-1,33.5,0,0,0,1,1,0,0,0,1,0,0,0,0,0,0,0,0,0,0,1,0,0,0,0,1,0,0,1,0,0.0
1996,-1,-1,-1,-1,19,270,0,-1,19650510,1,6,4,-1,90.2,0,0,0,1,1,0,0,0,1,0,0,0,0,0,0,0,0,0,0,0,1,0,0,0,0,1,0,1,0,0.0
1996,-1,-1,-1,-1,24,223,0,-1,19650511,1,7,1,-1,32523.0,0,0,0,0,1,0,0,0,0,1,0,0,0,0,0,0,0,1,0,0,0,0,1,0,0,0,0,1,0,0.0
1996,-1,-1,-1,-1,24,242,0,-1,19650513,1,7,3,-1,29.8,0,0,0,1,1,0,0,0,0,1,0,0,0,0,0,0,0,0,1,0,0,0,0,1,0,0,0,1,0,0.0
1996,-1,-1,-1,-1,24,266,0,-1,19650512,1,7,2,-1,33.0,0,0,0,1,1,0,0,0,0,1,0,0,0,0,0,0,0,0,0,1,0,0,0,0,1,0,0,1,0,0.0
1996,-1,-1,-1,-1,24,270,0,-1,19650514,1,7,4,-1,48.2,0,0,0,1,1,0,0,0,0,1,0,0,0,0,0,0,0,0,0,0,1,0,0,0,0,1,0,1,0,0.0
1996,-1,-1,-1,-1,29,223,0,-1,19650515,1,8,1,-1,23588.0,0,0,0,0,1,0,0,0,0,0,1,0,0,0,0,0,0,1,0,0,0,0,1,0,0,0,0,1,0,0.0
1996,-1,-1,-1,-1,29,242,0,-1,19650517,1,8,3,-1,21.6,0,0,0,1,1,0,0,0,0,0,1,0,0,0,0,0,0,0,1,0,0,0,0,1,0,0,0,1,0,0.0
1996,-1,-1,-1,-1,29,266,0,-1,19650516,1,8,2,-1,22.0,0,0,0,1,1,0,0,0,0,0,1,0,0,0,0,0,0,0,0,1,0,0,0,0,1,0,0,1,0,0.0
1996,-1,-1,-1,-1,29,270,0,-1,19650518,1,8,4,-1,20.2,0,0,0,1,1,0,0,0,0,0,1,0,0,0,0,0,0,0,0,0,1,0,0,0,0,1,0,1,0,0.0
1996,-1,-1,-1,-1,34,223,0,-1,19650519,1,9,1,-1,17471.0,0,0,0,0,1,0,0,0,0,0,0,1,0,0,0,0,0,1,0,0,0,0,1,0,0,0,0,1,0,0.0
1996,-1,-1,-1,-1,34,242,0,-1,19650521,1,9,3,-1,16.0,0,0,0,1,1,0,0,0,0,0,0,1,0,0,0,0,0,0,1,0,0,0,0,1,0,0,0,1,0,0.0
1996,-1,-1,-1,-1,34,266,0,-1,19650520,1,9,2,-1,13.7,0,0,0,1,1,0,0,0,0,0,0,1,0,0,0,0,0,0,0,1,0,0,0,0,1,0,0,1,0,0.0
1996,-1,-1,-1,-1,34,270,0,-1,19650522,1,9,4,-1,15.7,0,0,0,1,1,0,0,0,0,0,0,1,0,0,0,0,0,0,0,0,1,0,0,0,0,1,0,1,0,0.0
1996,-1,-1,-1,-1,39,223,0,-1,19650523,1,10,1,-1,10583.0,0,0,0,0,1,0,0,0,0,0,0,0,1,0,0,0,0,1,0,0,0,0,1,0,0,0,0,1,0,0.0
1996,-1,-1,-1,-1,39,242,0,-1,19650525,1,10,3,-1,9.7,0,0,0,1,1,0,0,0,0,0,0,0,1,0,0,0,0,0,1,0,0,0,0,1,0,0,0,1,0,0.0
1996,-1,-1,-1,-1,39,266,0,-1,19650524,1,10,2,-1,8.1,0,0,0,1,1,0,0,0,0,0,0,0,1,0,0,0,0,0,0,1,0,0,0,0,1,0,0,1,0,0.0
1996,-1,-1,-1,-1,39,270,0,-1,19650526,1,10,4,-1,24.8,0,0,0,1,1,0,0,0,0,0,0,0,1,0,0,0,0,0,0,0,1,0,0,0,0,1,0,1,0,0.0
1996,-1,-1,-1,-1,999,223,0,-1,19650527,1,11,1,-1,3385.0,0,0,0,0,1,0,0,0,0,0,0,0,0,1,0,0,0,1,0,0,0,0,1,0,0,0,0,1,0,0.0
1996,-1,-1,-1,-1,999,242,0,-1,19650529,1,11,3,-1,3.1,0,0,0,1,1,0,0,0,0,0,0,0,0,1,0,0,0,0,1,0,0,0,0,1,0,0,0,1,0,0.0
1996,-1,-1,-1,-1,999,266,0,-1,19650528,1,11,2,-1,2.8,0,0,0,1,1,0,0,0,0,0,0,0,0,1,0,0,0,0,0,1,0,0,0,0,1,0,0,1,0,0.0
1996,-1,-1,-1,-1,999,270,0,-1,19650530,1,11,4,-1,54.0,0,0,0,1,1,0,0,0,0,0,0,0,0,1,0,0,0,0,0,0,1,0,0,0,0,1,0,1,0,0.0
1996,-1,-1,-1,-1,-1,223,0,-1,19650491,1,2,1,-1,2439.0,0,0,0,0,1,0,0,0,0,0,0,0,0,0,1,0,0,1,0,0,0,0,1,0,0,0,0,1,0,0.0
1996,-1,-1,-1,-1,-1,223,0,-1,19650487,1,1,1,-1,111659.0,0,0,0,0,1,0,0,0,0,0,0,0,0,0,0,1,0,1,0,0,0,0,1,0,0,0,0,1,0,0.0
1996,-1,-1,-1,-1,-1,266,0,-1,19650488,1,1,2,-1,15.9,0,0,0,1,1,0,0,0,0,0,0,0,0,0,0,1,0,0,0,1,0,0,0,0,1,0,0,1,0,0.0
1996,-1,-1,-1,-1,-1,270,0,-1,19650490,1,1,4,-1,30.5,0,0,0,1,1,0,0,0,0,0,0,0,0,0,0,1,0,0,0,0,1,0,0,0,0,1,0,1,0,0.0
1997,-1,-1,-1,-1,15,223,0,-1,19650495,1,3,1,-1,511.0,0,0,0,0,1,0,1,0,0,0,0,0,0,0,0,0,0,1,0,0,0,0,1,0,0,0,0,1,0,0.0
1997,-1,-1,-1,-1,15,242,0,-1,19650497,1,3,3,-1,0.5,0,0,0,1,1,0,1,0,0,0,0,0,0,0,0,0,0,0,1,0,0,0,0,1,0,0,0,1,0,0.0
1997,-1,-1,-1,-1,15,266,0,-1,19650496,1,3,2,-1,2.6,0,0,0,1,1,0,1,0,0,0,0,0,0,0,0,0,0,0,0,1,0,0,0,0,1,0,0,1,0,0.0
1997,-1,-1,-1,-1,15,270,0,-1,19650498,1,3,4,-1,234.4,0,0,0,1,1,0,1,0,0,0,0,0,0,0,0,0,0,0,0,0,1,0,0,0,0,1,0,1,0,0.0
1997,-1,-1,-1,-1,17,223,0,-1,19650503,1,5,1,-1,8175.0,0,0,0,0,1,0,0,1,0,0,0,0,0,0,0,0,0,1,0,0,0,0,1,0,0,0,0,1,0,0.0
1997,-1,-1,-1,-1,17,242,0,-1,19650505,1,5,3,-1,7.6,0,0,0,1,1,0,0,1,0,0,0,0,0,0,0,0,0,0,1,0,0,0,0,1,0,0,0,1,0,0.0
1997,-1,-1,-1,-1,17,266,0,-1,19650504,1,5,2,-1,13.7,0,0,0,1,1,0,0,1,0,0,0,0,0,0,0,0,0,0,0,1,0,0,0,0,1,0,0,1,0,0.0
1997,-1,-1,-1,-1,17,270,0,-1,19650506,1,5,4,-1,127.2,0,0,0,1,1,0,0,1,0,0,0,0,0,0,0,0,0,0,0,0,1,0,0,0,0,1,0,1,0,0.0
1997,-1,-1,-1,-1,19,223,0,-1,19650499,1,4,1,-1,20633.0,0,0,0,0,1,0,0,1,0,0,0,0,0,0,0,0,0,1,0,0,0,0,1,0,0,0,0,1,0,0.0
1997,-1,-1,-1,-1,19,242,0,-1,19650501,1,4,3,-1,19.1,0,0,0,1,1,0,0,1,0,0,0,0,0,0,0,0,0,0,1,0,0,0,0,1,0,0,0,1,0,0.0
1997,-1,-1,-1,-1,19,266,0,-1,19650500,1,4,2,-1,20.9,0,0,0,1,1,0,0,1,0,0,0,0,0,0,0,0,0,0,0,1,0,0,0,0,1,0,0,1,0,0.0
1997,-1,-1,-1,-1,19,270,0,-1,19650502,1,4,4,-1,104.7,0,0,0,1,1,0,0,1,0,0,0,0,0,0,0,0,0,0,0,0,1,0,0,0,0,1,0,1,0,0.0
1997,-1,-1,-1,-1,19,223,0,-1,19650507,1,6,1,-1,12458.0,0,0,0,0,1,0,0,0,1,0,0,0,0,0,0,0,0,1,0,0,0,0,1,0,0,0,0,1,0,0.0
1997,-1,-1,-1,-1,19,242,0,-1,19650509,1,6,3,-1,11.5,0,0,0,1,1,0,0,0,1,0,0,0,0,0,0,0,0,0,1,0,0,0,0,1,0,0,0,1,0,0.0
1997,-1,-1,-1,-1,19,266,0,-1,19650508,1,6,2,-1,31.8,0,0,0,1,1,0,0,0,1,0,0,0,0,0,0,0,0,0,0,1,0,0,0,0,1,0,0,1,0,0.0
1997,-1,-1,-1,-1,19,270,0,-1,19650510,1,6,4,-1,93.8,0,0,0,1,1,0,0,0,1,0,0,0,0,0,0,0,0,0,0,0,1,0,0,0,0,1,0,1,0,0.0
1997,-1,-1,-1,-1,24,223,0,-1,19650511,1,7,1,-1,32666.0,0,0,0,0,1,0,0,0,0,1,0,0,0,0,0,0,0,1,0,0,0,0,1,0,0,0,0,1,0,0.0
1997,-1,-1,-1,-1,24,242,0,-1,19650513,1,7,3,-1,30.2,0,0,0,1,1,0,0,0,0,1,0,0,0,0,0,0,0,0,1,0,0,0,0,1,0,0,0,1,0,0.0
1997,-1,-1,-1,-1,24,266,0,-1,19650512,1,7,2,-1,32.9,0,0,0,1,1,0,0,0,0,1,0,0,0,0,0,0,0,0,0,1,0,0,0,0,1,0,0,1,0,0.0
1997,-1,-1,-1,-1,24,270,0,-1,19650514,1,7,4,-1,51.4,0,0,0,1,1,0,0,0,0,1,0,0,0,0,0,0,0,0,0,0,1,0,0,0,0,1,0,1,0,0.0
1997,-1,-1,-1,-1,29,223,0,-1,19650515,1,8,1,-1,23271.0,0,0,0,0,1,0,0,0,0,0,1,0,0,0,0,0,0,1,0,0,0,0,1,0,0,0,0,1,0,0.0
1997,-1,-1,-1,-1,29,242,0,-1,19650517,1,8,3,-1,21.5,0,0,0,1,1,0,0,0,0,0,1,0,0,0,0,0,0,0,1,0,0,0,0,1,0,0,0,1,0,0.0
1997,-1,-1,-1,-1,29,266,0,-1,19650516,1,8,2,-1,21.9,0,0,0,1,1,0,0,0,0,0,1,0,0,0,0,0,0,0,0,1,0,0,0,0,1,0,0,1,0,0.0
1997,-1,-1,-1,-1,29,270,0,-1,19650518,1,8,4,-1,21.1,0,0,0,1,1,0,0,0,0,0,1,0,0,0,0,0,0,0,0,0,1,0,0,0,0,1,0,1,0,0.0
1997,-1,-1,-1,-1,34,223,0,-1,19650519,1,9,1,-1,16941.0,0,0,0,0,1,0,0,0,0,0,0,1,0,0,0,0,0,1,0,0,0,0,1,0,0,0,0,1,0,0.0
1997,-1,-1,-1,-1,34,242,0,-1,19650521,1,9,3,-1,15.7,0,0,0,1,1,0,0,0,0,0,0,1,0,0,0,0,0,0,1,0,0,0,0,1,0,0,0,1,0,0.0
1997,-1,-1,-1,-1,34,266,0,-1,19650520,1,9,2,-1,13.6,0,0,0,1,1,0,0,0,0,0,0,1,0,0,0,0,0,0,0,1,0,0,0,0,1,0,0,1,0,0.0
1997,-1,-1,-1,-1,34,270,0,-1,19650522,1,9,4,-1,16.1,0,0,0,1,1,0,0,0,0,0,0,1,0,0,0,0,0,0,0,0,1,0,0,0,0,1,0,1,0,0.0
1997,-1,-1,-1,-1,39,223,0,-1,19650523,1,10,1,-1,10657.0,0,0,0,0,1,0,0,0,0,0,0,0,1,0,0,0,0,1,0,0,0,0,1,0,0,0,0,1,0,0.0
1997,-1,-1,-1,-1,39,242,0,-1,19650525,1,10,3,-1,9.9,0,0,0,1,1,0,0,0,0,0,0,0,1,0,0,0,0,0,1,0,0,0,0,1,0,0,0,1,0,0.0
1997,-1,-1,-1,-1,39,266,0,-1,19650524,1,10,2,-1,8.1,0,0,0,1,1,0,0,0,0,0,0,0,1,0,0,0,0,0,0,1,0,0,0,0,1,0,0,1,0,0.0
1997,-1,-1,-1,-1,39,270,0,-1,19650526,1,10,4,-1,24.7,0,0,0,1,1,0,0,0,0,0,0,0,1,0,0,0,0,0,0,0,1,0,0,0,0,1,0,1,0,0.0
1997,-1,-1,-1,-1,999,223,0,-1,19650527,1,11,1,-1,3483.0,0,0,0,0,1,0,0,0,0,0,0,0,0,1,0,0,0,1,0,0,0,0,1,0,0,0,0,1,0,0.0
1997,-1,-1,-1,-1,999,242,0,-1,19650529,1,11,3,-1,3.2,0,0,0,1,1,0,0,0,0,0,0,0,0,1,0,0,0,0,1,0,0,0,0,1,0,0,0,1,0,0.0
1997,-1,-1,-1,-1,999,266,0,-1,19650528,1,11,2,-1,2.8,0,0,0,1,1,0,0,0,0,0,0,0,0,1,0,0,0,0,0,1,0,0,0,0,1,0,0,1,0,0.0
1997,-1,-1,-1,-1,999,270,0,-1,19650530,1,11,4,-1,52.8,0,0,0,1,1,0,0,0,0,0,0,0,0,1,0,0,0,0,0,0,1,0,0,0,0,1,0,1,0,0.0
1997,-1,-1,-1,-1,-1,223,0,-1,19650491,1,2,1,-1,3547.0,0,0,0,0,1,0,0,0,0,0,0,0,0,0,1,0,0,1,0,0,0,0,1,0,0,0,0,1,0,0.0
1997,-1,-1,-1,-1,-1,223,0,-1,19650487,1,1,1,-1,111709.0,0,0,0,0,1,0,0,0,0,0,0,0,0,0,0,1,0,1,0,0,0,0,1,0,0,0,0,1,0,0.0
1997,-1,-1,-1,-1,-1,266,0,-1,19650488,1,1,2,-1,15.9,0,0,0,1,1,0,0,0,0,0,0,0,0,0,0,1,0,0,0,1,0,0,0,0,1,0,0,1,0,0.0
1997,-1,-1,-1,-1,-1,270,0,-1,19650490,1,1,4,-1,32.0,0,0,0,1,1,0,0,0,0,0,0,0,0,0,0,1,0,0,0,0,1,0,0,0,0,1,0,1,0,0.0
1998,-1,-1,-1,-1,15,223,0,-1,19650495,1,3,1,-1,464.0,0,0,0,0,1,0,1,0,0,0,0,0,0,0,0,0,0,1,0,0,0,0,1,0,0,0,0,1,0,0.0
1998,-1,-1,-1,-1,15,242,0,-1,19650497,1,3,3,-1,0.4,0,0,0,1,1,0,1,0,0,0,0,0,0,0,0,0,0,0,1,0,0,0,0,1,0,0,0,1,0,0.0
1998,-1,-1,-1,-1,15,266,0,-1,19650496,1,3,2,-1,2.3,0,0,0,1,1,0,1,0,0,0,0,0,0,0,0,0,0,0,0,1,0,0,0,0,1,0,0,1,0,0.0
1998,-1,-1,-1,-1,15,270,0,-1,19650498,1,3,4,-1,241.7,0,0,0,1,1,0,1,0,0,0,0,0,0,0,0,0,0,0,0,0,1,0,0,0,0,1,0,1,0,0.0
1998,-1,-1,-1,-1,17,223,0,-1,19650503,1,5,1,-1,7741.0,0,0,0,0,1,0,0,1,0,0,0,0,0,0,0,0,0,1,0,0,0,0,1,0,0,0,0,1,0,0.0
1998,-1,-1,-1,-1,17,242,0,-1,19650505,1,5,3,-1,7.3,0,0,0,1,1,0,0,1,0,0,0,0,0,0,0,0,0,0,1,0,0,0,0,1,0,0,0,1,0,0.0
1998,-1,-1,-1,-1,17,266,0,-1,19650504,1,5,2,-1,13.0,0,0,0,1,1,0,0,1,0,0,0,0,0,0,0,0,0,0,0,1,0,0,0,0,1,0,0,1,0,0.0
1998,-1,-1,-1,-1,17,270,0,-1,19650506,1,5,4,-1,120.0,0,0,0,1,1,0,0,1,0,0,0,0,0,0,0,0,0,0,0,0,1,0,0,0,0,1,0,1,0,0.0
1998,-1,-1,-1,-1,19,223,0,-1,19650499,1,4,1,-1,20859.0,0,0,0,0,1,0,0,1,0,0,0,0,0,0,0,0,0,1,0,0,0,0,1,0,0,0,0,1,0,0.0
1998,-1,-1,-1,-1,19,242,0,-1,19650501,1,4,3,-1,19.6,0,0,0,1,1,0,0,1,0,0,0,0,0,0,0,0,0,0,1,0,0,0,0,1,0,0,0,1,0,0.0
1998,-1,-1,-1,-1,19,266,0,-1,19650500,1,4,2,-1,20.9,0,0,0,1,1,0,0,1,0,0,0,0,0,0,0,0,0,0,0,1,0,0,0,0,1,0,0,1,0,0.0
1998,-1,-1,-1,-1,19,270,0,-1,19650502,1,4,4,-1,105.8,0,0,0,1,1,0,0,1,0,0,0,0,0,0,0,0,0,0,0,0,1,0,0,0,0,1,0,1,0,0.0
1998,-1,-1,-1,-1,19,223,0,-1,19650507,1,6,1,-1,13118.0,0,0,0,0,1,0,0,0,1,0,0,0,0,0,0,0,0,1,0,0,0,0,1,0,0,0,0,1,0,0.0
1998,-1,-1,-1,-1,19,242,0,-1,19650509,1,6,3,-1,12.3,0,0,0,1,1,0,0,0,1,0,0,0,0,0,0,0,0,0,1,0,0,0,0,1,0,0,0,1,0,0.0
1998,-1,-1,-1,-1,19,266,0,-1,19650508,1,6,2,-1,32.8,0,0,0,1,1,0,0,0,1,0,0,0,0,0,0,0,0,0,0,1,0,0,0,0,1,0,0,1,0,0.0
1998,-1,-1,-1,-1,19,270,0,-1,19650510,1,6,4,-1,98.9,0,0,0,1,1,0,0,0,1,0,0,0,0,0,0,0,0,0,0,0,1,0,0,0,0,1,0,1,0,0.0
1998,-1,-1,-1,-1,24,223,0,-1,19650511,1,7,1,-1,32326.0,0,0,0,0,1,0,0,0,0,1,0,0,0,0,0,0,0,1,0,0,0,0,1,0,0,0,0,1,0,0.0
1998,-1,-1,-1,-1,24,242,0,-1,19650513,1,7,3,-1,30.4,0,0,0,1,1,0,0,0,0,1,0,0,0,0,0,0,0,0,1,0,0,0,0,1,0,0,0,1,0,0.0
1998,-1,-1,-1,-1,24,266,0,-1,19650512,1,7,2,-1,32.4,0,0,0,1,1,0,0,0,0,1,0,0,0,0,0,0,0,0,0,1,0,0,0,0,1,0,0,1,0,0.0
1998,-1,-1,-1,-1,24,270,0,-1,19650514,1,7,4,-1,51.3,0,0,0,1,1,0,0,0,0,1,0,0,0,0,0,0,0,0,0,0,1,0,0,0,0,1,0,1,0,0.0
1998,-1,-1,-1,-1,29,223,0,-1,19650515,1,8,1,-1,22175.0,0,0,0,0,1,0,0,0,0,0,1,0,0,0,0,0,0,1,0,0,0,0,1,0,0,0,0,1,0,0.0
1998,-1,-1,-1,-1,29,242,0,-1,19650517,1,8,3,-1,20.8,0,0,0,1,1,0,0,0,0,0,1,0,0,0,0,0,0,0,1,0,0,0,0,1,0,0,0,1,0,0.0
1998,-1,-1,-1,-1,29,266,0,-1,19650516,1,8,2,-1,21.1,0,0,0,1,1,0,0,0,0,0,1,0,0,0,0,0,0,0,0,1,0,0,0,0,1,0,0,1,0,0.0
1998,-1,-1,-1,-1,29,270,0,-1,19650518,1,8,4,-1,20.7,0,0,0,1,1,0,0,0,0,0,1,0,0,0,0,0,0,0,0,0,1,0,0,0,0,1,0,1,0,0.0
1998,-1,-1,-1,-1,34,223,0,-1,19650519,1,9,1,-1,16349.0,0,0,0,0,1,0,0,0,0,0,0,1,0,0,0,0,0,1,0,0,0,0,1,0,0,0,0,1,0,0.0
1998,-1,-1,-1,-1,34,242,0,-1,19650521,1,9,3,-1,15.4,0,0,0,1,1,0,0,0,0,0,0,1,0,0,0,0,0,0,1,0,0,0,0,1,0,0,0,1,0,0.0
1998,-1,-1,-1,-1,34,266,0,-1,19650520,1,9,2,-1,13.6,0,0,0,1,1,0,0,0,0,0,0,1,0,0,0,0,0,0,0,1,0,0,0,0,1,0,0,1,0,0.0
1998,-1,-1,-1,-1,34,270,0,-1,19650522,1,9,4,-1,16.1,0,0,0,1,1,0,0,0,0,0,0,1,0,0,0,0,0,0,0,0,1,0,0,0,0,1,0,1,0,0.0
1998,-1,-1,-1,-1,39,223,0,-1,19650523,1,10,1,-1,10834.0,0,0,0,0,1,0,0,0,0,0,0,0,1,0,0,0,0,1,0,0,0,0,1,0,0,0,0,1,0,0.0
1998,-1,-1,-1,-1,39,242,0,-1,19650525,1,10,3,-1,10.2,0,0,0,1,1,0,0,0,0,0,0,0,1,0,0,0,0,0,1,0,0,0,0,1,0,0,0,1,0,0.0
1998,-1,-1,-1,-1,39,266,0,-1,19650524,1,10,2,-1,8.1,0,0,0,1,1,0,0,0,0,0,0,0,1,0,0,0,0,0,0,1,0,0,0,0,1,0,0,1,0,0.0
1998,-1,-1,-1,-1,39,270,0,-1,19650526,1,10,4,-1,24.7,0,0,0,1,1,0,0,0,0,0,0,0,1,0,0,0,0,0,0,0,1,0,0,0,0,1,0,1,0,0.0
1998,-1,-1,-1,-1,999,223,0,-1,19650527,1,11,1,-1,3492.0,0,0,0,0,1,0,0,0,0,0,0,0,0,1,0,0,0,1,0,0,0,0,1,0,0,0,0,1,0,0.0
1998,-1,-1,-1,-1,999,242,0,-1,19650529,1,11,3,-1,3.3,0,0,0,1,1,0,0,0,0,0,0,0,0,1,0,0,0,0,1,0,0,0,0,1,0,0,0,1,0,0.0
1998,-1,-1,-1,-1,999,266,0,-1,19650528,1,11,2,-1,2.8,0,0,0,1,1,0,0,0,0,0,0,0,0,1,0,0,0,0,0,1,0,0,0,0,1,0,0,1,0,0.0
1998,-1,-1,-1,-1,999,270,0,-1,19650530,1,11,4,-1,51.0,0,0,0,1,1,0,0,0,0,0,0,0,0,1,0,0,0,0,0,0,1,0,0,0,0,1,0,1,0,0.0
1998,-1,-1,-1,-1,-1,223,0,-1,19650491,1,2,1,-1,3832.0,0,0,0,0,1,0,0,0,0,0,0,0,0,0,1,0,0,1,0,0,0,0,1,0,0,0,0,1,0,0.0
1998,-1,-1,-1,-1,-1,223,0,-1,19650487,1,1,1,-1,110331.0,0,0,0,0,1,0,0,0,0,0,0,0,0,0,0,1,0,1,0,0,0,0,1,0,0,0,0,1,0,0.0
1998,-1,-1,-1,-1,-1,266,0,-1,19650488,1,1,2,-1,15.7,0,0,0,1,1,0,0,0,0,0,0,0,0,0,0,1,0,0,0,1,0,0,0,0,1,0,0,1,0,0.0
1998,-1,-1,-1,-1,-1,270,0,-1,19650490,1,1,4,-1,32.2,0,0,0,1,1,0,0,0,0,0,0,0,0,0,0,1,0,0,0,0,1,0,0,0,0,1,0,1,0,0.0
1999,-1,-1,-1,-1,15,223,0,-1,19650495,1,3,1,-1,464.0,0,0,0,0,1,0,1,0,0,0,0,0,0,0,0,0,0,1,0,0,0,0,1,0,0,0,0,1,0,0.0
1999,-1,-1,-1,-1,15,242,0,-1,19650497,1,3,3,-1,0.5,0,0,0,1,1,0,1,0,0,0,0,0,0,0,0,0,0,0,1,0,0,0,0,1,0,0,0,1,0,0.0
1999,-1,-1,-1,-1,15,266,0,-1,19650496,1,3,2,-1,2.3,0,0,0,1,1,0,1,0,0,0,0,0,0,0,0,0,0,0,0,1,0,0,0,0,1,0,0,1,0,0.0
1999,-1,-1,-1,-1,15,270,0,-1,19650498,1,3,4,-1,262.1,0,0,0,1,1,0,1,0,0,0,0,0,0,0,0,0,0,0,0,0,1,0,0,0,0,1,0,1,0,0.0
1999,-1,-1,-1,-1,17,223,0,-1,19650503,1,5,1,-1,7253.0,0,0,0,0,1,0,0,1,0,0,0,0,0,0,0,0,0,1,0,0,0,0,1,0,0,0,0,1,0,0.0
1999,-1,-1,-1,-1,17,242,0,-1,19650505,1,5,3,-1,6.9,0,0,0,1,1,0,0,1,0,0,0,0,0,0,0,0,0,0,1,0,0,0,0,1,0,0,0,1,0,0.0
1999,-1,-1,-1,-1,17,266,0,-1,19650504,1,5,2,-1,12.1,0,0,0,1,1,0,0,1,0,0,0,0,0,0,0,0,0,0,0,1,0,0,0,0,1,0,0,1,0,0.0
1999,-1,-1,-1,-1,17,270,0,-1,19650506,1,5,4,-1,121.2,0,0,0,1,1,0,0,1,0,0,0,0,0,0,0,0,0,0,0,0,1,0,0,0,0,1,0,1,0,0.0
1999,-1,-1,-1,-1,19,223,0,-1,19650499,1,4,1,-1,20610.0,0,0,0,0,1,0,0,1,0,0,0,0,0,0,0,0,0,1,0,0,0,0,1,0,0,0,0,1,0,0.0
1999,-1,-1,-1,-1,19,242,0,-1,19650501,1,4,3,-1,20.6,0,0,0,1,1,0,0,1,0,0,0,0,0,0,0,0,0,0,1,0,0,0,0,1,0,0,0,1,0,0.0
1999,-1,-1,-1,-1,19,266,0,-1,19650500,1,4,2,-1,20.5,0,0,0,1,1,0,0,1,0,0,0,0,0,0,0,0,0,0,0,1,0,0,0,0,1,0,0,1,0,0.0
1999,-1,-1,-1,-1,19,270,0,-1,19650502,1,4,4,-1,109.6,0,0,0,1,1,0,0,1,0,0,0,0,0,0,0,0,0,0,0,0,1,0,0,0,0,1,0,1,0,0.0
1999,-1,-1,-1,-1,19,223,0,-1,19650507,1,6,1,-1,13357.0,0,0,0,0,1,0,0,0,1,0,0,0,0,0,0,0,0,1,0,0,0,0,1,0,0,0,0,1,0,0.0
1999,-1,-1,-1,-1,19,242,0,-1,19650509,1,6,3,-1,13.7,0,0,0,1,1,0,0,0,1,0,0,0,0,0,0,0,0,0,1,0,0,0,0,1,0,0,0,1,0,0.0
1999,-1,-1,-1,-1,19,266,0,-1,19650508,1,6,2,-1,32.9,0,0,0,1,1,0,0,0,1,0,0,0,0,0,0,0,0,0,0,1,0,0,0,0,1,0,0,1,0,0.0
1999,-1,-1,-1,-1,19,270,0,-1,19650510,1,6,4,-1,104.2,0,0,0,1,1,0,0,0,1,0,0,0,0,0,0,0,0,0,0,0,1,0,0,0,0,1,0,1,0,0.0
1999,-1,-1,-1,-1,24,223,0,-1,19650511,1,7,1,-1,32394.0,0,0,0,0,1,0,0,0,0,1,0,0,0,0,0,0,0,1,0,0,0,0,1,0,0,0,0,1,0,0.0
1999,-1,-1,-1,-1,24,242,0,-1,19650513,1,7,3,-1,30.9,0,0,0,1,1,0,0,0,0,1,0,0,0,0,0,0,0,0,1,0,0,0,0,1,0,0,0,1,0,0.0
1999,-1,-1,-1,-1,24,266,0,-1,19650512,1,7,2,-1,32.1,0,0,0,1,1,0,0,0,0,1,0,0,0,0,0,0,0,0,0,1,0,0,0,0,1,0,0,1,0,0.0
1999,-1,-1,-1,-1,24,270,0,-1,19650514,1,7,4,-1,52.7,0,0,0,1,1,0,0,0,0,1,0,0,0,0,0,0,0,0,0,0,1,0,0,0,0,1,0,1,0,0.0
1999,-1,-1,-1,-1,29,223,0,-1,19650515,1,8,1,-1,21945.0,0,0,0,0,1,0,0,0,0,0,1,0,0,0,0,0,0,1,0,0,0,0,1,0,0,0,0,1,0,0.0
1999,-1,-1,-1,-1,29,242,0,-1,19650517,1,8,3,-1,20.9,0,0,0,1,1,0,0,0,0,0,1,0,0,0,0,0,0,0,1,0,0,0,0,1,0,0,0,1,0,0.0
1999,-1,-1,-1,-1,29,266,0,-1,19650516,1,8,2,-1,21.0,0,0,0,1,1,0,0,0,0,0,1,0,0,0,0,0,0,0,0,1,0,0,0,0,1,0,0,1,0,0.0
1999,-1,-1,-1,-1,29,270,0,-1,19650518,1,8,4,-1,21.0,0,0,0,1,1,0,0,0,0,0,1,0,0,0,0,0,0,0,0,0,1,0,0,0,0,1,0,1,0,0.0
1999,-1,-1,-1,-1,34,223,0,-1,19650519,1,9,1,-1,15682.0,0,0,0,0,1,0,0,0,0,0,0,1,0,0,0,0,0,1,0,0,0,0,1,0,0,0,0,1,0,0.0
1999,-1,-1,-1,-1,34,242,0,-1,19650521,1,9,3,-1,14.3,0,0,0,1,1,0,0,0,0,0,0,1,0,0,0,0,0,0,1,0,0,0,0,1,0,0,0,1,0,0.0
1999,-1,-1,-1,-1,34,266,0,-1,19650520,1,9,2,-1,13.5,0,0,0,1,1,0,0,0,0,0,0,1,0,0,0,0,0,0,0,1,0,0,0,0,1,0,0,1,0,0.0
1999,-1,-1,-1,-1,34,270,0,-1,19650522,1,9,4,-1,15.8,0,0,0,1,1,0,0,0,0,0,0,1,0,0,0,0,0,0,0,0,1,0,0,0,0,1,0,1,0,0.0
1999,-1,-1,-1,-1,39,223,0,-1,19650523,1,10,1,-1,10625.0,0,0,0,0,1,0,0,0,0,0,0,0,1,0,0,0,0,1,0,0,0,0,1,0,0,0,0,1,0,0.0
1999,-1,-1,-1,-1,39,242,0,-1,19650525,1,10,3,-1,9.5,0,0,0,1,1,0,0,0,0,0,0,0,1,0,0,0,0,0,1,0,0,0,0,1,0,0,0,1,0,0.0
1999,-1,-1,-1,-1,39,266,0,-1,19650524,1,10,2,-1,7.9,0,0,0,1,1,0,0,0,0,0,0,0,1,0,0,0,0,0,0,1,0,0,0,0,1,0,0,1,0,0.0
1999,-1,-1,-1,-1,39,270,0,-1,19650526,1,10,4,-1,23.5,0,0,0,1,1,0,0,0,0,0,0,0,1,0,0,0,0,0,0,0,1,0,0,0,0,1,0,1,0,0.0
1999,-1,-1,-1,-1,999,223,0,-1,19650527,1,11,1,-1,3714.0,0,0,0,0,1,0,0,0,0,0,0,0,0,1,0,0,0,1,0,0,0,0,1,0,0,0,0,1,0,0.0
1999,-1,-1,-1,-1,999,242,0,-1,19650529,1,11,3,-1,3.3,0,0,0,1,1,0,0,0,0,0,0,0,0,1,0,0,0,0,1,0,0,0,0,1,0,0,0,1,0,0.0
1999,-1,-1,-1,-1,999,266,0,-1,19650528,1,11,2,-1,2.9,0,0,0,1,1,0,0,0,0,0,0,0,0,1,0,0,0,0,0,1,0,0,0,0,1,0,0,1,0,0.0
1999,-1,-1,-1,-1,999,270,0,-1,19650530,1,11,4,-1,50.4,0,0,0,1,1,0,0,0,0,0,0,0,0,1,0,0,0,0,0,0,1,0,0,0,0,1,0,1,0,0.0
1999,-1,-1,-1,-1,-1,223,0,-1,19650491,1,2,1,-1,232.0,0,0,0,0,1,0,0,0,0,0,0,0,0,0,1,0,0,1,0,0,0,0,1,0,0,0,0,1,0,0.0
1999,-1,-1,-1,-1,-1,223,0,-1,19650487,1,1,1,-1,105666.0,0,0,0,0,1,0,0,0,0,0,0,0,0,0,0,1,0,1,0,0,0,0,1,0,0,0,0,1,0,0.0
1999,-1,-1,-1,-1,-1,266,0,-1,19650488,1,1,2,-1,15.0,0,0,0,1,1,0,0,0,0,0,0,0,0,0,0,1,0,0,0,1,0,0,0,0,1,0,0,1,0,0.0
1999,-1,-1,-1,-1,-1,270,0,-1,19650490,1,1,4,-1,31.3,0,0,0,1,1,0,0,0,0,0,0,0,0,0,0,1,0,0,0,0,1,0,0,0,0,1,0,1,0,0.0
2000,-1,-1,-1,-1,15,223,0,-1,19650495,1,3,1,-1,389.0,0,0,0,0,1,0,1,0,0,0,0,0,0,0,0,0,0,1,0,0,0,0,1,0,0,0,0,1,0,0.0
2000,-1,-1,-1,-1,15,242,0,-1,19650497,1,3,3,-1,0.4,0,0,0,1,1,0,1,0,0,0,0,0,0,0,0,0,0,0,1,0,0,0,0,1,0,0,0,1,0,0.0
2000,-1,-1,-1,-1,15,266,0,-1,19650496,1,3,2,-1,1.9,0,0,0,1,1,0,1,0,0,0,0,0,0,0,0,0,0,0,0,1,0,0,0,0,1,0,0,1,0,0.0
2000,-1,-1,-1,-1,15,270,0,-1,19650498,1,3,4,-1,254.2,0,0,0,1,1,0,1,0,0,0,0,0,0,0,0,0,0,0,0,0,1,0,0,0,0,1,0,1,0,0.0
2000,-1,-1,-1,-1,17,223,0,-1,19650503,1,5,1,-1,7369.0,0,0,0,0,1,0,0,1,0,0,0,0,0,0,0,0,0,1,0,0,0,0,1,0,0,0,0,1,0,0.0
2000,-1,-1,-1,-1,17,242,0,-1,19650505,1,5,3,-1,7.0,0,0,0,1,1,0,0,1,0,0,0,0,0,0,0,0,0,0,1,0,0,0,0,1,0,0,0,1,0,0.0
2000,-1,-1,-1,-1,17,266,0,-1,19650504,1,5,2,-1,12.2,0,0,0,1,1,0,0,1,0,0,0,0,0,0,0,0,0,0,0,1,0,0,0,0,1,0,0,1,0,0.0
2000,-1,-1,-1,-1,17,270,0,-1,19650506,1,5,4,-1,137.2,0,0,0,1,1,0,0,1,0,0,0,0,0,0,0,0,0,0,0,0,1,0,0,0,0,1,0,1,0,0.0
2000,-1,-1,-1,-1,19,223,0,-1,19650499,1,4,1,-1,20426.0,0,0,0,0,1,0,0,1,0,0,0,0,0,0,0,0,0,1,0,0,0,0,1,0,0,0,0,1,0,0.0
2000,-1,-1,-1,-1,19,242,0,-1,19650501,1,4,3,-1,19.4,0,0,0,1,1,0,0,1,0,0,0,0,0,0,0,0,0,0,1,0,0,0,0,1,0,0,0,1,0,0.0
2000,-1,-1,-1,-1,19,266,0,-1,19650500,1,4,2,-1,20.2,0,0,0,1,1,0,0,1,0,0,0,0,0,0,0,0,0,0,0,1,0,0,0,0,1,0,0,1,0,0.0
2000,-1,-1,-1,-1,19,270,0,-1,19650502,1,4,4,-1,117.7,0,0,0,1,1,0,0,1,0,0,0,0,0,0,0,0,0,0,0,0,1,0,0,0,0,1,0,1,0,0.0
2000,-1,-1,-1,-1,19,223,0,-1,19650507,1,6,1,-1,13057.0,0,0,0,0,1,0,0,0,1,0,0,0,0,0,0,0,0,1,0,0,0,0,1,0,0,0,0,1,0,0.0
2000,-1,-1,-1,-1,19,242,0,-1,19650509,1,6,3,-1,12.4,0,0,0,1,1,0,0,0,1,0,0,0,0,0,0,0,0,0,1,0,0,0,0,1,0,0,0,1,0,0.0
2000,-1,-1,-1,-1,19,266,0,-1,19650508,1,6,2,-1,32.0,0,0,0,1,1,0,0,0,1,0,0,0,0,0,0,0,0,0,0,1,0,0,0,0,1,0,0,1,0,0.0
2000,-1,-1,-1,-1,19,270,0,-1,19650510,1,6,4,-1,109.0,0,0,0,1,1,0,0,0,1,0,0,0,0,0,0,0,0,0,0,0,1,0,0,0,0,1,0,1,0,0.0
2000,-1,-1,-1,-1,24,223,0,-1,19650511,1,7,1,-1,32561.0,0,0,0,0,1,0,0,0,0,1,0,0,0,0,0,0,0,1,0,0,0,0,1,0,0,0,0,1,0,0.0
2000,-1,-1,-1,-1,24,242,0,-1,19650513,1,7,3,-1,30.9,0,0,0,1,1,0,0,0,0,1,0,0,0,0,0,0,0,0,1,0,0,0,0,1,0,0,0,1,0,0.0
2000,-1,-1,-1,-1,24,266,0,-1,19650512,1,7,2,-1,31.9,0,0,0,1,1,0,0,0,0,1,0,0,0,0,0,0,0,0,0,1,0,0,0,0,1,0,0,1,0,0.0
2000,-1,-1,-1,-1,24,270,0,-1,19650514,1,7,4,-1,54.7,0,0,0,1,1,0,0,0,0,1,0,0,0,0,0,0,0,0,0,0,1,0,0,0,0,1,0,1,0,0.0
2000,-1,-1,-1,-1,29,223,0,-1,19650515,1,8,1,-1,21690.0,0,0,0,0,1,0,0,0,0,0,1,0,0,0,0,0,0,1,0,0,0,0,1,0,0,0,0,1,0,0.0
2000,-1,-1,-1,-1,29,242,0,-1,19650517,1,8,3,-1,20.6,0,0,0,1,1,0,0,0,0,0,1,0,0,0,0,0,0,0,1,0,0,0,0,1,0,0,0,1,0,0.0
2000,-1,-1,-1,-1,29,266,0,-1,19650516,1,8,2,-1,20.8,0,0,0,1,1,0,0,0,0,0,1,0,0,0,0,0,0,0,0,1,0,0,0,0,1,0,0,1,0,0.0
2000,-1,-1,-1,-1,29,270,0,-1,19650518,1,8,4,-1,21.5,0,0,0,1,1,0,0,0,0,0,1,0,0,0,0,0,0,0,0,0,1,0,0,0,0,1,0,1,0,0.0
2000,-1,-1,-1,-1,34,223,0,-1,19650519,1,9,1,-1,15763.0,0,0,0,0,1,0,0,0,0,0,0,1,0,0,0,0,0,1,0,0,0,0,1,0,0,0,0,1,0,0.0
2000,-1,-1,-1,-1,34,242,0,-1,19650521,1,9,3,-1,15.0,0,0,0,1,1,0,0,0,0,0,0,1,0,0,0,0,0,0,1,0,0,0,0,1,0,0,0,1,0,0.0
2000,-1,-1,-1,-1,34,266,0,-1,19650520,1,9,2,-1,13.9,0,0,0,1,1,0,0,0,0,0,0,1,0,0,0,0,0,0,0,1,0,0,0,0,1,0,0,1,0,0.0
2000,-1,-1,-1,-1,34,270,0,-1,19650522,1,9,4,-1,16.4,0,0,0,1,1,0,0,0,0,0,0,1,0,0,0,0,0,0,0,0,1,0,0,0,0,1,0,1,0,0.0
2000,-1,-1,-1,-1,39,223,0,-1,19650523,1,10,1,-1,10611.0,0,0,0,0,1,0,0,0,0,0,0,0,1,0,0,0,0,1,0,0,0,0,1,0,0,0,0,1,0,0.0
2000,-1,-1,-1,-1,39,242,0,-1,19650525,1,10,3,-1,10.1,0,0,0,1,1,0,0,0,0,0,0,0,1,0,0,0,0,0,1,0,0,0,0,1,0,0,0,1,0,0.0
2000,-1,-1,-1,-1,39,266,0,-1,19650524,1,10,2,-1,7.9,0,0,0,1,1,0,0,0,0,0,0,0,1,0,0,0,0,0,0,1,0,0,0,0,1,0,0,1,0,0.0
2000,-1,-1,-1,-1,39,270,0,-1,19650526,1,10,4,-1,23.4,0,0,0,1,1,0,0,0,0,0,0,0,1,0,0,0,0,0,0,0,1,0,0,0,0,1,0,1,0,0.0
2000,-1,-1,-1,-1,999,223,0,-1,19650527,1,11,1,-1,3768.0,0,0,0,0,1,0,0,0,0,0,0,0,0,1,0,0,0,1,0,0,0,0,1,0,0,0,0,1,0,0.0
2000,-1,-1,-1,-1,999,242,0,-1,19650529,1,11,3,-1,3.6,0,0,0,1,1,0,0,0,0,0,0,0,0,1,0,0,0,0,1,0,0,0,0,1,0,0,0,1,0,0.0
2000,-1,-1,-1,-1,999,266,0,-1,19650528,1,11,2,-1,2.9,0,0,0,1,1,0,0,0,0,0,0,0,0,1,0,0,0,0,0,1,0,0,0,0,1,0,0,1,0,0.0
2000,-1,-1,-1,-1,999,270,0,-1,19650530,1,11,4,-1,47.6,0,0,0,1,1,0,0,0,0,0,0,0,0,1,0,0,0,0,0,0,1,0,0,0,0,1,0,1,0,0.0
2000,-1,-1,-1,-1,-1,223,0,-1,19650491,1,2,1,-1,219.0,0,0,0,0,1,0,0,0,0,0,0,0,0,0,1,0,0,1,0,0,0,0,1,0,0,0,0,1,0,0.0
2000,-1,-1,-1,-1,-1,223,0,-1,19650487,1,1,1,-1,105427.0,0,0,0,0,1,0,0,0,0,0,0,0,0,0,0,1,0,1,0,0,0,0,1,0,0,0,0,1,0,0.0
2000,-1,-1,-1,-1,-1,266,0,-1,19650488,1,1,2,-1,15.0,0,0,0,1,1,0,0,0,0,0,0,0,0,0,0,1,0,0,0,1,0,0,0,0,1,0,0,1,0,0.0
2000,-1,-1,-1,-1,-1,270,0,-1,19650490,1,1,4,-1,32.2,0,0,0,1,1,0,0,0,0,0,0,0,0,0,0,1,0,0,0,0,1,0,0,0,0,1,0,1,0,0.0
